seq,fold,mfe1,mfe2,icshape,binding,rpkm,relatelen,utrrate,predicted_score
0.22745389,0.06462964,0.098412,0.17185605,0.0,0.42016548,4.74635e-06,0.010764039,0.0067141545,-0.0064748526
0.24270536,0.044289015,0.012866807,0.006914268,0.0,0.653972,2.0541967e-05,0.01288319,0.026348699,-0.013018124
0.1956138,0.09791988,0.048033167,0.10472331,0.0,0.5080173,7.3496512e-06,0.005974682,0.03971049,0.03771878
0.29134023,0.03081817,0.06639472,0.200153,0.0,0.40298092,1.3259041e-05,0.0035209788,0.0047787274,0.007921763
0.20653011,0.057442818,0.035544124,0.051749308,0.0,0.6267613,1.4596885e-05,0.0115692485,0.010388482,0.0065357313
0.23977783,0.0678949,0.050868418,0.1744441,0.0,0.42323488,1.3154005e-05,0.0103864,0.033380263,-0.06880199
0.20092824,0.038809527,0.088318735,0.2673589,0.0,0.37200382,8.4443045e-06,0.008613783,0.023958538,0.03141077
0.16188467,0.080029376,0.024538651,0.14059463,0.0,0.5229354,1.1534486e-05,0.0047805603,0.0652252,0.04281982
0.16003408,0.0730334,0.051074415,0.22494397,0.0,0.4417436,1.6764404e-06,0.005467039,0.043701876,0.033681028
0.17288257,0.07985198,0.056627985,0.19398978,0.0,0.45632604,1.3980987e-05,0.015246641,0.025060982,0.015196659
0.22142331,0.15730406,0.014174535,0.08444575,0.0,0.4966089,1.5668224e-05,0.0027195069,0.02330828,0.012492932
0.24052101,0.07872993,0.06383898,0.17617355,0.0,0.41855404,2.179161e-06,0.012518119,0.009662176,-0.015151165
0.20406978,0.04333084,0.044911332,0.28360972,0.0,0.39052302,3.5572276e-07,0.0078381365,0.02571683,0.00095921755
0.2730274,0.035179332,0.066863984,0.23096627,0.0,0.3679123,7.271921e-06,0.010428402,0.015614991,-0.05361916
0.20415333,0.08655465,0.07945993,0.1591707,0.0,0.4334714,1.0904453e-05,0.0127944,0.024384674,-0.068206124
0.2661646,0.055240534,0.053494167,0.24488309,0.0,0.3531648,3.924421e-06,0.0127718635,0.014276992,-0.0023587868
0.25764298,0.06727085,0.053212523,0.22337504,0.0,0.3705446,2.973046e-06,0.004705298,0.023245782,-0.019682627
0.1966719,0.065366566,0.06858791,0.2483125,0.0,0.39756328,9.460066e-06,0.004249465,0.01923892,-0.030110873
0.31371614,0.060133256,0.0011982478,0.07963925,0.0,0.49956036,1.4087243e-05,0.00612308,0.039615568,0.040067382
0.21332474,0.04888573,0.029281735,0.21336524,0.0,0.4677733,1.1218707e-05,0.006677456,0.020680511,0.015053138
0.27374873,0.08142876,0.057952724,0.09128475,0.0,0.47022766,2.662141e-06,0.0093653295,0.01598943,0.00633204
0.19974601,0.057473745,0.11085912,0.1592644,0.0,0.4441298,8.635471e-06,0.010238005,0.01828026,-0.078362904
0.19517545,0.060302824,0.07144465,0.10257888,0.0,0.5354913,1.0453971e-05,0.016093673,0.018902766,0.012231261
0.28319925,0.07802576,0.09405575,0.06879749,0.0,0.45579585,4.8985953e-06,0.011024338,0.009096666,0.012646288
0.2416217,0.08249599,0.050105296,0.038279627,0.0,0.561394,7.77067e-06,0.009825122,0.016270466,0.0038937852
0.20470743,0.07223391,0.09661792,0.08445527,0.0,0.5024382,3.1459845e-06,0.014108416,0.025435746,0.00582774
0.15135305,0.069277234,0.06483171,0.16291973,0.0,0.5299375,1.019459e-05,0.008200564,0.013469992,0.021210067
0.3015746,0.023274763,0.0652678,0.117524356,0.0,0.46995148,8.690569e-06,0.011291667,0.011106683,0.024218902
0.1763021,0.07442014,0.10333239,0.08927621,0.0,0.52604336,9.849871e-06,0.0129660275,0.017649993,-0.014718723
0.29733542,0.13067298,0.013152006,0.023623874,0.0,0.4921742,2.5887286e-06,0.0034140404,0.039624937,0.02201724
0.27721584,0.03190035,0.057110872,0.13142027,0.0,0.47410238,3.028599e-06,0.0074344487,0.02081284,0.031576388
0.22318326,0.052544385,0.059883475,0.13095964,0.0,0.50672436,2.9993728e-06,0.010803636,0.015898213,0.0033085048
0.18815991,0.06847101,0.08339931,0.14431173,0.0,0.4892609,1.0111582e-05,0.012767945,0.013619049,-0.06326775
0.22234364,0.06727853,0.06892449,0.14552224,0.0,0.4718129,1.2672918e-05,0.0107538365,0.013351722,-0.037873674
0.20012854,0.07330235,0.09527518,0.08036203,0.0,0.5254077,1.2434901e-05,0.010566434,0.014945341,0.0010792986
0.21160613,0.056449648,0.05770234,0.12710321,0.0,0.5236479,1.8342082e-05,0.014707245,0.008765256,-0.051896907
0.2374235,0.05496161,0.06813748,0.17186981,0.0,0.43459433,1.6391197e-06,0.010053048,0.02295851,0.016086012
0.22531778,0.06394302,0.0726284,0.09277079,0.0,0.51807034,8.451789e-07,0.013398099,0.0138706425,-0.009168096
0.23618414,0.05863767,0.082173534,0.15068987,0.0,0.44382894,1.0359134e-05,0.011086013,0.017389568,-0.03584913
0.2351291,0.059176363,0.053010914,0.13701582,0.0,0.48011127,1.3285273e-05,0.0129948985,0.022548428,-0.081071064
0.14564653,0.060062874,0.098377414,0.15872249,0.0,0.51818436,1.0883642e-05,0.011827065,0.0071684453,-0.018077403
0.33058703,0.065205716,0.043716274,0.0041210037,0.0,0.5267344,1.1649218e-05,0.0020311982,0.027592732,0.030762933
0.28074643,0.07479458,0.03537578,0.029966617,0.0,0.553506,3.2222235e-06,0.0076082386,0.01799899,0.0025445
0.25927135,0.13247302,0.00789283,0.03928063,0.0,0.5222283,6.580834e-06,0.007179375,0.031667877,0.010395892
0.19327024,0.048339292,0.13482137,0.13994463,0.0,0.43789795,2.6559046e-05,0.0036924365,0.042007472,0.023512296
0.32637724,0.025887625,0.04739631,0.051161777,0.0,0.4995836,1.2617824e-05,0.0018446118,0.04773621,0.05357772
0.2664976,0.024672458,0.06527982,0.04549279,0.0,0.5536007,4.6580357e-07,0.008895792,0.035560377,-0.00050824136
0.23605935,0.07913517,0.07279461,0.18996768,0.0,0.4006274,8.76121e-06,0.0063958475,0.015011237,0.04145296
0.24921153,0.0671071,0.06899279,0.14356065,0.0,0.43923032,2.954485e-06,0.0032172082,0.028677437,0.02957841
0.14185244,0.113945894,0.022680078,0.11514809,0.0,0.5440432,1.7663833e-05,0.00873961,0.053572956,0.0961935
0.19330718,0.11695581,0.08818486,0.14880484,0.0,0.40027782,5.108002e-06,0.005429824,0.047034524,0.040843666
0.18539472,0.098616466,0.013577811,0.20815368,0.0,0.43267748,8.136587e-06,0.0106679415,0.050903823,-0.0061398894
0.18767434,0.08479743,0.057634052,0.19092312,0.0,0.4175386,1.2411781e-05,0.008879037,0.052541025,0.020770937
0.21070576,0.08936287,0.09099224,0.07475642,0.0,0.48891544,9.425844e-06,0.008976738,0.036281064,0.0728598
0.22507396,0.08112319,0.054706704,0.3191015,0.0,0.2903259,7.726385e-07,0.0029737677,0.026694154,0.030947216
0.26693448,0.11114191,0.009071524,0.19209285,0.0,0.37347847,4.934879e-06,0.010489153,0.036786683,-0.03452599
0.3162764,0.06463484,0.023535125,0.2656477,0.0,0.30222285,4.515159e-06,0.005870017,0.021808567,0.02059751
0.27797762,0.11450366,0.025006793,0.27718946,0.0,0.272753,4.2469273e-06,0.0049395706,0.027625706,0.021599948
0.30147257,0.10641641,0.020894969,0.2657051,0.0,0.27815935,1.4801676e-06,0.005384829,0.021965321,-0.03325863
0.2303845,0.07599866,0.0009259942,0.0688313,0.0,0.5550694,9.505753e-06,0.008179396,0.060601205,0.08388596
0.26440525,0.071110286,0.05830343,0.06214049,0.0,0.4909665,1.2152001e-05,0.00546696,0.047594875,0.078647815
0.35593623,0.10892261,0.03132117,0.13875936,0.0,0.33331028,2.30426e-06,0.008728799,0.023019252,-0.018296499
0.19304287,0.07432967,0.0872796,0.028434584,0.0,0.5636211,1.03824705e-05,0.0073811463,0.045900557,0.08319918
0.2731827,0.08119167,0.0012570503,0.112887256,0.0,0.5020269,2.5399338e-05,0.0014882132,0.02794087,0.07016338
0.19193491,0.093458295,0.06262286,0.076739214,0.0,0.53253305,1.4130381e-05,0.0030075002,0.03969003,0.07409831
0.21273334,0.12785532,0.022436986,0.124612905,0.0,0.4754379,8.961446e-06,0.0051085106,0.03180607,0.07890602
0.17411481,0.07875513,0.024700124,0.0026775245,0.0,0.64450026,1.2873898e-05,0.0103782285,0.06486102,0.09453028
0.2254545,0.08171649,0.07552582,0.21606193,0.0,0.35410374,4.2210395e-06,0.010590214,0.036543064,-0.045632467
0.27555677,0.12796776,0.04728057,0.22515367,0.0,0.29349178,1.7210754e-06,0.008078157,0.022469673,-0.011580475
0.25121358,0.05916475,0.036023438,0.15624931,0.0,0.44773266,2.9150774e-06,0.015070636,0.034542635,-0.47095665
0.23000537,0.124062985,0.010270816,0.1603136,0.0,0.4191404,3.3198282e-06,0.011236693,0.04496692,-0.064502805
0.27692455,0.08032107,0.09832044,0.17141604,0.0,0.34501594,7.4068357e-06,0.004725851,0.023268668,0.03509645
0.267863,0.07740329,0.041614253,0.19817938,0.0,0.38732108,1.7966623e-07,0.011543245,0.0160756,0.042660736
0.23645966,0.13139828,0.038673677,0.24788673,0.0,0.3216137,5.388339e-06,0.0077163787,0.016246172,0.041582145
0.19723293,0.11005909,0.04935382,0.1612124,0.0,0.41905794,6.438162e-08,0.0051414534,0.057942383,0.023944907
0.26955453,0.062481,0.06852404,0.17316839,0.0,0.4081699,9.93301e-06,0.0062127,0.011879575,0.053690434
0.25050658,0.054831713,0.063319206,0.13616386,0.0,0.4662755,3.7127825e-06,0.0070302594,0.021869132,0.06741456
0.23872277,0.066194445,0.04991853,0.0063357814,0.0,0.6065985,6.3206294e-06,0.005585931,0.026637841,0.06634704
0.30410764,0.08702456,0.03965485,0.06380311,0.0,0.47318566,2.8405539e-06,0.010567993,0.021653363,-0.0074514113
0.29917392,0.09259191,0.018902078,0.14407468,0.0,0.40458912,1.40815155e-05,0.00622235,0.034431893,-0.10682567
0.22437096,0.06144978,0.09888092,0.22006159,0.0,0.37623778,7.247867e-06,0.005142004,0.013849682,0.044536225
0.24653393,0.09183583,0.0608897,0.15960832,0.0,0.40061703,2.951311e-06,0.008159192,0.032352995,0.03935512
0.23383711,0.050357077,0.031621393,0.13606516,0.0,0.5111581,7.702119e-06,0.005106954,0.031846453,0.052175544
0.27979603,0.051536653,0.06423706,0.1675097,0.0,0.3997292,8.833376e-06,0.007272088,0.029910434,0.03188727
0.24083175,0.033552367,0.070358135,0.17474155,0.0,0.44792208,3.9434726e-06,0.0066192183,0.025970897,0.07459704
0.30135602,0.08513384,0.006251825,0.19821404,0.0,0.3757651,8.628447e-06,0.006681111,0.02658935,-0.12751523
0.29854015,0.058978084,0.026982669,0.17026089,0.0,0.39911267,5.598064e-06,0.008089206,0.038030777,-0.2316367
0.2661915,0.08251609,0.09757131,0.075170584,0.0,0.45166028,1.1454193e-05,0.0028040134,0.024074735,0.059929498
0.2630921,0.066251524,0.04257921,0.16885425,0.0,0.40812346,6.0378244e-07,0.0063115526,0.044787277,0.043616675
0.2592012,0.04213423,0.06811303,0.23326305,0.0,0.36285204,2.8504112e-06,0.008322698,0.026110917,0.026849248
0.24980058,0.08468587,0.011642071,0.18382773,0.0,0.44611368,3.807774e-06,0.005963866,0.017962413,0.05930441
0.25376445,0.09614872,0.021427048,0.032970708,0.0,0.55766475,9.144894e-06,0.0075165723,0.030498624,0.07561653
0.23341724,0.057827517,0.06890124,0.2425643,0.0,0.37322468,9.192036e-06,0.005115892,0.018939925,0.042167015
0.23453091,0.08211053,0.033497237,0.04874573,0.0,0.579226,1.4518119e-05,0.006997369,0.014877602,0.072366245
0.18267559,0.11410201,0.035405707,0.0018150458,0.0,0.6263403,6.9385833e-06,0.00595384,0.033700507,0.08315732
0.2569866,0.1145335,0.0739464,0.07844809,0.0,0.4532783,2.1021506e-06,0.0068984767,0.015906628,0.0564142
0.26385766,0.094707884,0.0639111,0.029396124,0.0,0.5189079,3.6589705e-07,0.009657917,0.019561034,0.061119862
0.2447015,0.091655724,0.05550722,0.20846419,0.0,0.3768996,6.9314847e-06,0.0048732306,0.017891599,0.027087398
0.25606373,0.076086834,0.050981138,0.007333325,0.0,0.56566054,1.28162355e-05,0.0054765027,0.038385093,0.0648999
0.26320267,0.0958125,0.032262325,0.19589812,0.0,0.36797264,4.1401518e-06,0.006878244,0.037969414,0.03252884
0.21580821,0.08298418,0.04003861,0.17557634,0.0,0.4363459,7.974971e-06,0.0049619004,0.04427687,-0.058921017
0.2653112,0.041520055,0.07643155,0.19490771,0.0,0.39352238,4.7045082e-06,0.0062145954,0.02208783,0.0273107
0.25506416,0.09332512,0.04689667,0.16363475,0.0,0.39775035,8.461323e-06,0.0075172763,0.035803158,0.042431943
0.28681213,0.05552192,0.042318188,0.06901281,0.0,0.5362002,5.016366e-06,0.0026373568,0.0074923052,0.055775113
0.2337598,0.039876316,0.083379455,0.24186966,0.0,0.38289925,1.2715317e-05,0.0069810445,0.01122171,0.047512725
0.24550007,0.085496254,0.026508044,0.07599968,0.0,0.5050925,7.1252484e-06,0.008170506,0.05322585,0.009634033
0.2281405,0.0844589,0.023017034,0.081519425,0.0,0.55967534,1.2489244e-05,0.0043693725,0.0188069,0.0664295
0.22196041,0.07202681,0.04362444,0.012011499,0.0,0.6129247,1.1887625e-05,0.011926402,0.02551388,0.06463916
0.19061731,0.06271066,0.08439976,0.23252395,0.0,0.38239452,6.0494167e-06,0.0066878535,0.04065991,-0.027705573
0.24023391,0.032044116,0.101984374,0.19378507,0.0,0.39923894,2.3139019e-06,0.008426416,0.02428487,0.056381665
0.25223747,0.1044293,0.07597632,0.005522021,0.0,0.5097982,1.3418232e-05,0.0066457917,0.045377526,0.05965046
0.30983096,0.065763324,0.018917395,0.17769508,0.0,0.39638093,1.5916867e-06,0.0060786707,0.025331976,0.04566531
0.2533966,0.064963214,0.029405812,0.12917474,0.0,0.48248422,1.6740771e-06,0.008089263,0.032484468,0.055889197
0.23035733,0.041126136,0.031116765,0.09000349,0.0,0.56891507,9.626993e-06,0.0053994204,0.033072166,0.06606377
0.21141116,0.073000096,0.07486499,0.18817024,0.0,0.40335774,4.039372e-06,0.007019931,0.042171802,-0.025793262
0.19992287,0.074815035,0.026263366,0.09921544,0.0,0.5599349,6.512125e-06,0.004937462,0.03490444,0.069690354
0.23840529,0.073193915,0.017883297,0.057415307,0.0,0.58406913,5.1469633e-06,0.0045577157,0.024470149,0.06468309
0.24691063,0.06574496,0.089214236,0.17870177,0.0,0.3917993,7.066414e-06,0.008207677,0.019414334,0.05499118
0.28269044,0.08490807,0.00064158964,0.034116395,0.0,0.5773842,6.659474e-06,0.004794639,0.015458048,0.06522376
0.18692145,0.08155783,0.08873064,0.19553481,0.0,0.4183725,8.3445475e-06,0.0068197376,0.022054736,0.042885035
0.24955505,0.106163695,0.031714965,0.18849024,0.0,0.38040897,6.7111173e-06,0.009516501,0.034143858,0.013222791
0.19059479,0.14655396,0.005307645,0.0015655311,0.0,0.592852,1.6614149e-05,0.007068062,0.056041438,0.06741666
0.26387477,0.07646087,0.0915003,0.04054174,0.0,0.50862074,1.2570953e-05,0.0050556757,0.013933344,0.060821287
0.2840521,0.079793796,0.0677189,0.060699906,0.0,0.4922884,1.4149764e-05,0.004381829,0.011050961,0.061610036
0.21901186,0.10383775,0.03585424,0.016808538,0.0,0.5859695,2.1695167e-05,0.0049397624,0.033556633,0.07185248
0.28163895,0.09220667,0.009525193,0.041754678,0.0,0.5295816,3.7481573e-06,0.0069498587,0.038339242,0.07844948
0.23334095,0.07469649,0.10542033,0.04158645,0.0,0.5195498,1.0682887e-06,0.0061942334,0.019210743,0.05792538
0.21971776,0.094149925,0.10449947,0.07171588,0.0,0.47808295,4.6609416e-06,0.00726658,0.024562774,0.048390143
0.24821444,0.123211674,0.019410962,0.13098797,0.0,0.42610866,2.5137133e-06,0.010566183,0.04149762,0.02012343
0.223723,0.04262786,0.09401912,0.24111584,0.0,0.36334977,7.446245e-06,0.006278929,0.028878024,0.05871319
0.28004673,0.065347575,0.028647942,0.10390994,0.0,0.4747329,6.239168e-06,0.008164296,0.03914439,0.04383058
0.32651144,0.070010364,0.04141678,0.14008474,0.0,0.3802869,4.501489e-07,0.0069806157,0.03470877,0.050678335
0.3244813,0.05471418,0.02118759,0.2088959,0.0,0.35866922,2.1294393e-06,0.0074201673,0.024629481,-0.051248517
0.2538788,0.08221797,0.04069965,0.07534656,0.0,0.52586734,1.8308468e-05,0.0137713,0.008200049,0.047322817
0.21755499,0.08376504,0.054348834,0.117205665,0.0,0.5108588,8.611385e-06,0.0064565055,0.0098015955,0.054128863
0.20576003,0.12566057,0.034561638,0.15018559,0.0,0.4386557,1.8105122e-05,0.0036222877,0.041536078,0.053898387
0.20083004,0.036344945,0.07289606,0.25797683,0.0,0.3920057,3.5410326e-07,0.009505656,0.03044041,0.014145784
0.2559866,0.09677016,0.024791673,0.1519728,0.0,0.44572005,8.185795e-06,0.0013946538,0.023355883,0.050952047
0.18578266,0.09904247,0.0749558,0.18157546,0.0,0.43918008,1.2593836e-05,0.0022275134,0.01722337,0.054184966
0.19787681,0.15523492,0.018958561,0.12019737,0.0,0.49692,6.431118e-07,0.002553744,0.00825798,0.07667943
0.23278207,0.0809194,0.039642137,0.28444758,0.0,0.33956528,1.0724319e-05,0.0047401967,0.017892644,0.03588905
0.2307971,0.03447921,0.050066754,0.10795664,0.0,0.51212066,1.1859564e-05,0.004258731,0.060309026,0.041093893
0.2644401,0.057343926,0.078664415,0.06572949,0.0,0.5113788,2.149642e-06,0.005940192,0.016500894,0.0693653
0.22232862,0.06007954,0.10877316,0.103241526,0.0,0.48448223,5.1624897e-06,0.0065156547,0.0145740695,0.05891121
0.40334058,0.040436834,0.020124,0.08228291,0.0,0.3902364,1.0347933e-05,0.00672515,0.056843694,0.048429452
0.23435548,0.05059738,0.101774186,0.21782799,0.0,0.3717697,4.57208e-06,0.008972297,0.014698371,0.050292008
0.26932418,0.071858115,0.0418294,0.08212891,0.0,0.51248604,1.0049336e-05,0.007828729,0.014534576,0.047910854
0.17794815,0.084965475,0.0020802687,0.18711057,0.0,0.52734005,1.6357188e-05,0.0055231187,0.015016013,0.076276846
0.19115561,0.07314436,0.061535932,0.1881165,0.0,0.45432556,1.7293344e-06,0.0060384944,0.02568181,0.05258581
0.27828935,0.110585235,0.01685726,0.019840574,0.0,0.55839694,4.838195e-06,0.004936304,0.011089474,0.05678858
0.1623377,0.0587321,0.14499296,0.16788837,0.0,0.42244366,4.1181092e-06,0.007974588,0.035626482,0.06348524
0.26857695,0.07360804,0.026746444,0.05796513,0.0,0.5386681,1.3919695e-05,0.011061326,0.023360115,0.0661189
0.2249158,0.034150444,0.05302061,0.20007274,0.0,0.4554967,9.245183e-06,0.0073201647,0.025014354,0.03565918
0.17453213,0.102181196,0.011251775,0.1784283,0.0,0.49983463,1.0189522e-06,0.005172191,0.028598819,0.055010937
0.30360192,0.085098095,0.012578056,0.089069545,0.0,0.47945186,7.3093033e-06,0.004732286,0.025460906,0.0487791
0.23019084,0.085250586,0.06116792,0.11158587,0.0,0.47852087,1.2357764e-06,0.015198486,0.018084107,0.061207898
0.16836245,0.102596335,0.07630718,0.16545089,0.0,0.47006992,8.309134e-06,0.0075958828,0.009609032,0.042814113
0.22058365,0.117182724,0.008856758,0.022924466,0.0,0.5890945,5.816936e-07,0.010214877,0.031142376,0.06647771
0.2384331,0.07533387,0.04051523,0.16289847,0.0,0.4604056,7.4511185e-08,0.00562198,0.016791742,0.063306876
0.19678438,0.10060731,0.008841409,0.08357332,0.0,0.5222421,3.7878349e-06,0.026171114,0.06177658,0.045096852
0.25598845,0.067301184,0.026991516,0.07685433,0.0,0.53119165,6.330059e-07,0.006257011,0.03541521,0.059761815
0.21442936,0.057679757,0.07652441,0.22758578,0.0,0.398302,6.287663e-06,0.009257318,0.016215077,0.053421095
0.20056997,0.06519595,0.06476297,0.18708526,0.0,0.46025318,7.397133e-06,0.0014529688,0.020672338,0.03500434
0.19615062,0.10198358,0.03714073,0.14375815,0.0,0.48034412,8.460092e-06,0.008690854,0.031923573,0.045721926
0.24244604,0.07178017,0.09111424,0.0,0.0,0.54631525,8.72623e-06,0.0045815697,0.04375404,0.042331822
0.20454308,0.070406236,0.0691806,0.048401143,0.0,0.5537643,3.2129657e-05,0.005562946,0.04810957,0.041193493
0.23779774,0.07498668,0.029094193,0.031261943,0.0,0.59048796,1.1340259e-05,0.012223067,0.02413713,0.054769017
0.21702921,0.06701905,0.08264247,0.17170896,0.0,0.44100353,1.7129063e-06,0.008894329,0.011700741,0.028019674
0.2018706,0.07573286,0.055918615,0.2071834,0.0,0.42208612,6.0003786e-06,0.0072895233,0.029912923,0.03871026
0.19177534,0.11843,0.053370114,0.19176582,0.0,0.42471465,4.409569e-06,0.003512643,0.016426954,0.039401688
0.172653,0.07108814,0.08458021,0.19449769,0.0,0.42169246,1.7388425e-05,0.0046681184,0.050803028,0.0703712
0.24527724,0.10734258,0.074780434,0.09039365,0.0,0.46824798,2.6278842e-05,0.0018771113,0.012054647,0.06105096
0.17790204,0.07128711,0.06427175,0.21652263,0.0,0.4508211,1.822045e-05,0.00433249,0.014844685,0.045600235
0.24803759,0.12583466,0.017245967,0.04407506,0.0,0.5507019,9.73458e-06,0.007011509,0.0070835366,0.049850814
0.24002793,0.08316483,0.008896662,0.07476285,0.0,0.57113737,5.3088133e-06,0.0028926637,0.019112386,0.07800985
0.27820462,0.10288757,0.036761176,0.15283217,0.0,0.39309022,2.351073e-06,0.007232904,0.028988967,0.035483904
0.2508922,0.07920762,0.068977274,0.00092903984,0.0,0.56988716,2.6944203e-06,0.005099889,0.025004163,0.06315494
0.19823062,0.078053035,0.044893414,0.18203692,0.0,0.472258,2.2023201e-05,0.009462446,0.015043447,0.027312085
0.3352857,0.05783188,0.031490456,0.09666952,0.0,0.4577438,5.0901203e-06,0.005086028,0.0158875,0.057777174
0.2009296,0.050708257,0.05350624,0.18406482,0.0,0.4783686,2.0656205e-05,0.007943236,0.024458552,0.04465875
0.24129397,0.055839203,0.07543693,0.18963064,0.0,0.38572395,4.076219e-06,0.0095822895,0.042488936,0.041502543
0.2449117,0.10148394,0.018912861,0.056972954,0.0,0.5288581,9.161235e-06,0.009610513,0.039240755,0.04069627
0.17369477,0.105330296,0.004170282,0.029403964,0.0,0.6514962,9.279112e-06,0.0075291526,0.028366072,0.05622358
0.23072048,0.06915077,0.11123518,0.17577241,0.0,0.37681878,3.2906848e-06,0.010382031,0.025917044,0.045302823
0.3270824,0.037930056,0.071566604,0.22694328,0.0,0.30391604,3.4114728e-06,0.004945486,0.027612675,0.023404263
0.26162463,0.047899567,0.06255881,0.036761858,0.0,0.53732747,2.4159233e-06,0.00783891,0.04598643,0.07358871
0.2629071,0.08570428,0.0054867533,0.12958442,0.0,0.46028674,4.069851e-06,0.008890631,0.04713616,-0.019241259
0.26059744,0.07508142,0.017314758,0.17004724,0.0,0.43050033,3.1528584e-06,0.01051237,0.03594334,-0.17614448
0.2536076,0.08434141,0.052939188,0.058583517,0.0,0.50437677,2.4330038e-06,0.011969075,0.034180004,-0.00062423944
0.3304616,0.05393595,0.06640535,0.1435423,0.0,0.36516583,1.960801e-06,0.008240118,0.03224685,0.0040605813
0.29128787,0.0589278,0.09578359,0.1433735,0.0,0.37725678,1.6339401e-06,0.009733041,0.023635786,0.020196304
0.37201607,0.067463726,0.0046177558,0.1882852,0.0,0.33133623,9.2056655e-07,0.008739463,0.027540613,-0.12224516
0.34093246,0.062430814,0.015743593,0.112613834,0.0,0.41284734,1.0939721e-06,0.009186906,0.046243917,-0.028129343
0.33815402,0.055872846,0.01568412,0.1923445,0.0,0.35611787,3.717688e-06,0.008791495,0.033031493,-0.04356172
0.2951242,0.10098669,0.021726139,0.19975738,0.0,0.33182326,3.7126783e-06,0.008279258,0.04229928,-0.1707403
0.32578456,0.06335929,0.0076390407,0.08826624,0.0,0.46701834,6.1449045e-06,0.011526816,0.036399603,-0.38073343
0.32077497,0.10188759,0.011972146,0.10603934,0.0,0.403017,9.246222e-09,0.011219152,0.045089774,-0.021609895
0.2804567,0.082313806,0.006575955,0.15925407,0.0,0.41325906,2.4289475e-06,0.012317581,0.04582041,-0.11316457
0.25647953,0.07021906,0.039694853,0.23407714,0.0,0.35014993,1.3451094e-06,0.009630734,0.039747365,-0.22447112
0.26284647,0.07910408,0.039396286,0.18106961,0.0,0.40501916,3.5711168e-06,0.008069505,0.024491262,-0.059788883
0.25447187,0.029348303,0.040193293,0.15228261,0.0,0.4881425,8.3519035e-06,0.012188794,0.02336422,0.035715245
0.2332468,0.048571706,0.068537295,0.22495256,0.0,0.40039265,9.230946e-06,0.008212157,0.016077597,0.050461963
0.27780062,0.041144177,0.08383143,0.2509679,0.0,0.3181986,9.988168e-06,0.0050764736,0.022970794,0.034991235
0.27503374,0.07530077,0.08842272,0.15987478,0.0,0.37407395,1.1924127e-05,0.0078939935,0.019388115,0.04137919
0.31771362,0.08873962,0.024050277,0.14997008,0.0,0.38254035,6.5643676e-06,0.006283788,0.03069566,0.0463844
0.31301707,0.06822748,0.032890152,0.1357493,0.0,0.41317406,3.290714e-06,0.008326387,0.02861228,0.027092062
0.2778741,0.052495737,0.049282305,0.11489847,0.0,0.46160835,1.2991939e-06,0.011575432,0.032264285,0.049102493
0.34387472,0.07829657,0.008300321,0.18360926,0.0,0.35133162,9.142231e-07,0.0063161035,0.028270502,-0.13071
0.31817412,0.06704915,0.002253881,0.16060676,0.0,0.4131993,1.1458258e-06,0.010034499,0.028680993,-0.016688388
0.24049534,0.077039786,0.024676157,0.21014173,0.0,0.4138374,1.5020507e-06,0.0073510786,0.02645708,-0.008348811
0.24693461,0.107897975,0.06719909,0.08541457,0.0,0.44187462,3.6004883e-06,0.010576588,0.04009894,0.024131916
0.2485921,0.10011688,0.027705621,0.18259633,0.0,0.39468294,2.4852586e-06,0.009623809,0.036679886,-0.08963153
0.22187088,0.08534404,0.04020906,0.14975879,0.0,0.46640733,2.2190775e-07,0.010074154,0.026335549,-0.09780875
0.24333875,0.093748085,0.045845833,0.1459775,0.0,0.43161738,9.272695e-07,0.010430175,0.029041314,-0.090838656
0.2402179,0.049768858,0.06755158,0.22500591,0.0,0.36966395,3.3126464e-06,0.008713016,0.039075494,-0.0490959
0.23642395,0.04630966,0.06346112,0.20089154,0.0,0.4193972,7.9011115e-06,0.0092152525,0.024293369,-0.14213821
0.2351538,0.058064234,0.056247544,0.2135565,0.0,0.4043725,9.490422e-06,0.00832704,0.024268921,-0.0025164336
0.26559967,0.079985835,0.042301778,0.1519507,0.0,0.42201114,5.9283357e-06,0.009599074,0.02854592,-0.00024825335
0.25482205,0.08101178,0.07715763,0.15613246,0.0,0.38906384,2.0075017e-06,0.009189399,0.032620873,0.014215648
0.23887807,0.10538527,0.03166881,0.1366483,0.0,0.4264445,9.2409607e-07,0.009863098,0.05111102,-0.020413559
0.279905,0.069330394,0.027251408,0.14434475,0.0,0.42229903,1.1161907e-06,0.008526694,0.048341576,0.02509296
0.27404746,0.092345335,0.009907305,0.1493645,0.0,0.43155771,5.3441245e-06,0.00989647,0.03287588,0.005051367
0.30691352,0.050826773,0.011804837,0.01897181,0.0,0.59268814,6.094617e-06,0.005174015,0.013614798,0.063490294
0.2505678,0.078076676,0.0057310644,0.10099756,0.0,0.52026933,2.6528771e-06,0.008716267,0.03563865,0.05002331
0.25410298,0.07099181,0.0471094,0.09062773,0.0,0.4972259,7.829157e-06,0.0048247576,0.035109594,0.050006054
0.25316983,0.08379279,0.008201837,0.20498784,0.0,0.4151798,2.4066787e-06,0.0067275316,0.02793801,0.03748201
0.26611307,0.05884684,0.0049362886,0.076287314,0.0,0.556698,2.9874711e-06,0.010543722,0.026571821,0.06845454
0.21700475,0.064713985,0.08831279,0.15092069,0.0,0.4421775,1.509941e-06,0.006380476,0.030488232,0.0696689
0.23265806,0.09611268,0.07095388,0.16265073,0.0,0.40002948,4.649857e-06,0.008369425,0.02922114,0.05039034
0.27403435,0.037735563,0.0065279477,0.018988771,0.0,0.6413674,4.772748e-07,0.006111209,0.015234261,0.07070955
0.38879085,0.14827056,0.00534727,0.06667245,0.0,0.34412605,1.1137868e-05,0.0026987637,0.04408295,0.012400039
0.4437953,0.10151577,0.027243175,0.07659967,0.0,0.30759194,1.7035103e-05,0.0010705139,0.042166565,0.012590587
0.26850417,0.109475374,0.061583523,0.06691621,0.0,0.45261526,5.661251e-06,0.0036345208,0.037265297,0.0019319877
0.23971367,0.10710848,0.07721762,0.16887298,0.0,0.35959706,5.525126e-06,0.009766553,0.037718024,0.011177771
0.33275014,0.082254544,0.05622491,0.03438232,0.0,0.44024283,8.960829e-07,0.014349292,0.039795075,-0.012784027
0.19721584,0.13683026,0.08180052,0.18592906,0.0,0.34995818,5.848606e-06,0.0025466802,0.045713678,0.03176702
0.32465306,0.13815333,0.04320149,0.082857035,0.0,0.3528803,4.9694304e-06,0.0049700225,0.05327986,0.028303526
0.23562464,0.082879096,0.07935694,0.2101695,0.0,0.3233374,1.0045172e-05,0.010654925,0.057967443,0.008868977
0.25176752,0.15512662,0.04123624,0.0763274,0.0,0.41822717,5.235962e-06,0.010015254,0.047294576,0.040661022
0.20279166,0.15958887,0.04975736,0.17248826,0.0,0.3643704,2.4572346e-06,0.005939411,0.04506154,0.044918843
0.37335134,0.0947369,0.06824613,0.11146868,0.0,0.32033688,1.5806563e-05,0.0015163546,0.030327879,0.002736941
0.3428972,0.091813445,0.030739268,0.14760856,0.0,0.33958033,1.9574054e-05,0.0035934343,0.04374821,0.0038268864
0.40234274,0.07996185,0.0013240618,0.06185041,0.0,0.4270273,9.63173e-06,0.0024130144,0.025071044,0.0461395
0.2902662,0.07560934,0.017405279,0.13761671,0.0,0.4143746,1.77192e-05,0.008626931,0.05608331,0.0063306987
0.45133227,0.0755833,0.017391354,0.0052779643,0.0,0.40723383,9.619292e-06,0.0018359747,0.041335642,0.007259056
0.39053294,0.089163765,0.015830716,0.0154593885,0.0,0.42650074,2.6969808e-05,0.014365882,0.048119612,0.011150517
0.3105003,0.13774207,0.05883197,0.05354196,0.0,0.3874685,2.5053803e-05,0.0030775878,0.048812572,-0.0032576472
0.3141794,0.11255524,0.029425224,0.10703273,0.0,0.38115463,1.363253e-05,0.004669105,0.050970066,0.038968816
0.18014953,0.13512523,0.046588648,0.26474586,0.0,0.32373014,1.5501868e-05,0.005552276,0.044092815,0.026903607
0.317841,0.14645723,0.023243383,0.035821762,0.0,0.41642016,1.1906479e-05,0.009630472,0.05057406,0.021207862
0.3338253,0.13670388,0.05392495,0.021478001,0.0,0.40712193,7.458073e-06,0.0071967007,0.03974177,-0.008752707
0.36253124,0.17441238,0.013866942,0.05230956,0.0,0.34417868,1.2051672e-05,0.005072038,0.047617115,0.02203811
0.35344476,0.1285915,0.044537287,0.14353862,0.0,0.28365317,1.188218e-05,0.006237042,0.03998581,0.015779488
0.25782096,0.11635808,0.065922394,0.24600656,0.0,0.27036992,2.0286112e-05,0.002237663,0.041264113,0.022358634
0.2853651,0.17337406,0.05317841,0.014827264,0.0,0.41325557,1.5155483e-05,0.005345745,0.054638617,0.018237166
0.34407246,0.13314165,0.004825216,0.04169271,0.0,0.42385405,2.3889418e-06,0.0067931167,0.045618407,0.02099789
0.37651142,0.13674934,0.0013442906,0.05867115,0.0,0.3945773,4.789297e-08,0.003937904,0.028208487,0.017981358
0.22570167,0.074645616,0.0562878,0.16709273,0.0,0.42378968,7.2449507e-06,0.009937311,0.042537976,0.017285086
0.3935304,0.09406021,0.0057009268,0.1169137,0.0,0.35365924,6.5261106e-06,0.0034087645,0.032720245,0.043797858
0.4327914,0.04724093,0.0759531,0.17684719,0.0,0.24077451,5.691459e-06,0.0047714883,0.02161577,-0.0009880811
0.42645165,0.07498719,0.004443713,0.116087794,0.0,0.345535,1.7699762e-06,0.004925425,0.027567508,0.022499487
0.32273594,0.056807205,0.07718889,0.27349707,0.0,0.2355091,7.869251e-06,0.004608005,0.029645858,-0.07179322
0.3442212,0.073161446,0.08202306,0.20357083,0.0,0.26093122,9.463065e-06,0.005713486,0.03036936,-0.0052356794
0.24244492,0.12750438,0.07339616,0.10343375,0.0,0.4099318,8.8149943e-07,0.0037533294,0.039534744,0.022618212
0.24166839,0.055753604,0.06855326,0.24660455,0.0,0.34494644,1.0410396e-05,0.00971396,0.03274942,-0.013954151
0.4027864,0.081187926,0.043500103,0.043419935,0.0,0.37625104,3.6252202e-06,0.01264205,0.04020892,0.004403837
0.27520847,0.09715991,0.072722316,0.1980974,0.0,0.32398722,1.7451304e-05,0.00034789593,0.03245925,0.023302883
0.3405347,0.13427836,0.0012115455,0.14121944,0.0,0.34820902,6.32648e-06,0.005883038,0.028657582,0.017794125
0.4627824,0.047459368,0.043463685,0.099969715,0.0,0.31622538,1.0174846e-05,0.008029563,0.022059677,-0.008263029
0.36361918,0.12949167,0.027732411,0.02158016,0.0,0.4047623,8.9534715e-06,0.009200186,0.043605193,0.032782026
0.40343428,0.09549113,0.039192464,0.10088798,0.0,0.32287082,2.0809434e-06,0.010877297,0.027243892,0.035836212
0.30180717,0.060603444,0.08539278,0.20040454,0.0,0.28880024,3.0172654e-07,0.008079283,0.05491228,-0.05356904
0.31488046,0.08233302,0.044158574,0.16366784,0.0,0.3560157,2.2916458e-05,0.00847232,0.030449145,-0.0008570701
0.25515103,0.15888022,0.075916946,0.066894725,0.0,0.391304,2.7047263e-05,0.0025103108,0.049315795,0.006092854
0.23502588,0.10394784,0.08009368,0.21520321,0.0,0.31875357,2.0029904e-05,0.0034530286,0.0435028,0.017009921
0.3165334,0.08689214,0.013116392,0.114270195,0.0,0.42506543,6.582852e-06,0.008079934,0.03603595,0.056299053
0.20658234,0.055255424,0.09978689,0.26210308,0.0,0.32760492,2.3785029e-05,0.0048766006,0.043766916,0.019069396
0.25059676,0.07724633,0.06054935,0.1612845,0.0,0.4119845,1.3611206e-05,0.0025323762,0.03579257,0.05278852
0.35947645,0.08053356,0.04382458,0.12083817,0.0,0.35275018,1.0040656e-05,0.006546139,0.03602088,0.02955468
0.3602135,0.109439425,0.046817593,0.039590545,0.0,0.40489286,5.927482e-06,0.0048308056,0.03420941,0.023282379
0.38778943,0.1292588,0.045376737,0.0121460445,0.0,0.37726352,5.33908e-06,0.0047672084,0.043392844,0.010350689
0.3336392,0.1304272,0.048062798,0.042968314,0.0,0.41535068,2.9231164e-06,0.0049265795,0.024622336,0.051641524
0.32166234,0.1224417,0.017132938,0.037784733,0.0,0.41762817,1.8434466e-05,0.012283239,0.07104844,0.012779899
0.33422932,0.08188752,0.039549027,0.15404256,0.0,0.34211767,1.128092e-05,0.004665524,0.043497045,0.061062016
0.4223657,0.09178842,0.0058868863,0.03789666,0.0,0.40565526,5.0813314e-06,0.002518895,0.033883158,0.03158831
0.35175622,0.16675508,0.012981006,0.007329476,0.0,0.418606,5.1021966e-06,0.0009913623,0.041575637,0.00800889
0.347637,0.08207921,0.056469306,0.22779553,0.0,0.26035634,1.0204358e-05,0.006319567,0.019332755,0.0068702325
0.35571316,0.071868114,0.07774324,0.13392992,0.0,0.329855,7.812538e-06,0.0066311066,0.024251625,0.040673457
0.4149511,0.10321501,0.017565697,0.026412172,0.0,0.38360465,5.513978e-06,0.005790055,0.04845579,0.029726498
0.3083624,0.14562692,0.09015922,0.13811055,0.0,0.28488177,1.1696034e-05,0.0013747279,0.031472694,-0.006879255
0.36961746,0.10504946,0.069993876,0.09129872,0.0,0.32395813,8.227942e-06,0.006578377,0.033495724,-0.004926011
0.337252,0.12647088,0.04014001,0.04049755,0.0,0.41651893,2.435973e-06,0.006864647,0.032253593,0.030294158
0.45164984,0.09918385,0.02529501,0.036815256,0.0,0.344341,1.0791169e-06,0.008731004,0.033982955,0.022744216
0.33940586,0.07906886,0.03880739,0.16232806,0.0,0.34935144,1.3738674e-05,0.0037248658,0.027299732,0.004681073
0.41965148,0.10181319,0.009783842,0.03462386,0.0,0.38078287,6.9544944e-06,0.0038044725,0.049533296,0.02996695
0.34311604,0.09709243,0.07876528,0.08588107,0.0,0.35145998,3.4616385e-06,0.008813087,0.0348686,0.054254286
0.31592438,0.13197856,0.07632298,0.1199245,0.0,0.30966133,1.922051e-05,0.002551115,0.04361802,0.0058432445
0.44939914,0.08033403,0.028580114,0.08834168,0.0,0.2932976,1.2464287e-05,0.0032633063,0.0567717,0.03099212
0.40774587,0.043461163,0.07252748,0.22982998,0.0,0.21250013,1.3301408e-05,0.006661369,0.027260713,-0.032445814
0.3201328,0.118812315,0.04745177,0.1668344,0.0,0.3099231,1.7185166e-05,0.0031542787,0.033674214,0.006964408
0.24487594,0.15143259,0.0037819548,0.07092509,0.0,0.4598733,8.299935e-06,0.0074819624,0.061620843,0.0047995076
0.31248978,0.024783721,0.06238879,0.21157941,0.0,0.33504438,1.1499822e-05,0.0040536295,0.04964886,-0.03617185
0.31887832,0.055350345,0.09833888,0.19794899,0.0,0.28398913,3.4678787e-06,0.0074827042,0.038008127,-0.00096621364
0.389184,0.09959401,0.001332182,0.005266024,0.0,0.43796444,3.1500946e-05,0.004542152,0.0620856,0.0040178224
0.28435957,0.10136045,0.045369454,0.13595101,0.0,0.37931052,2.0055347e-06,0.008057663,0.045589346,0.011368476
0.39222306,0.11015418,0.001425207,0.07819199,0.0,0.38503298,2.0084085e-06,0.0035765579,0.029393977,0.016284026
0.33764598,0.08007427,0.026945235,0.0032935303,0.0,0.4870529,7.122163e-06,0.006218255,0.058762755,0.019394644
0.46616915,0.0895926,0.0024067655,0.01065439,0.0,0.3829275,2.9965777e-06,0.0040544774,0.044192176,0.02114603
0.22375701,0.07757572,0.07629762,0.2806423,0.0,0.30281714,1.875009e-05,0.003376723,0.03551474,0.04794196
0.41756067,0.11561928,0.0018120038,0.09249362,0.0,0.33494514,6.9245702e-06,0.0027455727,0.034816682,0.011036433
0.27462175,0.18662228,0.00593334,0.0722661,0.0,0.39518195,8.883011e-06,0.008297006,0.05706864,0.007938758
0.34439993,0.11982961,0.0109176645,0.04363398,0.0,0.44857755,1.4652705e-05,0.009896966,0.022729626,0.012252413
0.37695047,0.12639526,0.0019297762,0.04578486,0.0,0.40080503,8.894943e-06,0.0014351222,0.046690647,0.014830209
0.3114046,0.094793595,0.013423161,0.1476132,0.0,0.391797,9.06468e-06,0.0031004953,0.037858818,0.035643384
0.3615659,0.053911723,0.06215137,0.10849786,0.0,0.37938714,2.0498064e-05,0.0053178878,0.029147588,0.0014157966
0.2284774,0.06659588,0.08381887,0.17991787,0.0,0.36802602,3.022649e-05,0.01642534,0.056708343,-0.006284822
0.38615194,0.07149494,0.0034830477,0.10748542,0.0,0.39938918,1.5798856e-05,0.0026319723,0.029347692,0.021482535
0.36190718,0.13726087,0.020915367,0.010699691,0.0,0.3977555,1.5118006e-05,0.016019763,0.055426497,0.008993618
0.20800228,0.10269599,0.093145825,0.24164192,0.0,0.3175922,1.8894132e-05,0.0028485025,0.034054417,0.02632349
0.2974527,0.09608079,0.008822685,0.12902474,0.0,0.42669538,2.0814092e-05,0.0025595087,0.039343406,0.02412308
0.36375272,0.13616183,0.01669599,0.0690833,0.0,0.37686113,1.3959976e-05,0.0067495713,0.030681422,0.011570044
0.25952062,0.130248,0.04997705,0.05731058,0.0,0.4328384,1.1790712e-05,0.009881083,0.06021258,0.0039110556
0.35654393,0.085041836,0.03145686,0.022709504,0.0,0.44802466,1.244589e-05,0.0015311769,0.05467958,0.016047664
0.2626247,0.08318812,0.04310749,0.23722264,0.0,0.33693448,1.5498592e-05,0.0038936932,0.03301334,0.067113645
0.25976628,0.102316745,0.028944187,0.05258736,0.0,0.4847221,5.296229e-06,0.012070446,0.059587564,0.024505869
0.2885718,0.0812558,0.053340387,0.08968141,0.0,0.42584768,5.106597e-06,0.0080247875,0.05327305,0.057878897
0.38556692,0.10922279,0.061137117,0.062678635,0.0,0.34278378,6.2029126e-06,0.008430191,0.030174362,0.014102198
0.46210387,0.07570608,0.015881771,0.11042822,0.0,0.31033942,8.46077e-06,0.0044884956,0.021043759,0.019924618
0.31175128,0.04856654,0.100554235,0.19125265,0.0,0.3223967,2.1792992e-05,0.0036827908,0.021774022,0.02773054
0.3792733,0.15491669,0.0227607,0.06843875,0.0,0.33667108,2.8306843e-06,0.0060519464,0.0318848,-0.0019179657
0.3188813,0.097279586,0.08986684,0.09915904,0.0,0.34955567,9.914003e-06,0.006365837,0.03888185,0.043385737
0.31602475,0.09371257,0.029564911,0.046317443,0.0,0.44507802,2.3563605e-05,0.0074234875,0.06185519,-0.009324431
0.28542832,0.08608616,0.07292437,0.1803415,0.0,0.3428143,3.9646006e-06,0.0008166912,0.031584777,0.04944904
0.31586912,0.12518257,0.051756863,0.073020816,0.0,0.37917712,1.3928676e-05,0.0031002592,0.051879294,0.024181284
0.30522835,0.06988564,0.085013255,0.19588247,0.0,0.3021425,1.709838e-05,0.005582316,0.036248315,0.006094694
0.36190075,0.06863867,0.015098649,0.088043645,0.0,0.41754088,1.9430618e-05,0.008853828,0.03990415,0.023717657
0.32055786,0.111348994,0.017072162,0.12558332,0.0,0.39059916,1.1965677e-05,0.0034368192,0.0313897,0.0051047057
0.26375178,0.13438952,0.08474302,0.06655589,0.0,0.38979295,1.3960446e-05,0.015365834,0.045387127,0.003736943
0.35588005,0.1055285,0.07559811,0.07812178,0.0,0.33416346,1.0027555e-05,0.004148918,0.046549074,0.013704374
0.444677,0.08917215,0.03557574,0.005794237,0.0,0.3615552,1.3209466e-05,0.0102742715,0.052938256,-0.009962536
0.4014252,0.06902347,0.033201564,0.1067889,0.0,0.32514483,1.1401384e-05,0.008116999,0.05628756,0.026238494
0.26391506,0.10724279,0.0030303178,0.014788125,0.0,0.5538448,3.493413e-05,0.0016055492,0.055538382,-0.0068453625
0.3618367,0.03353505,0.06208363,0.13906503,0.0,0.37442628,1.572415e-05,0.005618135,0.023419425,0.0027138442
0.28386867,0.05998751,0.12456417,0.12829381,0.0,0.37452275,2.104721e-05,0.005501792,0.023240259,-0.009967938
0.31203586,0.09735898,0.06631437,0.10600492,0.0,0.36463788,2.4120536e-05,0.0032733672,0.050350424,-0.008873418
0.39983496,0.07435222,0.020169424,0.04927151,0.0,0.41250885,5.656993e-06,0.014294762,0.02956266,0.038901173
0.37771237,0.05639746,0.06022997,0.033135444,0.0,0.42817977,5.7565154e-07,0.019969855,0.024374647,0.007820711
0.26781818,0.08455255,0.107569925,0.08542678,0.0,0.3913229,3.4689747e-05,0.008854083,0.054420885,0.006440066
0.22786102,0.16680992,0.07597656,0.11288432,0.0,0.37400955,3.0498422e-05,0.0036105167,0.03881759,-0.011023551
0.3596045,0.08714365,0.042536493,0.04343116,0.0,0.4425451,8.539366e-06,0.0074360613,0.017294487,-0.00597186
0.29232255,0.10268979,0.023090398,0.026963461,0.0,0.4571574,1.6581202e-05,0.016939528,0.08082023,0.023087211
0.29514328,0.08517586,0.0717231,0.09234871,0.0,0.4049571,1.1925823e-05,0.007601527,0.043038454,0.014306851
0.33732215,0.08966978,0.062131822,0.10348184,0.0,0.36144218,1.3496068e-05,0.010279846,0.035658896,-0.0045765303
0.43900028,0.091692686,0.030425819,0.020993808,0.0,0.3547946,1.0694861e-05,0.008599407,0.05448266,0.065774895
0.2972904,0.08451434,0.07162468,0.16124868,0.0,0.35385692,2.8088401e-05,0.004938447,0.026498426,0.018721126
0.36354163,0.08831538,0.057145633,0.15499467,0.0,0.29359424,1.31348015e-05,0.005060044,0.037335195,0.051569544
0.41905004,0.09664687,0.021851718,0.022923023,0.0,0.38457984,5.192107e-06,0.0062236553,0.048719767,0.042566404
0.35512012,0.047913667,0.06935049,0.108587354,0.0,0.3857488,1.3461142e-05,0.0046075685,0.028658547,0.0018590316
0.37290365,0.10700798,0.07059082,0.055344023,0.0,0.35474098,4.5674406e-06,0.015685724,0.0237223,0.016660325
0.4128558,0.0805668,0.03302817,0.02003318,0.0,0.3861347,1.4795068e-05,0.018187154,0.04917942,0.020209707
0.40050212,0.061247956,0.014147998,0.09861519,0.0,0.37581122,2.5801945e-05,0.0063731726,0.043276515,0.020593174
0.26460508,0.08045906,0.04995446,0.23320061,0.0,0.33071962,1.9268522e-05,0.0039007051,0.03714115,0.043260776
0.20614111,0.07493205,0.114255056,0.2280557,0.0,0.33369145,1.6060307e-05,0.00889322,0.034015328,0.012775153
0.28117394,0.12357841,0.08696401,0.12381887,0.0,0.35113162,9.894805e-06,0.0030869138,0.030236332,0.013836771
0.42761672,0.0665239,0.022186425,0.13445607,0.0,0.31206763,7.857915e-06,0.0022393588,0.034902018,0.021864817
0.43952504,0.05157004,0.017188622,0.039909985,0.0,0.39989388,6.2608325e-07,0.00708067,0.044831138,0.019054405
0.42268026,0.10093298,0.02473381,0.063912846,0.0,0.352413,2.642954e-06,0.005984862,0.02933961,0.020279832
0.36669716,0.12634733,0.021917723,0.056098793,0.0,0.37981036,7.3309443e-06,0.0024604725,0.04666082,0.017819807
0.3175889,0.108266495,0.058506586,0.02840102,0.0,0.44191107,7.835343e-06,0.0051853093,0.04013272,0.0032812208
0.32546943,0.06093395,0.09870398,0.17456059,0.0,0.2970644,9.985909e-06,0.007113974,0.036143634,0.016633637
0.29842156,0.07935291,0.05240142,0.2503471,0.0,0.3011439,9.9316685e-06,0.0046774996,0.013645699,0.0014622286
0.38021472,0.08269469,0.029632073,0.094603166,0.0,0.39127508,1.5694749e-06,0.0035903093,0.017988408,0.019941732
0.3378382,0.17338091,0.022641215,0.046428308,0.0,0.35434237,4.3933187e-06,0.00775483,0.05760975,0.018036038
0.38635007,0.15266243,0.006459228,0.0491344,0.0,0.3625583,3.1804816e-06,0.006184466,0.036647912,0.0077927187
0.301381,0.22325589,0.015660908,0.05512426,0.0,0.35818332,2.02499e-05,0.00833646,0.03803785,0.0004830435
0.27350074,0.14018351,0.021321291,0.123057924,0.0,0.38644883,4.9450177e-06,0.010894951,0.04458779,0.02016364
0.24450666,0.067866474,0.078147076,0.23841116,0.0,0.32367796,1.2839497e-06,0.011119225,0.036270197,-0.012339942
0.34796333,0.1543011,0.0020586357,0.043685902,0.0,0.41805208,1.1258011e-06,0.005008855,0.02892901,0.014815621
0.3406264,0.15398984,0.06910272,0.11376613,0.0,0.29361683,4.102648e-06,0.0043684165,0.024525585,0.014061071
0.36259875,0.21691991,0.010487763,0.013104346,0.0,0.34092224,5.208693e-06,0.0030243641,0.052937437,0.0148715
0.36798498,0.08690092,0.05885215,0.21286933,0.0,0.25006106,5.778744e-06,0.0018468369,0.021478977,0.0045334026
0.47518533,0.07421615,0.015807185,0.012461208,0.0,0.38059264,3.865622e-06,0.0051110387,0.036622494,0.01697772
0.3407384,0.031479955,0.04248989,0.17839752,0.0,0.3583763,4.2535826e-06,0.004895012,0.043618668,-0.013425399
0.364005,0.09701818,0.048382275,0.021955278,0.0,0.41559985,8.38502e-06,0.008526288,0.044504754,0.02000302
0.23790821,0.06863833,0.066352054,0.27883288,0.0,0.31294823,7.816652e-06,0.010442513,0.024870062,-0.049031787
0.28130636,0.05494631,0.0703544,0.19373758,0.0,0.34575352,6.8112645e-06,0.0070010703,0.046893977,-0.019793287
0.36879826,0.09761525,0.04240673,0.05301342,0.0,0.40088764,3.5824694e-06,0.006037377,0.031237816,0.03904473
0.33825976,0.13377987,0.009804774,0.07459193,0.0,0.40703282,7.294432e-06,0.006474463,0.030049084,0.030478783
0.3275799,0.048187524,0.081858605,0.20385925,0.0,0.30276072,8.467422e-06,0.006075049,0.029670509,-0.012601793
0.38891235,0.040409673,0.06119007,0.1915532,0.0,0.28899133,9.829962e-06,0.0059035216,0.023029994,-0.1565066
0.39909315,0.035102636,0.07264757,0.18172097,0.0,0.27081877,4.100388e-06,0.00768083,0.032931972,-0.11709339
0.35560286,0.097580545,0.01999845,0.04865431,0.0,0.44727337,9.89185e-06,0.003973188,0.026907424,0.050375752
0.2611532,0.08689672,0.08844277,0.23096855,0.0,0.28804713,1.7756913e-06,0.0075360583,0.036953818,-0.056538742
0.3416872,0.082467176,0.05627411,0.11008389,0.0,0.3747722,1.9780741e-06,0.0054376954,0.029275801,0.032897957
0.2828944,0.06316384,0.08140265,0.1932784,0.0,0.32939896,1.297786e-05,0.008929422,0.040919293,0.000442788
0.45211637,0.050203145,0.053094633,0.17565887,0.0,0.22704403,4.3511513e-06,0.009012336,0.03286622,-0.10411958
0.36643538,0.055448502,0.06502395,0.22556216,0.0,0.24675195,1.017355e-05,0.0058481027,0.03491985,-0.016013633
0.2347629,0.063862525,0.055204738,0.267801,0.0,0.3509905,1.5536463e-05,0.008168499,0.019194366,0.0032819882
0.44964197,0.04653445,0.067260966,0.19769043,0.0,0.21547036,4.509809e-06,0.0029535887,0.020443752,-0.011472352
0.4655701,0.03012374,0.06365501,0.1820271,0.0,0.2385982,5.50729e-06,0.0070013143,0.013019036,-0.13351297
0.39168954,0.060141854,0.06843495,0.19210178,0.0,0.256497,1.1276249e-05,0.004413965,0.026709635,-0.021212235
0.39367995,0.08635968,0.061293144,0.16296506,0.0,0.26919785,1.3568016e-06,0.004487266,0.02201565,0.015015803
0.37940216,0.046297677,0.09105731,0.14518254,0.0,0.30324507,6.50609e-06,0.0074774395,0.027331304,0.013117641
0.33970264,0.101883724,0.052223433,0.035502467,0.0,0.41958782,1.0398221e-05,0.010198281,0.040891252,0.0030625463
0.47961056,0.084054105,0.0065532853,0.060668696,0.0,0.32220408,7.1505656e-06,0.003530645,0.043371465,0.028626561
0.36246714,0.04961726,0.01836982,0.1597527,0.0,0.36203745,1.657649e-05,0.00405768,0.0436813,0.015364103
0.28531796,0.06759921,0.047959823,0.1880274,0.0,0.36627933,1.9343324e-05,0.0028235433,0.041973416,0.024176203
0.23733678,0.17156093,0.030632734,0.08238382,0.0,0.41519487,1.8408664e-05,0.0025535475,0.06031897,0.013212383
0.36142078,0.08691682,0.08105072,0.008197546,0.0,0.41370147,4.381408e-07,0.011675252,0.037037022,0.068160124
0.4488309,0.076389134,0.0028176438,0.04590002,0.0,0.37804723,1.627691e-05,0.00891254,0.03908627,0.02153714
0.2919449,0.17244923,0.026344787,0.09592982,0.0,0.3546727,1.4932734e-05,0.008335738,0.05030795,0.0031842962
0.23262984,0.04661357,0.0012536333,0.00898204,0.0,0.64023995,1.8699111e-05,0.019945348,0.050316975,0.0247427
0.31050953,0.06689812,0.0021131753,0.055719025,0.0,0.508604,6.52511e-07,0.007147693,0.049007792,0.02901949
0.2445197,0.034415156,0.07186138,0.25882295,0.0,0.36992553,5.949168e-06,0.007893935,0.012555521,-0.056835104
0.29032427,0.033688642,0.05468836,0.24521115,0.0,0.35287753,9.631434e-07,0.007118115,0.016090857,-0.019705713
0.28297272,0.032706037,0.02386755,0.21987784,0.0,0.41085395,6.5026966e-06,0.007556523,0.022158887,-0.0010958165
0.2701349,0.08395801,0.052524306,0.16834638,0.0,0.3854602,2.564508e-06,0.0069995155,0.03257417,-0.011270456
0.38517898,0.042422254,0.05475685,0.15173662,0.0,0.33657956,6.3903344e-06,0.01258515,0.016734164,-0.07677598
0.3186012,0.07116119,0.028767655,0.15613568,0.0,0.40324196,2.990349e-06,0.007651913,0.014437402,-0.020385318
0.33513355,0.06358544,0.04733155,0.15093453,0.0,0.37156677,5.886526e-06,0.0049264585,0.026515834,-0.0113092065
0.27259803,0.085407086,0.04663437,0.004210916,0.0,0.5486776,1.0883177e-05,0.0043863724,0.03807473,-0.006388858
0.17965657,0.039295804,0.021718808,0.102314435,0.0,0.5992263,1.7486167e-05,0.013853444,0.043917164,0.022519998
0.25463536,0.05298446,0.00068441,0.040529445,0.0,0.5855808,3.9237484e-06,0.021464055,0.044117607,0.020007841
0.28013882,0.044968538,0.004633121,0.009631066,0.0,0.59917027,5.3173812e-06,0.019098205,0.042354744,0.017397009
0.28733057,0.035658184,0.03330813,0.22764799,0.0,0.375123,9.972821e-06,0.01713705,0.023785098,-0.0057441816
0.29777136,0.028532105,0.04326929,0.1902971,0.0,0.38697025,5.965967e-06,0.015360382,0.037793484,0.00898876
0.23636633,0.07168944,0.054841463,0.022422,0.0,0.53596824,2.4771243e-05,0.01883519,0.059852596,0.03284602
0.3003028,0.057785332,0.03982291,0.021123307,0.0,0.52055275,1.4867809e-05,0.015753156,0.044644922,0.02308102
0.18636134,0.038415108,0.0559702,0.17086555,0.0,0.47240472,3.526325e-05,0.010772185,0.06517564,0.020257242
0.24486826,0.0530726,0.037207294,0.055822782,0.0,0.5770559,1.0068043e-05,0.0065981946,0.025364887,-0.0077730417
0.18462266,0.10061343,0.076799124,0.30534995,0.0,0.314532,8.381869e-07,0.0048585613,0.013223419,-0.020432021
0.20976886,0.10048116,0.037776794,0.06857337,0.0,0.542663,1.2852916e-05,0.0060557933,0.034668185,-0.0094080195
0.36521804,0.041082524,0.008425253,0.086002335,0.0,0.45848364,8.220024e-06,0.009647839,0.031132134,-0.005789444
0.19412866,0.15713394,0.047374286,0.08144234,0.0,0.47467875,7.2080156e-06,0.015796127,0.0294387,0.014216483
0.17487565,0.15486172,0.04209282,0.0772233,0.0,0.5079463,1.6762681e-06,0.012048837,0.030949732,-0.01898478
0.20448492,0.14311805,0.00016362361,0.16817202,0.0,0.44724375,4.4428938e-07,0.015143238,0.021674,0.005549468
0.26953357,0.06453173,0.025895644,0.122809835,0.0,0.47467616,9.819468e-06,0.011582767,0.030960511,-0.0075839534
0.28619435,0.027394839,0.05116041,0.22184807,0.0,0.37975997,1.3268126e-05,0.0042882846,0.02934086,-0.018023748
0.24845338,0.043812156,0.012733754,0.068498366,0.0,0.55525875,9.011214e-06,0.017051253,0.054183293,-0.0122376755
0.32380018,0.06442532,0.05362696,0.09798409,0.0,0.41213235,9.043759e-06,0.009238847,0.038783316,0.10954655
0.28855896,0.031279426,0.061244205,0.20652002,0.0,0.39490578,3.2195633e-06,0.008301125,0.009187246,-0.04302127
0.26751262,0.049408887,0.05748975,0.19719978,0.0,0.40586287,1.2486912e-05,0.008489177,0.014024483,-0.030495971
0.25976503,0.031448264,0.031071115,0.15881707,0.0,0.47341025,2.6955104e-06,0.008740292,0.0367453,0.0041655526
0.20061548,0.06722999,0.025601687,0.11645278,0.0,0.5727693,5.8261044e-06,0.009878521,0.007446415,-0.005134627
0.22459394,0.02889712,0.05976003,0.16225491,0.0,0.4829623,2.7162555e-06,0.010567052,0.03096189,0.011107102
0.27938148,0.032716606,0.00041851788,0.07965296,0.0,0.5585877,4.611323e-07,0.008154309,0.041088004,0.008470692
0.34934816,0.08170956,0.0076255556,0.10144762,0.0,0.4261278,3.2352457e-06,0.006830938,0.02690703,-0.008166619
0.30307525,0.037916806,0.011147237,0.11199184,0.0,0.49743515,9.955082e-07,0.012549072,0.025883578,-0.02065748
0.19791149,0.03434384,0.068233736,0.31072098,0.0,0.36207137,7.7772465e-06,0.008491306,0.018219566,-0.03893093
0.23564456,0.033387065,0.044081613,0.18927479,0.0,0.4521488,5.651912e-06,0.010627314,0.034830205,0.011678025
0.21104759,0.08568022,0.028421562,0.20175791,0.0,0.43573597,7.021405e-06,0.006450533,0.030899197,-0.033813745
0.16838066,0.07774282,0.032201543,0.24618535,0.0,0.42949995,8.604264e-06,0.009373564,0.0366075,0.0042052716
0.23540698,0.04305684,0.00819479,0.17082927,0.0,0.5115996,7.4134587e-06,0.01662531,0.01427983,-0.01783228
0.29704675,0.059696067,0.04952122,0.17883748,0.0,0.3861477,8.006391e-07,0.018114502,0.010635466,0.018171906
0.35575506,0.09463297,0.011580821,0.049264047,0.0,0.45213732,3.9493807e-06,0.021164048,0.015461815,0.0020247549
0.29874277,0.078227535,0.006229518,0.11766815,0.0,0.45022038,8.410316e-06,0.0150374435,0.03386579,-0.004521683
0.19853432,0.06942326,0.025024418,0.047726072,0.0,0.59207904,2.8233667e-06,0.009923191,0.057286944,-0.008758057
0.30558538,0.02900196,0.07413567,0.13266438,0.0,0.4165565,6.2302934e-06,0.0059065935,0.036143217,0.01051493
0.25907016,0.0774744,0.039300524,0.07910063,0.0,0.5044453,6.883816e-06,0.00999772,0.030604346,-0.034385107
0.35090747,0.09647109,0.00038194712,0.034422837,0.0,0.47932807,1.7575449e-06,0.007589099,0.030897705,-0.014597602
0.2702834,0.048202317,0.024981575,0.10593821,0.0,0.5205524,2.5376796e-06,0.009685786,0.020353759,-0.008528426
0.2614717,0.06479421,0.00033606973,0.037307683,0.0,0.5728496,2.4874162e-06,0.0147397695,0.04849852,-0.01886125
0.23337726,0.027033696,0.058016475,0.2593789,0.0,0.39575794,2.3379778e-06,0.0071150768,0.019318262,-0.026395682
0.22245036,0.05535051,0.032554638,0.24745889,0.0,0.41500258,1.1439651e-05,0.011669961,0.015501611,-0.03504353
0.29940617,0.025853481,0.03698254,0.19156484,0.0,0.40504673,1.134564e-05,0.0065683005,0.03456658,-0.0043592937
0.2731393,0.05361153,0.0029677404,0.01515803,0.0,0.5733663,6.8586633e-06,0.016761135,0.06498918,0.0065163746
0.32650232,0.10212913,0.018552631,0.095851,0.0,0.4151625,4.715949e-06,0.00829678,0.033500828,0.0050656796
0.19739772,0.078220956,0.011177338,0.12068893,0.0,0.567803,5.2756063e-06,0.009939649,0.014767098,0.006050594
0.24828807,0.11746272,0.030298695,0.01306513,0.0,0.5298188,6.718911e-06,0.013655819,0.047404014,-0.008541815
0.31048593,0.04641824,0.0018472304,0.16517858,0.0,0.44312745,3.425158e-06,0.010614684,0.022324443,-0.019467637
0.3404444,0.023381507,0.055018067,0.10018138,0.0,0.45342314,1.2752861e-05,0.008741589,0.01879712,-0.026102748
0.24740045,0.03266938,0.07863047,0.24660517,0.0,0.37824595,6.506497e-06,0.007650008,0.0087920735,0.0046154857
0.2278446,0.029972067,0.08510066,0.27847058,0.0,0.3474975,1.2631214e-06,0.006229465,0.024883874,-0.0012995824
0.2707421,0.02506135,0.062365595,0.22486389,0.0,0.39650592,8.272243e-06,0.00459088,0.01586202,-0.0055313297
0.1934988,0.1572154,0.025526823,0.027448606,0.0,0.5685313,1.3770823e-06,0.0106231375,0.017154595,0.020846672
0.23840037,0.055578575,0.018507237,0.08730706,0.0,0.54948956,5.6728453e-07,0.011456412,0.039260197,0.007296525
0.32440755,0.061886538,0.016287977,0.12253339,0.0,0.42080528,1.5397767e-05,0.022743572,0.03132038,0.021483064
0.27260438,0.041379232,0.046211515,0.20652162,0.0,0.39908582,4.5899556e-06,0.016021492,0.018171366,0.013832763
0.20660788,0.07137392,0.008617639,0.16636445,0.0,0.5010906,6.264504e-06,0.015115138,0.030824104,0.0062566623
0.20649111,0.07770403,0.11253498,0.18097068,0.0,0.40326923,2.1256835e-06,0.0046139634,0.014413856,0.06110803
0.22259551,0.063144,0.0410397,0.20932053,0.0,0.4334156,6.5417203e-06,0.008869528,0.021608554,-0.021668136
0.21475232,0.10401669,0.02729465,0.13463587,0.0,0.4940444,4.323445e-06,0.0159924,0.00925936,0.004306048
0.24295408,0.09404145,0.03932355,0.0033317737,0.0,0.56676775,5.4257384e-06,0.015303716,0.038272273,-0.016609505
0.18645157,0.026719246,0.099960156,0.3177332,0.0,0.35161564,7.4150526e-06,0.003746384,0.013766346,-0.062739775
0.257733,0.034829874,0.010896964,0.090014,0.0,0.5359623,4.2844767e-06,0.016147384,0.05441227,0.025772057
0.21959217,0.08401094,0.01990134,0.08479637,0.0,0.5501845,8.3194545e-06,0.009058617,0.032447856,0.017025672
0.2817829,0.04777657,0.03059541,0.20577967,0.0,0.41790426,8.37995e-06,0.0042337254,0.011919056,-0.008368287
0.16977942,0.12296353,0.021599492,0.054375134,0.0,0.5752931,1.1894408e-05,0.012591631,0.04338584,-0.01672554
0.33437574,0.035966184,0.016822156,0.105094664,0.0,0.46798813,4.3105915e-06,0.006004957,0.033743806,0.0270207
0.3699662,0.04303791,0.0019511355,0.12846097,0.0,0.43604344,1.1191081e-05,0.009367813,0.011161326,0.021606147
0.28097823,0.029410552,0.06718797,0.21622467,0.0,0.37584302,1.1244836e-05,0.005538355,0.024805946,-0.028930083
0.26422045,0.02979859,0.025802424,0.17487101,0.0,0.47256303,2.6431383e-06,0.009282475,0.023459353,0.025023721
0.2798339,0.045072976,0.050986666,0.004989207,0.0,0.54713726,1.7621769e-05,0.019815488,0.052146904,-0.007382773
0.19220756,0.109076984,0.06335428,0.10986414,0.0,0.47748178,5.274807e-06,0.012072756,0.035937257,0.022453949
0.21524917,0.08539402,0.0072774417,0.055896275,0.0,0.5803783,1.7396502e-05,0.019313876,0.036473457,-0.00038757175
0.22021566,0.033984073,0.02749874,0.20538001,0.0,0.47804242,5.6673157e-06,0.010024057,0.02484937,0.011592351
0.2698634,0.06222828,0.021074485,0.048778296,0.0,0.54692465,1.0696846e-05,0.007783197,0.043337066,0.0047167838
0.2666599,0.090539366,0.025469588,0.045453418,0.0,0.5057338,3.1720167e-06,0.019048687,0.047092095,0.018369079
0.20933387,0.060977623,0.048129633,0.22728625,0.0,0.40349042,5.589604e-06,0.0114777945,0.039298747,0.017082587
0.23030381,0.091641776,0.024041628,0.0071126586,0.0,0.59802884,1.4654415e-05,0.017208932,0.03164769,0.010275982
0.17044355,0.06139871,0.01973172,0.13637087,0.0,0.55396765,5.375495e-06,0.01863566,0.03944647,0.009693503
0.2510314,0.058044124,0.0653011,0.12008421,0.0,0.46589464,6.4214887e-06,0.0141000785,0.025538048,0.023526907
0.19199157,0.028146114,0.05118197,0.18490428,0.0,0.512028,2.1801385e-05,0.0027788854,0.028947365,0.025385693
0.21326041,0.08875477,0.016382402,0.102164306,0.0,0.5440232,8.5770935e-06,0.010994613,0.024411624,-0.002131097
0.32016304,0.035575956,0.038463213,0.10513729,0.0,0.46525264,2.1804663e-05,0.008919281,0.0264668,0.0048112273
0.22676094,0.067572564,0.099598415,0.14134564,0.0,0.4164152,7.335657e-06,0.0033137058,0.04498618,0.029328763
0.27364603,0.049249653,0.07490572,0.12772693,0.0,0.42609522,5.635375e-06,0.0142329335,0.03413784,0.0047388524
0.20277113,0.06847781,0.034630522,0.022902114,0.0,0.60636693,9.182861e-06,0.010534784,0.05430749,0.0009783879
0.2419057,0.038949907,0.00019863823,0.09156278,0.0,0.5451386,5.688787e-07,0.025392786,0.056851037,0.026184835
0.21922034,0.08753202,0.010534991,0.048931547,0.0,0.57225364,2.111054e-06,0.014032129,0.047493286,-0.0022748187
0.31881803,0.06584397,0.015809294,0.12578365,0.0,0.4347559,4.931415e-06,0.022625573,0.01635862,0.002170898
0.33943194,0.074673675,0.035892047,0.16826943,0.0,0.34892434,7.170724e-06,0.017631486,0.015169872,0.0161312
0.32975382,0.041773237,0.04619911,0.16124836,0.0,0.40743625,7.521046e-07,0.0040384037,0.009550062,0.02430112
0.23093107,0.0965212,0.03453356,0.005116929,0.0,0.58303434,1.50657515e-05,0.012355575,0.0374923,0.03242012
0.32805127,0.04886048,0.0025660417,0.09564989,0.0,0.46722457,8.001632e-06,0.0069144308,0.050725278,-0.0022739843
0.20594683,0.10815605,0.0637433,0.032112718,0.0,0.5368595,3.7479454e-06,0.009311039,0.04386677,0.01780773
0.36122942,0.05754982,0.02058928,0.07208836,0.0,0.42430824,7.662452e-06,0.01748134,0.0467459,0.009412892
0.20296517,0.043107588,0.033341583,0.18274105,0.0,0.51178986,3.4420295e-06,0.009000061,0.01705124,0.0082218945
0.2570837,0.06288073,0.021932147,0.16908032,0.0,0.44923002,2.9439548e-06,0.0129952915,0.026794821,0.019629471
0.30274448,0.043014318,0.00024435576,0.03866033,0.0,0.5432562,5.26301e-06,0.016638739,0.055436373,0.026976205
0.21607909,0.12261173,0.0016069736,0.06638025,0.0,0.5548476,2.1188164e-06,0.0179909,0.020481361,0.009028859
0.26921362,0.024798578,0.07935685,0.2514494,0.0,0.36100236,6.5650456e-06,0.0044364696,0.009736114,-0.008182969
0.25388688,0.036244564,0.035032254,0.12093109,0.0,0.516928,3.8913277e-06,0.014762998,0.022210367,-0.0010429248
0.16532116,0.059405144,0.06570973,0.21948981,0.0,0.46065766,1.5815553e-05,0.0080638025,0.021336917,0.020053409
0.19989544,0.08252252,0.012814958,0.09708067,0.0,0.57319146,6.7178416e-06,0.012145717,0.022342507,0.023302741
0.2344656,0.06403011,0.0053733857,0.1267056,0.0,0.5573683,3.0348158e-06,0.0056863567,0.0063676774,0.02317781
0.24243954,0.06990259,0.012674233,0.13244238,0.0,0.5169114,4.0603706e-07,0.014877406,0.010752048,0.016999103
0.1463084,0.04882468,0.05907079,0.2350899,0.0,0.46821573,2.2615337e-05,0.0015722715,0.04089561,0.012162156
0.22267535,0.03609952,0.057038315,0.20335591,0.0,0.45416763,1.4303745e-05,0.0151674785,0.011481429,-1.8782914e-05
0.35483772,0.06657474,0.020076275,0.008386348,0.0,0.5129869,9.705517e-06,0.016684316,0.02044392,-0.020265102
0.290401,0.08190382,0.059432197,0.1064182,0.0,0.42504764,1.4125998e-05,0.008241491,0.0285415,0.03135188
0.27053756,0.0630499,0.0042165346,0.17108907,0.0,0.45752993,5.7034063e-06,0.0152418045,0.018329518,0.017392598
0.23794882,0.0881654,0.06700394,0.16699535,0.0,0.39993346,4.5117863e-06,0.009475356,0.030473169,0.00077266246
0.2692474,0.031105734,0.050414443,0.13021778,0.0,0.4937232,3.3966178e-06,0.007159297,0.018128661,-0.006252244
0.32229567,0.062378522,0.075957105,0.0715315,0.0,0.41279393,1.966425e-05,0.008626847,0.046396747,0.035970636
0.25418925,0.049398012,0.026486902,0.009414065,0.0,0.5847586,1.3545907e-05,0.023544574,0.052195035,0.0074944943
0.32148105,0.038112957,0.044078976,0.09167152,0.0,0.4405222,2.246932e-05,0.019094978,0.04501583,0.011688516
0.19559422,0.09232155,0.065370396,0.12136557,0.0,0.48522264,2.0737547e-05,0.00766489,0.032440055,0.002471067
0.23905993,0.029990792,0.10453798,0.1226296,0.0,0.4610038,1.3087366e-05,0.0066164923,0.036148306,0.014356978
0.21204545,0.048973527,0.014162372,0.103136316,0.0,0.57152665,1.4473959e-06,0.021895807,0.028258467,0.020391993
0.24328467,0.064744905,0.08584755,0.100705706,0.0,0.46150735,8.162025e-06,0.019988129,0.023913555,0.001903005
0.29949746,0.04128181,0.084483854,0.0949245,0.0,0.4246316,2.0846783e-05,0.0013598623,0.053800125,-0.0058307275
0.24072139,0.091979906,0.07361222,0.13246183,0.0,0.38780275,2.3795525e-05,0.018390901,0.05500721,0.0013594553
0.24135181,0.03639617,0.033417214,0.15731385,0.0,0.48996097,2.1835765e-05,0.009515453,0.032022655,0.013046935
0.1873456,0.09715562,0.052543122,0.17566556,0.0,0.45689574,1.4375039e-05,0.004165788,0.026214251,0.024836443
0.29947197,0.027183564,0.004304943,0.09758845,0.0,0.49297288,1.1007018e-06,0.01868839,0.05978875,0.015415944
0.30430433,0.026327452,0.03308529,0.16936462,0.0,0.4259578,9.047181e-06,0.008133837,0.03281764,0.0074966773
0.28435493,0.068798155,0.033778932,0.021560859,0.0,0.5014383,4.2195438e-07,0.018872174,0.0711963,0.024204634
0.3343368,0.027653478,0.048919447,0.12868859,0.0,0.4268564,7.657521e-06,0.008794786,0.024742762,-0.044302683
0.28613842,0.0627063,0.043135818,0.023315376,0.0,0.50564015,7.3703777e-06,0.0141321765,0.06492445,0.027166761
0.3063464,0.02571235,0.030850766,0.20216744,0.0,0.38640168,1.0290345e-05,0.012502691,0.0360084,0.009539388
0.32812884,0.036092915,0.0042362586,0.095324025,0.0,0.46364945,8.509555e-07,0.015271272,0.05729638,0.01727572
0.2792638,0.04099923,0.025307475,0.0538608,0.0,0.5221741,1.7255202e-06,0.016975002,0.061417874,0.010325439
0.2562439,0.05894916,0.06231747,0.20476289,0.0,0.3890417,1.4476335e-05,0.0054230047,0.023247356,-0.03522938
0.34462458,0.06087057,0.051386297,0.12611294,0.0,0.39407188,9.610457e-06,0.007549225,0.015374927,-0.043779798
0.24396735,0.06434701,0.009975617,0.04932758,0.0,0.56725484,2.3011016e-06,0.010705749,0.054419544,-0.010722969
0.23181643,0.12189533,0.08189596,0.18792988,0.0,0.3536993,1.1520919e-05,0.008574902,0.014176684,-0.07612843
0.2601897,0.03007371,0.07890893,0.27064276,0.0,0.33628687,7.005626e-06,0.0077777123,0.01611323,-0.111879826
0.16473585,0.15063405,0.015407208,0.021904316,0.0,0.59987766,5.9306685e-06,0.010783928,0.03665103,-0.0111778565
0.35434973,0.04564345,0.026649745,0.110791914,0.0,0.43382448,5.9059325e-06,0.009042524,0.01969227,-0.040696025
0.3338402,0.05461324,0.022067735,0.14352791,0.0,0.42146057,9.751844e-06,0.0072271237,0.017253524,-0.0329278
0.36093304,0.028494457,0.003624657,0.031077666,0.0,0.5283337,1.4318807e-06,0.009722613,0.03781243,-0.031176515
0.3140275,0.033817697,0.05582907,0.17284031,0.0,0.4034934,5.7150537e-06,0.004488003,0.015498364,-0.01815997
0.3592208,0.023139874,0.028718894,0.13658282,0.0,0.41378522,5.997691e-06,0.007372299,0.031174134,-0.045579445
0.39138696,0.026365515,0.036745474,0.17632037,0.0,0.34155315,5.9804183e-06,0.009016514,0.018606009,-0.10543053
0.32635748,0.020156804,0.059457187,0.15932178,0.0,0.41082868,9.727244e-06,0.0066396925,0.017228656,-0.04475501
0.29984504,0.03064212,0.05862975,0.111406356,0.0,0.46915263,1.6085072e-05,0.009659624,0.020648483,-0.03650961
0.28157008,0.048362367,0.059686657,0.1356423,0.0,0.43250376,1.5499098e-05,0.0064029978,0.035816327,-0.028289113
0.33200544,0.022305496,0.055149447,0.11550225,0.0,0.4444447,6.063501e-06,0.009736107,0.020850448,-0.035092644
0.22476336,0.025547203,0.081194155,0.2622818,0.0,0.39031023,6.977523e-06,0.006732617,0.009163605,-0.0454183
0.19027114,0.02953654,0.08683723,0.3668848,0.0,0.30292493,9.412741e-06,0.0049442113,0.018591724,-0.12858064
0.20668668,0.08017553,0.05101358,0.08838451,0.0,0.51204777,1.4846131e-06,0.010044626,0.05164584,0.01768183
0.20363659,0.031538364,0.08157316,0.3127076,0.0,0.35707647,5.577902e-06,0.00441521,0.009047012,-0.103863075
0.18292336,0.0288162,0.084566064,0.31169686,0.0,0.36131638,7.3724595e-06,0.011138091,0.01953565,-0.08230111
0.27033648,0.02271815,0.094294116,0.21851236,0.0,0.3724936,1.2166193e-05,0.0067928303,0.01484024,-0.1219867
0.33772773,0.028822146,0.040650718,0.14008078,0.0,0.41233203,6.857461e-06,0.009844298,0.030535493,-0.0645808
0.35438037,0.025381336,0.05755909,0.16162929,0.0,0.38059336,5.613874e-06,0.010050894,0.010400139,-0.071122214
0.31868318,0.028046902,0.078600936,0.24236488,0.0,0.31362012,6.4836095e-06,0.007194173,0.01148336,-0.016402222
0.2534556,0.030631779,0.074145034,0.1833065,0.0,0.43976155,8.04947e-06,0.009493311,0.009198107,-0.0357656
0.2906378,0.04224853,0.055160705,0.15867436,0.0,0.4302849,8.576197e-06,0.0058860043,0.017099133,-0.015057541
0.18680844,0.10161732,0.012979561,0.04757036,0.0,0.607588,1.0783868e-05,0.008847002,0.034578484,0.00054603815
0.37395614,0.06373614,0.043918576,0.12644593,0.0,0.37319416,5.6447634e-06,0.007987116,0.010756294,-0.052917466
0.27698618,0.031332377,0.067637004,0.16230115,0.0,0.43437108,9.069272e-06,0.008336598,0.019026464,-0.025228005
0.2747787,0.073553436,0.010260199,0.07608498,0.0,0.50101453,1.2915891e-06,0.0076826387,0.05662428,-0.008474566
0.22661787,0.10595409,0.032332886,0.06425569,0.0,0.521366,1.7064198e-05,0.015096482,0.03436,0.034364223
0.22067611,0.038381428,0.005764976,0.15788737,0.0,0.5178464,3.4272366e-06,0.019327143,0.040113192,-0.0024169236
0.21834478,0.062876545,0.033656865,0.18230508,0.0,0.4675092,8.522352e-07,0.019189145,0.016117526,-0.004593216
0.3089799,0.08326048,0.02801493,0.13749696,0.0,0.41403654,2.5388047e-06,0.010199197,0.018009469,0.0030991808
0.34304166,0.075105704,0.02098274,0.08707629,0.0,0.4388594,7.891045e-07,0.012482996,0.022450445,-0.03275764
0.17113085,0.028326998,0.09119232,0.32938045,0.0,0.3506057,1.2369016e-07,0.0036841936,0.025679404,-0.043528676
0.21422572,0.04355106,0.04339069,0.1555153,0.0,0.51861733,5.0551707e-06,0.013716492,0.010978427,-0.003629744
0.2389945,0.065532885,0.009438216,0.101765096,0.0,0.536121,1.9512443e-06,0.018236233,0.029910224,0.0023135766
0.21879192,0.05064293,0.0022704478,0.071995944,0.0,0.5946244,1.2723817e-05,0.022792375,0.038869224,0.004729204
0.24222238,0.09509955,0.0064682285,0.08782803,0.0,0.5417551,1.0527268e-06,0.016424162,0.010201492,-0.00057225674
0.22628248,0.056981992,0.087889984,0.25806275,0.0,0.35165575,5.440544e-06,0.00370085,0.015420732,-0.008207414
0.271803,0.029367367,0.06819062,0.23234446,0.0,0.3774381,1.0763443e-05,0.0069628134,0.013882813,0.0058676377
0.261441,0.07705676,0.013160594,0.08564566,0.0,0.53120387,2.0776492e-06,0.010439956,0.021050056,0.008812681
0.23590697,0.14684665,0.065596335,0.07228453,0.0,0.40224463,5.376865e-06,0.012167758,0.06494778,0.016480185
0.20897642,0.11376994,0.0729807,0.04833854,0.0,0.48177826,2.1010779e-07,0.02198519,0.052170787,0.010306753
0.335926,0.05473602,0.0032439686,0.103574894,0.0,0.46276185,5.045752e-06,0.004696103,0.035056137,-0.0074535906
0.30863088,0.096885376,0.009471384,0.15370695,0.0,0.38183668,5.956487e-06,0.0032369802,0.046225797,-0.0019799173
0.29130417,0.061868787,0.021808684,0.08985492,0.0,0.48962528,2.248291e-06,0.011617811,0.033918183,0.0057632253
0.22031595,0.060927015,0.001091675,0.0774228,0.0,0.5556114,1.4485773e-05,0.019648017,0.064968735,0.0070109665
0.23748669,0.07114461,0.011602529,0.09910243,0.0,0.53835076,1.9592699e-06,0.016524594,0.02578641,-0.0024544597
0.21335533,0.10445736,0.030562896,0.06394572,0.0,0.5528692,1.0291293e-05,0.016832095,0.017967144,0.0011940375
0.24340957,0.07118994,0.00071768684,0.015741333,0.0,0.6160357,4.6797327e-06,0.019064456,0.033836678,0.0056284294
0.22835849,0.043133896,0.018949525,0.05994373,0.0,0.58818275,9.191178e-06,0.01468815,0.0467342,0.009726889
0.21398859,0.10196653,0.021252377,0.036396768,0.0,0.5552124,2.0509582e-07,0.018569704,0.05261337,-0.0006073117
0.24390781,0.055058077,0.049862415,0.025924847,0.0,0.56429017,7.918932e-06,0.021543652,0.03940507,0.0063851103
0.26248738,0.055598546,0.015729455,0.022371126,0.0,0.5887123,1.004964e-05,0.012134047,0.042957015,0.010139205
0.23248322,0.13231589,0.060573503,0.057074603,0.0,0.4323459,2.2275042e-06,0.018362284,0.066842414,0.005396098
0.24591868,0.16410752,0.075474724,0.03754617,0.0,0.41140425,8.085676e-06,0.0206333,0.04490727,-0.011227183
0.26541278,0.103090934,0.07889653,0.068109654,0.0,0.45529208,1.3396684e-05,0.01052706,0.018657606,-0.004113309
0.29170722,0.07988278,0.046468016,0.08062528,0.0,0.45526028,1.4047369e-05,0.008797143,0.037245337,0.02309779
0.29011968,0.099150755,0.03317754,0.005890673,0.0,0.50622,1.0706261e-07,0.013061403,0.05237994,0.0072474554
0.1699233,0.14417167,0.060815662,0.07875043,0.0,0.48316452,1.0627342e-05,0.005984172,0.057179566,0.0399063
0.25167805,0.06470414,0.017150296,0.011727598,0.0,0.6105663,1.1201884e-05,0.012388267,0.03177419,0.015482686
0.29383737,0.0880832,0.041621365,0.112009265,0.0,0.4307888,1.0405827e-05,0.020118682,0.013530862,0.024068303
0.25044337,0.039280973,0.05162734,0.038279768,0.0,0.5433901,7.244701e-06,0.0125916945,0.0643795,-0.012202408
0.25822854,0.116014026,0.046758074,0.07513726,0.0,0.4754504,8.719781e-06,0.009035917,0.019367132,-0.0045278296
0.40537235,0.032087047,0.015595344,0.10135237,0.0,0.4127523,1.3112724e-05,0.007871471,0.02495601,-0.016691264
0.23294972,0.043899246,0.07191539,0.040537894,0.0,0.5405567,1.566939e-05,0.013582909,0.05654242,-0.015631162
0.22175312,0.043581158,0.07699351,0.028221752,0.0,0.5525838,8.263823e-06,0.017631123,0.059227187,-0.029288515
0.22671518,0.10342617,0.0735815,0.0010502433,0.0,0.528109,4.4411036e-06,0.01871804,0.04839547,-0.015182022
0.25185454,0.068248086,0.09090956,0.084070615,0.0,0.46654847,1.756185e-05,0.005621642,0.03272949,0.045148954
0.20828623,0.039720263,0.04562402,0.30854973,0.0,0.37947616,8.353906e-06,0.009733221,0.008602109,0.03898055
0.3160227,0.081438415,0.011082741,0.07269957,0.0,0.47448722,9.315941e-06,0.0048567005,0.03940337,-0.017849311
0.250333,0.101151206,0.05177337,0.079876475,0.0,0.45136786,9.191701e-06,0.01749044,0.047998346,-0.034823116
0.22559549,0.03657189,0.015404143,0.15815386,0.0,0.5185005,3.3374308e-06,0.020001912,0.025768833,-0.0138474405
0.20037302,0.022687595,0.08663809,0.3205228,0.0,0.35287085,1.0299513e-05,0.004595274,0.012302062,-0.043100137
0.24765967,0.04305661,0.044326935,0.3306056,0.0,0.3141078,4.352779e-06,0.006298294,0.013940749,-0.012721889
0.25908557,0.040703114,0.039474767,0.31302506,0.0,0.33673412,6.524215e-06,0.0059747486,0.0049961526,-0.001633212
0.34214354,0.040765814,0.028217128,0.0906498,0.0,0.4669281,2.2861282e-06,0.014763212,0.016530154,-0.014939502
0.2645505,0.02951107,0.04680094,0.19398871,0.0,0.42873254,9.589508e-06,0.010845296,0.025561273,-0.0226852
0.26721925,0.04190702,0.0228231,0.098400906,0.0,0.5089033,1.0414534e-05,0.024072625,0.036663394,-0.025541939
0.18891373,0.028999718,0.06314985,0.25386345,0.0,0.42774087,1.1624347e-05,0.006649764,0.030670987,-0.027469601
0.22291026,0.12507921,0.038287923,0.010437026,0.0,0.5429821,3.2623802e-06,0.015888019,0.04441217,-0.012791801
0.24079318,0.085943274,0.077074,0.022544606,0.0,0.51065516,7.473771e-07,0.011400447,0.051588595,-0.0044041984
0.2094756,0.07516604,0.03345342,0.17368382,0.0,0.46275166,1.5033651e-05,0.013446199,0.032008268,-0.016951218
0.29564297,0.06740013,0.062333297,0.19869663,0.0,0.34860367,7.3407487e-06,0.0071454374,0.020170504,-0.039309047
0.21836193,0.12718116,0.0029095751,0.06717316,0.0,0.5377761,9.819836e-06,0.020281699,0.026306592,-0.022238843
0.24186543,0.05102488,0.0027772386,0.08081313,0.0,0.56302947,5.7769016e-06,0.020140251,0.040343832,-0.01912921
0.25451973,0.03755541,0.017380556,0.08322985,0.0,0.53737235,7.3065785e-06,0.013738292,0.05619653,-0.013638739
0.19224533,0.11888468,0.0378133,0.08521661,0.0,0.53024536,4.2150887e-06,0.014962921,0.02062755,-0.020993523
0.24794488,0.072641045,0.053392418,0.19501077,0.0,0.412632,1.1717569e-05,0.0051820655,0.013185129,-0.005899638
0.24752231,0.09046232,0.024202121,0.009634121,0.0,0.55990726,1.362868e-06,0.020794883,0.04747566,-0.0076938197
0.27576894,0.057155896,0.078895725,0.044829525,0.0,0.47707176,1.1047131e-05,0.017586142,0.048680943,-0.010690853
0.21021777,0.028972642,0.089189,0.27313375,0.0,0.3816046,1.9492814e-05,0.0059528896,0.010909767,-0.044161342
0.30441755,0.06351584,0.038764775,0.22952107,0.0,0.3520542,1.3137716e-05,0.0041940534,0.007519382,-0.020744365
0.2714143,0.03618345,0.0041913316,0.08505207,0.0,0.5503784,3.8709092e-07,0.008033426,0.044746667,-0.006502304
0.24227825,0.081635326,0.01835357,0.055153523,0.0,0.53602105,9.749632e-06,0.033427928,0.03312067,-0.013609961
0.25124818,0.03975845,0.04873291,0.053259388,0.0,0.5145218,3.7041768e-06,0.013345408,0.07913014,-0.006127663
0.35009143,0.029974528,0.037893664,0.1609947,0.0,0.38747233,1.326749e-05,0.004359998,0.0292001,-0.0012593791
0.2486043,0.06639522,0.080787994,0.11648509,0.0,0.42973608,1.0993746e-06,0.009956157,0.04803406,-0.026031755
0.2954374,0.03960165,0.023467626,0.13158697,0.0,0.46907857,1.253405e-05,0.016370777,0.02444452,-0.011605397
0.29387927,0.038244504,0.016168619,0.10630223,0.0,0.51441824,3.3369167e-06,0.016962131,0.014021598,-0.0135761425
0.27383,0.055549495,0.011801385,0.063123785,0.0,0.55457765,2.3807943e-06,0.008377999,0.032737322,-0.02486185
0.26903516,0.060288806,0.025472594,0.08647099,0.0,0.522549,3.3448612e-06,0.017680204,0.018499946,-0.016223505
0.23831597,0.071038514,0.004801904,0.029606957,0.0,0.5760525,9.4749976e-07,0.026768796,0.053414434,0.007219203
0.25461832,0.07333894,0.0040877108,0.09341736,0.0,0.5238221,8.129706e-06,0.018100472,0.032606915,0.01175151
0.27006254,0.09166345,0.021815151,0.04094618,0.0,0.5051162,8.856436e-06,0.027665904,0.042721752,-0.0030989274
0.2390926,0.07467074,0.010886427,0.107461564,0.0,0.49826512,4.0869e-06,0.020492833,0.049126606,-0.018536642
0.31423634,0.049011737,0.016669134,0.065876864,0.0,0.5137737,6.533059e-07,0.019308789,0.021122823,-0.022852525
0.2573693,0.09177574,0.022161556,0.05886462,0.0,0.5158387,5.23416e-06,0.022226205,0.031758726,-0.0008799732
0.3423249,0.06298677,0.014862853,0.04379214,0.0,0.4647442,3.6177815e-07,0.023569677,0.047719132,-0.016105566
0.26687577,0.053024206,0.02827623,0.06756933,0.0,0.5105152,2.9449543e-06,0.019211922,0.05452442,-0.0272207
0.2693088,0.043803163,0.027825894,0.09448528,0.0,0.5128632,9.522674e-06,0.016718326,0.034985814,-0.012425654
0.22366123,0.08559453,0.017399032,0.103838444,0.0,0.50473213,5.0569292e-06,0.024438022,0.040331613,-0.01177071
0.27909327,0.09016423,0.01938559,0.16525277,0.0,0.4141377,5.0126973e-06,0.008102957,0.02385847,-0.0044627488
0.32008958,0.045309257,0.043401938,0.016963156,0.0,0.51919186,2.3322768e-06,0.020472001,0.034569867,0.016615577
0.2884451,0.066318475,0.024341345,0.08677497,0.0,0.4997512,1.2634782e-05,0.018376956,0.015979301,-0.017106272
0.20701237,0.045545325,0.042092495,0.03811195,0.0,0.5952432,3.53336e-06,0.014258158,0.057732996,-0.0023032948
0.218706,0.04606214,0.0074945423,0.12133487,0.0,0.5544048,2.8430923e-06,0.012782735,0.039211996,-0.025032714
0.32154724,0.039441325,0.01793511,0.09878017,0.0,0.48609582,5.637377e-06,0.010628705,0.025566075,-0.003258668
0.2821902,0.030105516,0.058169413,0.18957698,0.0,0.42667204,1.5968615e-05,0.0043928744,0.008876982,-0.018004991
0.37505782,0.039432578,0.0037172118,0.07901882,0.0,0.46014157,6.48006e-06,0.014322754,0.028302839,0.0075928792
0.27598813,0.03743675,0.06141785,0.06449236,0.0,0.49680758,9.198239e-06,0.014260504,0.049587585,0.01949101
0.23133963,0.024914175,0.053127933,0.2387502,0.0,0.41250274,1.87623e-05,0.0023934033,0.036953148,0.0073234513
0.25247124,0.04720388,0.034683265,0.17509426,0.0,0.42049864,1.1989514e-05,0.005418005,0.064618684,0.0055188313
0.38472748,0.11363591,0.0060921297,0.06733543,0.0,0.3921073,4.1422545e-06,0.01198331,0.024114234,0.009291641
0.24671152,0.05188521,0.0120079275,0.0777627,0.0,0.5543928,1.4880141e-05,0.020179672,0.03704528,-0.016452238
0.2470998,0.03248437,0.050471123,0.1763193,0.0,0.45960146,1.5420768e-05,0.0043051327,0.029703442,0.01877667
0.27057204,0.09831955,0.051220663,0.035396047,0.0,0.49476543,1.492732e-06,0.013651043,0.036073722,-0.008284904
0.1828129,0.023137925,0.07566621,0.28757983,0.0,0.41203508,1.3187571e-05,0.004950309,0.013804617,-0.022393893
0.18540771,0.03915846,0.067822516,0.26984492,0.0,0.4060321,7.987871e-06,0.0020274345,0.02969884,0.028311871
0.3214396,0.107737385,0.038075987,0.018711528,0.0,0.4459078,1.6393745e-06,0.02025797,0.047868144,0.017603375
0.2892274,0.0402654,0.030716244,0.048209056,0.0,0.5307151,5.8458945e-06,0.019258387,0.041602664,-0.015963078
0.3630485,0.07553721,0.016939154,0.008552057,0.0,0.502986,4.793636e-06,0.007170144,0.025762156,0.025534444
0.2764206,0.080786526,0.04699247,0.05612464,0.0,0.5043878,1.3740722e-05,0.012366001,0.022908248,-0.0058599263
0.28435677,0.049372904,0.013037802,0.084418125,0.0,0.5344599,5.850146e-06,0.013182757,0.021165837,0.014433138
0.24531816,0.020520799,0.07886579,0.24015486,0.0,0.37960476,1.621368e-05,0.003898337,0.03162107,0.019541495
0.23676717,0.073323116,0.030915026,0.032195624,0.0,0.5512147,2.2727622e-06,0.021261605,0.054320514,-0.009980291
0.22293448,0.048417013,0.009903462,0.14408115,0.0,0.5330004,1.8761793e-06,0.013643542,0.0280181,-0.008396506
0.2721161,0.05716942,0.095201865,0.09468634,0.0,0.4318996,5.235844e-07,0.005906917,0.0430192,0.041047014
0.2375221,0.15333715,0.027798608,0.054760993,0.0,0.45334044,5.1488514e-06,0.01868916,0.05454642,-0.024436258
0.24793036,0.0706881,0.04643217,0.09215666,0.0,0.4952225,3.0531235e-06,0.009540923,0.03802627,0.009082243
0.24648367,0.04539219,0.029605621,0.019297,0.0,0.5885595,2.4169008e-06,0.018383622,0.05227596,-0.0044076927
0.21060929,0.115906805,0.038867466,0.052936435,0.0,0.5425364,5.883114e-06,0.006262695,0.03287505,-0.032314897
0.2680209,0.038258873,0.02239078,0.14320792,0.0,0.48158,4.2765164e-06,0.020532547,0.026004719,-0.009635881
0.23104474,0.08337821,0.072249465,0.20389509,0.0,0.35691196,9.3386625e-06,0.012178985,0.040332213,0.009173572
0.30854464,0.14109936,0.0203445,0.0074224104,0.0,0.44794813,6.276404e-06,0.03204489,0.042589825,-0.026681397
0.30678377,0.020950865,0.04665633,0.2130529,0.0,0.3746292,1.8111052e-05,0.0049518766,0.032957017,0.0101906285
0.23611103,0.08915246,0.038408637,0.034943756,0.0,0.5121504,9.8932915e-06,0.018782062,0.07044181,-0.00051980466
0.36640042,0.039649438,0.007841916,0.1200314,0.0,0.44161814,1.0189842e-05,0.007601893,0.016846621,0.05106584
0.21941689,0.08801977,0.035958394,0.00033132822,0.0,0.5646159,4.1793546e-06,0.017446695,0.074206784,0.0023505464
0.3078289,0.077638,0.018272933,0.029317703,0.0,0.5287262,2.0667878e-06,0.01923931,0.018974917,-0.02053849
0.3329054,0.0344975,0.03085858,0.11516512,0.0,0.45864758,3.2169798e-06,0.0134756435,0.014446978,0.017053492
0.21428439,0.079067476,0.07310464,0.045521416,0.0,0.5070455,1.468738e-05,0.02270453,0.058257326,-0.003082253
0.39749432,0.035444357,0.0344885,0.052049406,0.0,0.44076118,2.0761945e-06,0.015118086,0.024642073,0.0056045875
0.25164232,0.035847906,0.024203818,0.09424898,0.0,0.53646576,2.5866548e-05,0.014111708,0.04345363,-0.0033271015
0.25610358,0.036117923,0.045563303,0.16205771,0.0,0.47132602,3.6155718e-06,0.0079631,0.020864686,1.835078e-05
0.32206544,0.043880746,0.011332443,0.16736503,0.0,0.43153015,4.8310962e-06,0.011087906,0.0127334865,-0.0004892871
0.3319632,0.09398157,0.039919388,0.03890913,0.0,0.46117544,4.4216554e-06,0.019181557,0.014865278,0.0015681759
0.35247904,0.03274142,0.038993903,0.15261345,0.0,0.37770042,3.514756e-06,0.0023926424,0.043075655,0.03514462
0.300582,0.075617775,0.044281308,0.0033325464,0.0,0.47603953,2.8329373e-07,0.02957203,0.07057458,0.0134060085
0.37720707,0.103099994,0.053655203,0.023353396,0.0,0.39855006,3.4699299e-06,0.00630209,0.03782864,0.01437299
0.27196586,0.096182466,0.044457898,0.034480315,0.0,0.50091356,1.1106986e-06,0.01884077,0.03315807,-0.01585111
0.29618087,0.028037803,0.06429554,0.21055728,0.0,0.36800578,1.1108782e-05,0.0023150188,0.030596567,0.018458672
0.25191975,0.115656726,0.031147562,0.05562556,0.0,0.48591214,7.2025324e-07,0.026642824,0.033094738,-0.008828729
0.29616013,0.049427353,0.0619352,0.11521155,0.0,0.44251543,1.6636206e-05,0.006956404,0.02777727,-0.008693244
0.24886712,0.10174864,0.044047035,0.0062661795,0.0,0.5167846,4.490201e-06,0.02531599,0.056965865,-0.020456575
0.2779069,0.08507585,0.04318944,0.061850265,0.0,0.4691805,4.1516514e-06,0.013394209,0.049398758,-0.0068365075
0.31627956,0.057943325,0.009037866,0.11055758,0.0,0.47991142,9.568309e-06,0.015967194,0.010293423,0.01088848
0.32056716,0.042182848,0.0011856303,0.15338819,0.0,0.4418334,6.338791e-06,0.011441265,0.02939522,0.024231032
0.26684406,0.07269088,0.092491575,0.049080744,0.0,0.4611923,2.2429192e-06,0.011778694,0.04591944,-0.0025101677
0.226846,0.08441435,0.04704131,0.05942363,0.0,0.51781684,8.886842e-06,0.021250268,0.043198667,-0.003999479
0.2582638,0.04588421,0.010747337,0.04282352,0.0,0.57455206,9.542451e-06,0.020341208,0.047378287,-0.010285214
0.23811984,0.036592413,0.014826216,0.027504949,0.0,0.6114417,8.688837e-06,0.023885798,0.047620505,-0.012200654
0.23458034,0.06367134,0.017904954,0.06938537,0.0,0.56355184,9.440388e-06,0.014267137,0.036629643,-0.020946924
0.23394527,0.07019025,0.0026205631,0.008847963,0.0,0.6351901,1.2284764e-05,0.015508066,0.033685517,-0.008211128
0.41577575,0.020091642,0.055358447,0.14159273,0.0,0.3438338,1.0272748e-05,0.007116294,0.016221045,-0.07968742
0.29269457,0.034444224,0.025847536,0.05250124,0.0,0.5619443,6.7175065e-06,0.009967143,0.022594256,-0.028740585
0.2990883,0.0283909,0.065981,0.15797229,0.0,0.43020853,1.3376851e-05,0.007845535,0.010500029,-0.018996693
0.20237103,0.054171745,0.022369137,0.06063035,0.0,0.60025704,8.363635e-06,0.02142728,0.03876499,-0.00805483
0.22057395,0.15118429,0.075368874,0.08952772,0.0,0.40891442,4.373447e-06,0.008546193,0.04588022,0.011648379
0.27385503,0.09298844,0.0053514447,0.115485124,0.0,0.46508372,1.0136612e-05,0.016181238,0.031044912,-0.00304842
0.25151762,0.07795307,0.035570137,0.28356326,0.0,0.33672643,4.395959e-06,0.005583869,0.009081254,-0.16445878
0.29765305,0.053251144,0.04699047,0.21907413,0.0,0.35527238,1.5641162e-05,0.005811209,0.021931963,-0.030316062
0.36533383,0.060830273,0.007937505,0.030980354,0.0,0.4999124,8.5850706e-07,0.0077633243,0.02724153,-0.007304225
0.23191492,0.10917027,0.05988273,0.03813509,0.0,0.50670123,3.0571312e-06,0.014073263,0.04011944,-0.002045542
0.2733595,0.08078456,0.009423517,0.11440317,0.0,0.49844572,7.679604e-06,0.009379528,0.014196335,-0.0077116117
0.29463413,0.07218655,0.04351631,0.015239287,0.0,0.5293256,1.7566845e-06,0.008145239,0.03695115,-0.00263156
0.22809017,0.14745481,0.0434933,0.07146375,0.0,0.4517793,4.884602e-06,0.011207727,0.04650608,-0.013029546
0.25597936,0.04406189,0.034452397,0.024334162,0.0,0.5598965,1.0601168e-05,0.017173752,0.0640913,-0.02019019
0.18998583,0.0489502,0.06948974,0.06617143,0.0,0.53905505,1.05468125e-05,0.017329004,0.06900814,-0.012751382
0.33401376,0.034716677,0.014702773,0.06968858,0.0,0.5144257,2.1921964e-05,0.0073571512,0.025073467,-0.029797897
0.14614128,0.14398916,0.06916322,0.10659478,0.0,0.4569418,8.166446e-06,0.01384813,0.06331352,-0.0064862072
0.2753587,0.043008287,0.008031749,0.014978761,0.0,0.5870848,1.8958503e-05,0.018625632,0.05289318,-0.025620293
0.2226668,0.044965267,0.050372586,0.037227917,0.0,0.57154393,1.230958e-05,0.016489316,0.056721885,-0.026433118
0.25796184,0.15506189,0.027491087,0.044653356,0.0,0.4648557,3.5390024e-06,0.008258491,0.041714124,-0.00013319403
0.35966098,0.033316635,0.012385436,0.047882605,0.0,0.50422364,1.3618586e-05,0.0065677655,0.035949368,-0.035401717
0.24320664,0.03688365,0.030528108,0.11362925,0.0,0.51893044,1.2992404e-05,0.026403833,0.030405082,-0.013460297
0.32575512,0.102011554,0.0049031493,0.03746874,0.0,0.4942702,4.990072e-06,0.008689864,0.026896358,-0.015665255
0.21845216,0.0313137,0.070100345,0.26383594,0.0,0.3929241,1.1830057e-05,0.006004195,0.017357742,-0.03155218
0.24905251,0.0451706,0.050542876,0.29488644,0.0,0.35058075,9.521856e-06,0.0045618024,0.005195418,-0.093826205
0.30706853,0.0277487,0.073111415,0.26677456,0.0,0.3111695,9.775134e-06,0.005584092,0.008533354,-0.04760882
0.4051356,0.025516262,0.049062166,0.13668996,0.0,0.3570051,1.2732811e-05,0.0065842755,0.019993989,-0.10290754
0.19977534,0.09140545,0.009181674,0.04465626,0.0,0.6140972,1.1450418e-05,0.012082408,0.028790165,-0.01820065
0.2529348,0.08676476,0.038244493,0.07720277,0.0,0.48426732,1.3264914e-06,0.018258505,0.042326033,-0.012922149
0.21705666,0.06034359,0.006272259,0.055715717,0.0,0.6072019,1.9217494e-05,0.013282596,0.040108133,-0.021926507
0.25870252,0.081942216,0.013442111,0.019483149,0.0,0.55038357,7.0532537e-06,0.018270973,0.057768434,-0.010698959
0.23160324,0.15028946,0.012480322,0.0077281287,0.0,0.538305,8.636795e-06,0.023275986,0.036309257,-0.01418962
0.24120824,0.124738075,0.006481556,0.015789142,0.0,0.5642613,6.592624e-06,0.018212803,0.029302279,-0.007575188
0.30057785,0.054989234,0.018353311,0.04324105,0.0,0.5098899,1.2965809e-05,0.014053757,0.05888192,-0.010430291
0.22747202,0.13591246,0.041533362,0.07730304,0.0,0.46335325,7.9623815e-06,0.011593891,0.042823978,-0.0075355694
0.32439288,0.038330317,0.01264741,0.050458055,0.0,0.5295558,3.2071537e-08,0.010935556,0.03367995,0.013812423
0.24507664,0.08482258,0.07788137,0.013976585,0.0,0.5416739,3.1310174e-06,0.0059173023,0.030648494,0.0027933195
0.2072067,0.034685735,0.06186879,0.23040308,0.0,0.4240955,6.109431e-06,0.006470115,0.035263933,0.034093186
0.26807588,0.05865632,0.008445079,0.050712563,0.0,0.56817895,1.1687117e-05,0.012462823,0.033456728,0.07214219
0.29682463,0.064607896,0.030879496,0.059723806,0.0,0.51558244,6.28295e-07,0.015576348,0.016804751,-0.028503932
0.2919515,0.09728574,0.03426039,0.018067189,0.0,0.52362806,2.3085684e-06,0.018862324,0.015942508,-0.014587436
0.29495633,0.11813104,0.034793116,0.02063948,0.0,0.50359434,1.5587357e-08,0.0145156635,0.013369962,0.004178606
0.2834368,0.082276724,0.06315042,0.054952215,0.0,0.4668743,1.5700577e-06,0.01520597,0.034101944,-0.0049250647
0.31616476,0.055284545,0.020092858,0.22993731,0.0,0.33124307,5.2678542e-06,0.021510795,0.025761353,-0.022171363
0.2468734,0.05056191,0.059964824,0.2351,0.0,0.35776582,6.2450404e-06,0.017410848,0.03231695,-0.018115293
0.26429787,0.081735715,0.015013535,0.09456639,0.0,0.47780877,3.4357247e-06,0.0054530194,0.061121296,0.021824002
0.30180585,0.08111372,0.018771477,0.113612115,0.0,0.42274156,3.3813046e-06,0.0040506143,0.05790124,0.017407648
0.3506011,0.07655048,0.007062679,0.16367075,0.0,0.3626243,3.7911952e-06,0.014385169,0.025101691,0.015659727
0.2949059,0.064937375,0.06771962,0.21711288,0.0,0.318123,9.415729e-06,0.014728044,0.022463767,0.0027664527
0.2305509,0.076894924,0.06532253,0.27943146,0.0,0.29476562,6.910316e-07,0.00711161,0.04592223,-0.022156518
0.46161205,0.110394746,0.037060898,0.04831657,0.0,0.29157782,9.993142e-06,0.0102077415,0.040820237,0.0004246086
0.23525718,0.09488606,0.044449575,0.24079835,0.0,0.33821756,1.0212065e-05,0.014039625,0.03234143,-0.1155113
0.30930313,0.07259781,0.06296305,0.1562505,0.0,0.37156054,1.544742e-05,0.014651974,0.012657474,-0.39985096
0.39013392,0.082696244,0.014446759,0.047400407,0.0,0.41280752,8.192237e-06,0.009125287,0.043381687,0.04847703
0.29241118,0.102503285,0.045771025,0.06665177,0.0,0.42179847,9.350015e-06,0.0069498997,0.063905016,0.027557902
0.24475728,0.04078149,0.03800242,0.26381314,0.0,0.3654274,8.9482455e-06,0.020269243,0.02694004,-0.047151793
0.23651175,0.087650396,0.040747777,0.10686254,0.0,0.4569508,2.3985517e-06,0.0071575493,0.06411673,0.029217355
0.26871538,0.03446746,0.017024133,0.19747758,0.0,0.43763074,3.6627478e-06,0.012714706,0.03196634,0.017642088
0.35892862,0.08203822,0.019108485,0.015666861,0.0,0.46820876,6.1134574e-06,0.0062680207,0.049774863,0.037562408
0.22366607,0.13856864,0.029801093,0.07170474,0.0,0.45835882,6.125371e-06,0.005704323,0.07219019,0.018842876
0.22215913,0.056510303,0.017903943,0.18653962,0.0,0.47295994,5.054171e-06,0.004093666,0.03982839,0.018238239
0.262707,0.058945462,0.02913308,0.22531922,0.0,0.36021832,4.606289e-06,0.010201861,0.053470552,-0.02162205
0.23815508,0.07223245,0.0728554,0.30535418,0.0,0.28478152,7.1347013e-06,0.009459785,0.017154435,0.037347145
0.30904648,0.075284116,0.04471332,0.063825734,0.0,0.4397815,5.3424346e-06,0.008792757,0.058550753,0.061448105
0.3441445,0.069925934,0.06470124,0.12301658,0.0,0.3651029,1.4041079e-05,0.015741091,0.017353712,-0.06244495
0.24768521,0.064275675,0.057405327,0.2505757,0.0,0.3487938,6.186326e-06,0.0029506485,0.02830749,0.047629975
0.30141976,0.072965495,0.03927249,0.16347705,0.0,0.38032356,9.230555e-06,0.012907017,0.029625436,0.038019814
0.24946316,0.14540413,0.046799473,0.12368949,0.0,0.38258153,8.474212e-06,0.0142225055,0.03783121,0.025029905
0.20827472,0.03888006,0.056015152,0.32715985,0.0,0.33814824,1.2666564e-05,0.009872006,0.021637283,0.006623678
0.21561962,0.10381171,0.08982217,0.14049596,0.0,0.40609312,1.2722441e-05,0.017677998,0.026466755,-0.04778918
0.27661744,0.047186356,0.028064841,0.17278036,0.0,0.4433825,1.5716192e-05,0.009662437,0.022290312,0.013788737
0.20114042,0.034099456,0.05599553,0.35378724,0.0,0.33609095,1.7619333e-05,0.007467513,0.01140116,-0.07179339
0.26290876,0.10477177,0.021906344,0.07807254,0.0,0.4982991,1.1622794e-05,0.015401227,0.018628554,-0.008203648
0.24250443,0.08909581,0.051257532,0.19063902,0.0,0.38229704,1.7107322e-05,0.010272882,0.033916187,-0.011151306
0.33486554,0.07004836,0.074857146,0.09111123,0.0,0.3843723,8.761733e-06,0.0036299757,0.041106693,0.038181238
0.26775056,0.088985346,0.055102427,0.11733808,0.0,0.41815358,2.1125448e-05,0.005187478,0.04746142,0.030150078
0.27906084,0.08872537,0.055101868,0.22113472,0.0,0.31298143,1.4474698e-05,0.012082044,0.03089927,0.020865642
0.28614545,0.050328746,0.025094029,0.274786,0.0,0.31583,1.4278775e-05,0.017524453,0.030277088,-0.08889216
0.19482873,0.06588822,0.035673507,0.26292652,0.0,0.41059166,7.0176898e-06,0.0064152014,0.023669148,0.05394493
0.2517375,0.060207978,0.023365868,0.1328456,0.0,0.48145548,9.762286e-06,0.012946296,0.037431534,0.03899178
0.24520402,0.03206886,0.03493098,0.31560534,0.0,0.3444774,1.5619658e-05,0.0050718198,0.022625998,0.03695429
0.29914007,0.028847262,0.010722089,0.21994258,0.0,0.3955693,1.3066338e-05,0.013600339,0.032165382,-0.00069591403
0.25299454,0.09657898,0.02687408,0.15612742,0.0,0.41795877,8.7857625e-06,0.0052352524,0.044222113,0.048626877
0.20919544,0.07245324,0.05292472,0.08353486,0.0,0.5416351,1.7141883e-05,0.0046680546,0.035571437,0.03912797
0.3382906,0.07732118,0.030838901,0.11833832,0.0,0.36758325,3.3903038e-06,0.013878031,0.05374634,0.05743704
0.22810885,0.065718904,0.018554566,0.2377626,0.0,0.4261059,2.3109995e-05,0.010427167,0.013298914,-0.007336274
0.3313156,0.03977758,0.045547076,0.08312074,0.0,0.4528081,1.4952864e-05,0.009003391,0.038412508,0.05227893
0.27973324,0.07928295,0.0073746927,0.19454034,0.0,0.41400898,1.2724284e-05,0.0053147846,0.019732371,0.03996317
0.24794564,0.120467514,0.014924651,0.024211738,0.0,0.54724866,5.6544377e-06,0.010017788,0.035178397,0.05906961
0.21495312,0.11605595,0.014779428,0.20961419,0.0,0.41684067,2.1922928e-05,0.014270967,0.013463807,-0.0024979785
0.3721928,0.068195,0.045967314,0.03635021,0.0,0.41760153,1.0847457e-05,0.0074497806,0.052232496,0.025989406
0.21962282,0.06809616,0.018251216,0.1208095,0.0,0.5333127,2.8218272e-05,0.0072063515,0.032673042,0.060754903
0.39864987,0.0658052,0.010809166,0.11139562,0.0,0.36122283,8.97676e-06,0.010079387,0.042028937,0.06124089
0.21707574,0.07321113,0.046168033,0.00070831086,0.0,0.57556874,5.126728e-06,0.010105924,0.07715709,0.063628055
0.30125353,0.08251449,0.040487632,0.05155144,0.0,0.48832032,8.642234e-06,0.01239183,0.023472143,0.023861803
0.2834104,0.042458296,0.006927971,0.2212424,0.0,0.41976482,1.2876911e-05,0.008427966,0.017755264,-0.012450088
0.2233494,0.06221971,0.032088492,0.19128817,0.0,0.44605327,1.7181226e-05,0.011641283,0.033342533,0.036186524
0.23483475,0.088814035,0.043424748,0.082569435,0.0,0.4920587,2.366179e-05,0.0075107524,0.050763916,0.022781663
0.30426463,0.07215819,0.021393638,0.21431483,0.0,0.3367873,1.4751555e-05,0.010137422,0.040929265,0.009889945
0.2795154,0.06463615,0.070248514,0.064397804,0.0,0.4490148,1.6495194e-05,0.005964196,0.066206664,0.022484668
0.31165254,0.044038918,0.03747835,0.05765446,0.0,0.4958436,7.837573e-06,0.0033050887,0.050019234,0.02992981
0.2957442,0.05846302,0.03542591,0.1567592,0.0,0.40553644,2.7783785e-06,0.007099485,0.04096893,0.049598426
0.30384374,0.07408319,0.002772799,0.09542486,0.0,0.4905188,3.293583e-05,0.010255918,0.023067728,0.030595347
0.25427526,0.10729991,0.08480814,0.07928832,0.0,0.40218666,1.159019e-05,0.004957459,0.06717266,0.03264495
0.26734707,0.0832948,0.06574975,0.08196661,0.0,0.4502321,9.815377e-06,0.0056206225,0.04577922,0.038225397
0.3675481,0.045876324,0.014274422,0.14912833,0.0,0.3702009,7.1038658e-06,0.011651471,0.041313343,0.05267088
0.26744846,0.08700771,0.030711474,0.12322266,0.0,0.44925964,3.216752e-05,0.008547362,0.033770546,0.052978836
0.25001433,0.0651977,0.0012650221,0.15847895,0.0,0.47429532,9.194608e-06,0.0064440225,0.044295505,0.03503234
0.37502855,0.05351282,0.05726414,0.094677724,0.0,0.35629815,1.5891834e-05,0.0025861408,0.060616557,0.02503451
0.33675787,0.060481578,0.007487334,0.040842406,0.0,0.48370785,1.931334e-06,0.012563232,0.058157753,0.06916145
0.21645758,0.11516058,0.026292713,0.1872549,0.0,0.40891588,1.25316365e-05,0.0041255597,0.041780267,0.038625978
0.30350372,0.043079715,0.052542627,0.10119983,0.0,0.45250022,1.378138e-05,0.013071706,0.034088396,0.014913805
0.30159566,0.054232687,0.042321905,0.27137548,0.0,0.30227697,1.1937315e-05,0.00400698,0.024178341,0.002936028
0.2707681,0.09473521,0.049143374,0.1519106,0.0,0.40449178,1.3411062e-05,0.0067024427,0.022235071,0.043577388
0.34239897,0.07528176,0.00027753817,0.15020707,0.0,0.37464377,7.187185e-06,0.008051536,0.049132254,0.04933931
0.29527545,0.09695386,0.016800715,0.08913674,0.0,0.44822562,2.2959572e-05,0.015145818,0.038438868,0.026312038
0.21288106,0.09171485,0.042270802,0.030110355,0.0,0.5398748,1.2246524e-05,0.01291946,0.07021645,0.06507117
0.32224,0.08319079,0.01893127,0.11695259,0.0,0.43539187,1.1518842e-05,0.0071741883,0.016107773,0.040311135
0.42587763,0.05944038,0.057534885,0.04589943,0.0,0.37400195,1.5671836e-05,0.0026700776,0.034559924,0.05072341
0.23912899,0.0981896,0.0836419,0.005411278,0.0,0.5065919,1.4604084e-06,0.009025415,0.058009405,0.052811496
0.18525125,0.090179585,0.017381512,0.17693795,0.0,0.4984293,2.6477942e-06,0.008753752,0.023064043,0.042592786
0.28577796,0.0920349,0.031856317,0.10796093,0.0,0.4271017,7.000716e-06,0.0076690465,0.047592174,0.0276855
0.28095073,0.085896395,0.03446913,0.10866028,0.0,0.46516457,1.1596919e-05,0.004893049,0.019954247,0.06018684
0.22000283,0.08341014,0.02469861,0.15066661,0.0,0.48900613,4.2830825e-06,0.003126914,0.029084533,0.05235613
0.25144923,0.08186683,0.05545473,0.10363459,0.0,0.4503157,1.025122e-05,0.006093182,0.05117545,0.046943
0.23833837,0.10056171,0.07357247,0.07629637,0.0,0.46253648,5.6509343e-06,0.01147979,0.037209176,0.039754167
0.22657247,0.030297041,0.07245428,0.31662908,0.0,0.334181,1.4758815e-05,0.0065739583,0.0132773565,0.008734725
0.30050182,0.079568364,0.07364608,0.0793689,0.0,0.41754183,5.372941e-06,0.0077406764,0.041626915,0.050733738
0.27653897,0.10656492,0.04327031,0.05876768,0.0,0.46844074,4.1672415e-06,0.0030555923,0.04335768,0.056768402
0.28271216,0.06984907,0.09116961,0.06217581,0.0,0.45093697,9.139555e-06,0.007690587,0.035456687,0.066754915
0.35857567,0.069660164,0.00038826748,0.11732613,0.0,0.4101254,2.0019843e-05,0.014112712,0.029791608,0.011611842
0.19521266,0.069039986,0.012210481,0.22012886,0.0,0.4676046,1.2322831e-05,0.0069207395,0.028870314,0.045667186
0.23862283,0.06477524,0.09046655,0.15024814,0.0,0.4029726,1.1142757e-05,0.0062931753,0.046610173,0.050462
0.25005516,0.072283976,0.056328773,0.2595383,0.0,0.31933838,6.189695e-08,0.007908692,0.034546584,-0.056725096
0.2606433,0.05513116,0.0044452506,0.054770984,0.0,0.55275935,4.501525e-06,0.008126631,0.06411889,0.06468112
0.28986868,0.04673532,0.022764243,0.080203235,0.0,0.48708123,9.419575e-07,0.011251323,0.062095027,0.062326424
0.25185758,0.1157584,0.07846419,0.047337256,0.0,0.45725805,3.1799957e-06,0.0010443139,0.048277013,0.047776222
0.33913136,0.054490354,0.028120248,0.03713783,0.0,0.4667194,4.881675e-06,0.00943646,0.06495947,0.080549605
0.28370714,0.06443025,0.06900477,0.060367756,0.0,0.47064114,1.764062e-05,0.0047442904,0.047087085,0.04388324
0.26637852,0.116729446,0.09199022,0.052409805,0.0,0.40097678,4.8203083e-06,0.012258837,0.059251588,0.04825572
0.24072391,0.052032515,0.07329363,0.19589776,0.0,0.39605743,2.0374837e-06,0.0033085186,0.03868421,0.05962137
0.28030276,0.07531883,0.017412972,0.18387468,0.0,0.41086793,9.8144255e-06,0.0030011642,0.029211842,0.05639927
0.3299381,0.05242711,0.040454898,0.1009279,0.0,0.41698435,1.7253133e-05,0.0062746615,0.052975673,0.03956028
0.4134113,0.07920833,0.07480909,0.028282087,0.0,0.3653266,1.7177866e-06,0.0052849646,0.033675883,0.052971818
0.27693853,0.08426947,0.06892337,0.05121147,0.0,0.46005523,1.4632418e-06,0.01300367,0.04559676,0.04362168
0.25289935,0.080711804,0.072135866,0.044904683,0.0,0.487866,5.6784907e-06,0.0054466673,0.056029927,0.062272243
0.22901103,0.101675,0.055726152,0.114069074,0.0,0.45181155,2.134178e-06,0.004860019,0.042845037,0.049371324
0.1863736,0.081497,0.09182334,0.22597197,0.0,0.35778174,1.8267912e-05,0.0030590144,0.05347507,0.036709167
0.28699088,0.14471208,0.071137406,0.020627787,0.0,0.4372161,1.0887559e-06,0.009222407,0.030092184,0.036159247
0.2771989,0.08186016,0.012231428,0.1352925,0.0,0.4360881,2.4458338e-06,0.0064776274,0.050848823,0.053077787
0.22067338,0.068294026,0.052110095,0.14133367,0.0,0.4673636,8.467012e-06,0.0045312396,0.045685552,0.05353038
0.36251402,0.07038535,0.022173218,0.11759726,0.0,0.3798153,1.4451835e-05,0.0034417892,0.044058647,0.039546862
0.22951323,0.05949812,0.06888016,0.20521522,0.0,0.37349948,1.607827e-05,0.0054552727,0.05792247,0.054855794
0.18948877,0.08736165,0.057233185,0.13630019,0.0,0.4848438,1.3218614e-06,0.0017041239,0.043067005,0.0536123
0.22561887,0.08255235,0.07553968,0.11947968,0.0,0.443339,1.5579704e-05,0.0039787926,0.049476106,0.046905585
0.236306,0.055789795,0.09701802,0.09134999,0.0,0.4731922,1.280478e-05,0.008699128,0.037632093,0.04524421
0.22953065,0.08185103,0.08575925,0.16968475,0.0,0.3702748,2.456769e-06,0.005702983,0.057193976,0.07369167
0.2939353,0.06306031,0.08661361,0.12110723,0.0,0.3970182,5.7755897e-06,0.0037789526,0.0344805,0.051563486
0.29306898,0.07150189,0.0041090776,0.14737622,0.0,0.42562363,1.5978036e-05,0.005150989,0.053153247,0.075439654
0.2663943,0.11827921,0.063645825,0.12556703,0.0,0.37641072,1.9595574e-05,0.0023790563,0.047304288,0.042901002
0.402705,0.09696913,0.094646,0.05722039,0.0,0.30948034,3.0924124e-07,0.0056671826,0.033311527,0.043536805
0.2932621,0.10500558,0.07392098,0.03203415,0.0,0.43953067,1.2513709e-06,0.003759525,0.052485712,0.036054187
0.29461476,0.04811402,0.047760114,0.16135313,0.0,0.41949952,1.26162395e-05,0.008509779,0.020136055,0.06305464
0.27998614,0.046418145,0.03867165,0.09505925,0.0,0.48213157,5.60453e-06,0.004418918,0.053308614,0.053163357
0.24821548,0.06397966,0.07612244,0.15756717,0.0,0.41774374,1.706296e-06,0.0010019586,0.035367858,0.057861216
0.33144102,0.108258754,0.011788334,0.043425906,0.0,0.4531028,1.376959e-05,0.012600597,0.03936884,0.036924876
0.2204396,0.09167185,0.10336835,0.11855703,0.0,0.40937278,1.6917833e-05,0.0070366305,0.049536817,0.018652163
0.2883168,0.056736298,0.015088783,0.10987428,0.0,0.49674493,2.0912128e-05,0.0052066008,0.028011449,0.07024873
0.24614552,0.0867047,0.0068681818,0.1139093,0.0,0.47299153,1.7352459e-06,0.010882009,0.062496956,0.07188999
0.24356154,0.12099695,0.07769402,0.12104015,0.0,0.40036702,5.9985086e-06,0.004061032,0.032273337,0.01720316
0.22471301,0.09188651,0.021994755,0.01608959,0.0,0.575228,5.388773e-06,0.01077013,0.059312556,0.066494234
0.30701652,0.09586417,0.08264325,0.04141314,0.0,0.43320268,1.603019e-05,0.0026076736,0.0372365,0.0346405
0.24687609,0.04576405,0.05246136,0.20446575,0.0,0.4227113,1.6552694e-05,0.005333781,0.0223711,0.07660236
0.28200635,0.08432264,0.0796786,0.039346088,0.0,0.44962245,4.7617536e-07,0.009782968,0.05524042,0.04184089
0.3016561,0.09117499,0.075871326,0.09350043,0.0,0.37655398,1.9536676e-05,0.00850425,0.0527194,0.03344047
0.25181875,0.115923904,0.054864433,0.05040612,0.0,0.4760215,2.2258431e-05,0.0064107575,0.0445323,0.050962985
0.24216881,0.068134286,0.08055856,0.20609014,0.0,0.36909083,1.8626664e-06,0.00448869,0.029466875,0.05119496
0.20356782,0.041356474,0.060027298,0.27319208,0.0,0.37632734,1.0822036e-05,0.022745442,0.022772763,-0.19768232
0.20675147,0.054130144,0.043070126,0.22180833,0.0,0.42395929,6.5027602e-06,0.014808546,0.035465654,-0.04033627
0.2652092,0.02748698,0.07158243,0.24242473,0.0,0.36255926,1.7020639e-05,0.011187927,0.019532518,-0.0078040324
0.2087086,0.04435265,0.048365787,0.26738688,0.0,0.40648794,2.1079075e-05,0.010543537,0.014133493,-0.113963574
0.3889623,0.063358635,0.016378963,0.12108682,0.0,0.35817063,9.0764615e-06,0.013212599,0.038820855,-0.020518556
0.32385403,0.025699897,0.040481582,0.27527723,0.0,0.30929145,1.1086845e-05,0.007781926,0.017602816,-0.026004314
0.26819232,0.027064094,0.035001926,0.2502301,0.0,0.39291513,9.989804e-06,0.012686907,0.013899529,-0.21493301
0.32189208,0.033921555,0.038799185,0.19107412,0.0,0.39559233,2.4086597e-05,0.009711345,0.008985271,-0.112450555
0.25066823,0.073389746,0.029123602,0.23457056,0.0,0.37936485,1.608554e-05,0.01580752,0.017059399,-0.047787376
0.29187593,0.07872544,0.024916498,0.13184349,0.0,0.42137024,1.057135e-05,0.010085153,0.04117282,0.020917363
0.2559203,0.090104826,0.04510444,0.15845203,0.0,0.41172117,5.6352656e-06,0.016144225,0.02254733,-0.016763262
0.27894738,0.060482863,0.04888362,0.21059278,0.0,0.3558844,9.932867e-06,0.022011112,0.023187974,-0.077976406
0.2813574,0.08107539,0.012261113,0.24330305,0.0,0.34227967,1.3281565e-05,0.0110714175,0.028638678,-0.044200543
0.36760595,0.07833617,0.021619773,0.050873727,0.0,0.43128213,2.0869e-05,0.01274079,0.037520576,0.018629938
0.30529577,0.092321195,0.03620142,0.11562665,0.0,0.4090822,1.6061687e-05,0.013533421,0.027923234,-0.019710772
0.30670947,0.052556247,0.021024982,0.18827993,0.0,0.40278304,2.4233806e-05,0.0145854065,0.014036718,-0.060813025
0.23976669,0.030433675,0.019476889,0.297242,0.0,0.38155967,1.6135878e-05,0.012949361,0.01855562,-0.2121908
0.21498683,0.11314564,0.05308047,0.20314816,0.0,0.38487187,1.599947e-05,0.014908166,0.015842773,-0.13419053
0.23103265,0.07532492,0.04020828,0.21121338,0.0,0.4016815,3.1163872e-05,0.010454619,0.030053454,-0.20166913
0.2481837,0.09541769,0.0136858905,0.2709166,0.0,0.34983748,1.7171362e-05,0.012533117,0.009408299,-0.015524827
0.18536457,0.09690816,0.04099638,0.2759955,0.0,0.3654758,1.5192952e-05,0.009087875,0.026156556,0.000404872
0.29573548,0.040901158,0.0058533973,0.19700232,0.0,0.43749565,2.7376569e-05,0.013065452,0.009919205,-0.058811244
0.20739618,0.06172859,0.032986205,0.22365169,0.0,0.43859723,2.151223e-05,0.010156573,0.025461977,0.02743461
0.2501786,0.1075076,0.008265894,0.19323377,0.0,0.41626346,1.7619299e-05,0.010835674,0.013697324,0.019608222
0.20576817,0.083178364,0.060847357,0.22531964,0.0,0.3922635,1.3166646e-05,0.016186755,0.01642298,-0.084768906
0.22251834,0.069031045,0.012920901,0.27768302,0.0,0.38739297,2.5648833e-05,0.007312458,0.02311559,0.011419363
0.27329153,0.034711387,0.043210883,0.2448435,0.0,0.37921742,1.6914135e-05,0.009782849,0.014925571,-0.1431639
0.21786243,0.07503789,0.057168987,0.26747727,0.0,0.35115042,1.918797e-05,0.01321718,0.01806663,-0.10553038
0.21734814,0.04357367,0.051466897,0.20386283,0.0,0.45705068,9.983702e-06,0.012237312,0.014450452,-0.092076965
0.21512054,0.056564752,0.0076770275,0.18614377,0.0,0.51030487,3.4415578e-05,0.012263522,0.011891071,-0.027127765
0.20387346,0.11843207,0.03743532,0.159208,0.0,0.4490279,1.8229075e-05,0.006089113,0.025916042,-0.026669748
0.24486704,0.06892432,0.030045236,0.23437873,0.0,0.38931862,2.1998076e-05,0.012086357,0.020357782,-0.021166079
0.34241867,0.07904472,0.021011297,0.17137009,0.0,0.34842664,1.4068155e-05,0.0119408155,0.025773697,-0.03276282
0.29570788,0.07362828,0.009827119,0.19510426,0.0,0.39210787,2.2636124e-05,0.01421982,0.019382171,-0.01593493
0.24216725,0.087918,0.006995866,0.19423239,0.0,0.43832606,2.479742e-05,0.008938362,0.021397352,0.0034329072
0.30384594,0.09624364,0.017300544,0.06353806,0.0,0.48536068,2.0202559e-05,0.006333939,0.027356964,0.023798779
0.24277927,0.08035944,0.038291413,0.18236843,0.0,0.40922236,2.4710103e-05,0.017923262,0.029031096,-0.017948281
0.29696956,0.09924402,0.0090054795,0.17380697,0.0,0.37691987,2.4086848e-05,0.014887791,0.029142251,-0.03544666
0.27229294,0.024264652,0.029173959,0.25485152,0.0,0.38012543,2.259702e-05,0.008549145,0.030719683,-0.063188
0.21267064,0.06876079,0.005714018,0.120875835,0.0,0.5579754,8.383482e-06,0.0075862994,0.026408685,0.042985834
0.1729326,0.11190368,0.06506747,0.1515533,0.0,0.44565964,8.991047e-06,0.009692965,0.04318138,0.032161646
0.2807191,0.08953414,0.029607762,0.20349008,0.0,0.38022065,2.3839073e-05,0.0077096913,0.0086946925,-0.080006026
0.31076208,0.08391218,0.021611582,0.14119372,0.0,0.4093011,7.1361433e-06,0.011208019,0.022004222,0.063219406
0.23151119,0.089772984,0.060379304,0.06803709,0.0,0.49602234,1.4169683e-05,0.011885101,0.042377796,0.050543807
0.28235695,0.09009152,0.040342405,0.11264467,0.0,0.43255338,8.30845e-06,0.009553175,0.032449525,0.046921894
0.24713089,0.10812417,0.0894806,0.1323542,0.0,0.37990552,1.2516919e-05,0.005422554,0.037569508,0.0416573
0.21629067,0.0702199,0.03532184,0.32935837,0.0,0.32047015,7.6280753e-06,0.008989566,0.01934187,-0.019783288
0.2618462,0.10867332,0.056731153,0.031390347,0.0,0.50147986,1.8144723e-05,0.007676683,0.032184303,0.038454063
0.24981485,0.05445266,0.045905013,0.11880061,0.0,0.44563195,9.835736e-06,0.009369128,0.07601588,0.04659915
0.18958065,0.10177149,0.05085392,0.13801065,0.0,0.43625298,1.7546754e-05,0.009223656,0.07428914,0.06274799
0.22070745,0.072797045,0.015820023,0.14466172,0.0,0.49869704,2.9998967e-06,0.016455224,0.030858522,0.01747822
0.26943606,0.041661594,0.018018842,0.11494842,0.0,0.503144,3.7714437e-06,0.006666252,0.046121042,0.08885389
0.24877536,0.0991689,0.028686568,0.14465207,0.0,0.42665896,8.304254e-06,0.012495504,0.03955434,0.044750877
0.30117366,0.08949236,0.028094312,0.09865408,0.0,0.4203865,1.0399965e-05,0.0072821067,0.054906625,0.049968027
0.21857758,0.1444363,0.0068755657,0.1631253,0.0,0.44576707,3.708165e-06,0.0089037465,0.012310665,0.049048997
0.19983612,0.12941049,0.014008592,0.037052184,0.0,0.5526473,1.6520293e-05,0.018149456,0.04887937,0.05693446
0.2768543,0.16766532,0.029018616,0.03394168,0.0,0.4405947,1.4911006e-05,0.013595037,0.03831535,0.056456126
0.257109,0.1258997,0.02885151,0.014491548,0.0,0.5203292,1.6816906e-05,0.010433249,0.04286899,0.035038337
0.2769582,0.09618759,0.044035677,0.0029438133,0.0,0.5406151,1.3024399e-05,0.027712844,0.011533805,0.06936891
0.20416346,0.09806515,0.07557064,0.118277624,0.0,0.4782754,1.888475e-05,0.0061128214,0.019516002,0.061140753
0.22495212,0.08605562,0.11618304,0.10223968,0.0,0.43500596,1.7668066e-05,0.0069485307,0.028597446,0.03995263
0.23459412,0.08262903,0.036918383,0.19427814,0.0,0.41902548,4.0195e-06,0.0038467932,0.028703986,0.055689357
0.19639926,0.108200565,0.07031459,0.18381603,0.0,0.3837377,2.0736916e-05,0.008649957,0.04886106,0.055467866
0.19703566,0.08761856,0.0035988542,0.13388014,0.0,0.49754944,1.3336242e-05,0.010581679,0.06972232,0.082480945
0.3184005,0.10904907,0.010119834,0.059850045,0.0,0.46190593,1.0146583e-05,0.006432577,0.03423192,0.06166897
0.27881145,0.10367729,0.06891378,0.08657728,0.0,0.39894918,1.7254828e-05,0.013345315,0.04970838,0.034665003
0.22763254,0.16984321,0.03688336,0.0783382,0.0,0.4215824,1.1992025e-05,0.011897852,0.053810492,0.04452131
0.22023213,0.17690448,0.04632802,0.083698936,0.0,0.43779498,6.7905808e-06,0.007879796,0.02715486,0.045322873
0.2619237,0.10713025,0.029886771,0.007257621,0.0,0.5771525,1.0924056e-05,0.007446035,0.009192212,0.04924777
0.2673559,0.13922192,0.025035229,0.0784426,0.0,0.4609375,5.853267e-06,0.015659012,0.013341968,0.03958153
0.24825361,0.11244164,0.10710883,0.04764694,0.0,0.43678012,1.3706192e-05,0.004342178,0.043412894,0.055226192
0.2398853,0.13938008,0.014952996,0.12207657,0.0,0.4130493,2.2219725e-05,0.0083577875,0.062275723,0.05205307
0.19852154,0.1426475,0.07112966,0.0812805,0.0,0.4456208,1.1462912e-05,0.010961234,0.049827326,0.052138582
0.18696128,0.07113114,0.06591699,0.13896812,0.0,0.48162627,5.5916075e-06,0.019561792,0.035828874,0.055117093
0.20688678,0.06284664,0.053503342,0.26203388,0.0,0.3776359,1.7100118e-06,0.01071811,0.026373595,0.009353571
0.32983404,0.05616953,0.006810356,0.12732509,0.0,0.43119773,4.335067e-06,0.009969747,0.038689204,0.023813426
0.17827582,0.080603324,0.062792644,0.22140715,0.0,0.40895396,8.737393e-06,0.011650138,0.036308296,0.057326257
0.33509773,0.0665207,0.042554416,0.060639814,0.0,0.4553195,2.3082598e-06,0.010678517,0.029186973,0.048012733
0.20364837,0.08428362,0.021379208,0.17659378,0.0,0.471614,1.1541663e-05,0.014566391,0.02790313,0.023707293
0.17725052,0.10816233,0.066383086,0.07715453,0.0,0.49373016,1.1709877e-05,0.01813545,0.05917225,0.06548781
0.22836843,0.095633104,0.026588308,0.077460185,0.0,0.5134216,2.0368236e-06,0.015934093,0.042592175,0.059338145
0.26208222,0.06128971,0.07977404,0.1385695,0.0,0.38921285,2.9389035e-05,0.006383429,0.06265889,0.03833259
0.17851813,0.06776269,0.08698538,0.3001222,0.0,0.33810145,1.5078332e-06,0.0089961,0.019512624,0.012398876
0.26562852,0.06285285,0.06195464,0.019976525,0.0,0.5556504,9.119269e-07,0.008842018,0.02509422,0.048136003
0.31674412,0.06166343,0.018559206,0.028850922,0.0,0.5280352,2.9027142e-06,0.014344807,0.031799354,0.07642589
0.34126797,0.09513222,0.028355762,0.092345566,0.0,0.39129612,8.815566e-06,0.015739612,0.035853907,0.02998408
0.2401703,0.091146514,0.04274376,0.07490647,0.0,0.51251614,1.4004823e-06,0.013936473,0.02457891,0.04607927
0.25392342,0.057521135,0.014493442,0.15202138,0.0,0.48717937,1.0640495e-05,0.016007874,0.01884274,-0.06384102
0.21681751,0.10272349,0.015903542,0.006882937,0.0,0.59739685,1.3616087e-05,0.011946398,0.048315644,0.049405985
0.34424216,0.08622412,0.021195723,0.06545021,0.0,0.4434761,2.9795024e-06,0.009321169,0.030087577,0.048146136
0.24258068,0.08063441,0.02433812,0.17410545,0.0,0.43037653,1.2351794e-05,0.010658496,0.03729406,0.03803689
0.26069024,0.0817707,0.027596073,0.028267879,0.0,0.53179234,7.742055e-06,0.013548763,0.056326322,0.06916904
0.20534061,0.07459459,0.098232895,0.18084729,0.0,0.40739775,2.993737e-07,0.0059278673,0.027658679,0.06215722
0.30376104,0.05908078,0.028092137,0.013068062,0.0,0.54795146,4.73423e-06,0.0097536845,0.038288116,0.09433622
0.31461692,0.05134404,0.020648116,0.12843135,0.0,0.4501965,2.545935e-07,0.0060646227,0.028698118,0.07610387
0.24914034,0.086163625,0.01769252,0.020818368,0.0,0.57081604,6.7315304e-06,0.0063144523,0.04904799,0.074719526
0.26714465,0.09678493,0.032021694,0.03198814,0.0,0.50883424,5.3155522e-06,0.017065335,0.046155743,0.058784135
0.1796824,0.060013205,0.07421264,0.20147155,0.0,0.458808,1.2446225e-05,0.00912162,0.016678069,0.032456346
0.201717,0.08481854,0.028109003,0.081907496,0.0,0.5622123,1.11162535e-05,0.013977026,0.027247554,0.03767608
0.23834161,0.06516965,0.05893156,0.070901625,0.0,0.5229948,5.0942904e-06,0.010211629,0.03344397,0.064991556
0.27164295,0.10121837,0.06349477,0.127423,0.0,0.39971852,3.2306395e-06,0.0068325144,0.029666683,0.038450085
0.3035949,0.09547069,0.00056804164,0.00064315513,0.0,0.52677846,1.2899333e-05,0.013245736,0.05968609,0.07450343
0.31996858,0.09488168,0.0014886527,0.11298403,0.0,0.39532152,1.0022511e-05,0.013541693,0.06180377,0.103782885
0.32087517,0.04614778,0.012588978,0.08196524,0.0,0.464813,1.2952222e-05,0.016491763,0.057105083,0.06534789
0.4208847,0.056162894,0.066923656,0.009568357,0.0,0.38725847,1.2481517e-05,0.009071886,0.050117586,0.09539623
0.24118079,0.07492439,0.018098759,0.12510157,0.0,0.45619556,1.7099323e-05,0.013536987,0.070944846,0.10940275
0.24968114,0.09378121,0.022722915,0.13921724,0.0,0.45137718,6.9257766e-07,0.010400787,0.03281885,0.08866722
0.25210908,0.07597571,0.05582322,0.21787389,0.0,0.36473182,1.4906285e-05,0.0094965715,0.023974756,0.030179337
0.24327704,0.084276244,0.040323537,0.00023108526,0.0,0.5714499,1.0479316e-05,0.016861396,0.043570366,0.06289939
0.24335991,0.049554132,0.07862242,0.12336958,0.0,0.45917428,5.8739633e-06,0.013934717,0.031979028,0.05396971
0.28003117,0.12303845,0.010864522,0.0013882921,0.0,0.5224132,2.516508e-05,0.00823019,0.054008957,0.067963414
0.13971804,0.07539353,0.083519675,0.33822072,0.0,0.34047893,8.930002e-06,0.0090594785,0.013600702,0.024678655
0.29503286,0.06447374,0.039561007,0.066905946,0.0,0.50642824,7.959184e-06,0.0054302947,0.022160007,0.05918733
0.1961975,0.063434266,0.104627006,0.2647637,0.0,0.34605706,1.0707396e-06,0.006808332,0.01811105,0.045838602
0.24854292,0.061736215,0.0672831,0.041462094,0.0,0.52063024,8.204728e-06,0.013534442,0.046802763,0.0509324
0.2157794,0.081849515,0.03176921,0.13532819,0.0,0.47106394,9.714727e-06,0.010363563,0.05383644,0.064695545
0.19719501,0.07592989,0.021151166,0.15801035,0.0,0.47469005,1.1018575e-05,0.010787441,0.062225066,0.08650751
0.3046364,0.060626004,0.013606803,0.058735948,0.0,0.47515565,1.7929717e-05,0.014087139,0.07313405,0.07917491
0.19063736,0.07616582,0.003807115,0.13263957,0.0,0.5164766,9.386771e-06,0.013881312,0.0663829,0.10246614
0.20960464,0.12620439,0.06904009,0.15930462,0.0,0.39907292,2.5474085e-07,0.012138558,0.024634494,0.061707683
0.17521998,0.04224372,0.02721296,0.1741274,0.0,0.5094144,2.20652e-05,0.007415784,0.06434365,0.061488755
0.22176673,0.100768745,0.04740726,0.1836859,0.0,0.38941175,2.3833114e-05,0.006517018,0.050418757,0.048369877
0.26572517,0.06510001,0.0059754862,0.0038617863,0.0,0.61230665,1.3182116e-05,0.014587634,0.032429982,0.033504046
0.3096361,0.04185255,0.009522567,0.101644605,0.0,0.49249855,6.802108e-06,0.012825885,0.03201301,0.059904136
0.2547323,0.10304111,0.012333983,0.04959461,0.0,0.52141815,3.298757e-06,0.012553498,0.046323035,0.060407616
0.32302848,0.057343867,0.030806897,0.06547813,0.0,0.44003847,1.3938463e-05,0.016149797,0.067140356,0.0556508
0.28212914,0.07976861,0.01429633,0.20041427,0.0,0.38818008,1.5253937e-05,0.011203351,0.023992946,0.0044512823
0.34518364,0.08754462,0.0047983075,0.044092063,0.0,0.46254063,6.711798e-06,0.00838943,0.04744459,0.07219625
0.2575629,0.09729135,0.054462552,0.16297066,0.0,0.38699117,6.8441536e-06,0.011767932,0.028946612,0.06269393
0.24328995,0.1039198,0.009597669,0.10381122,0.0,0.46894333,2.0791282e-05,0.011626524,0.058790732,0.05987384
0.25588912,0.07772259,0.05666828,0.16203363,0.0,0.40096086,8.677341e-06,0.0117829135,0.03493395,0.061671324
0.18641385,0.08256475,0.09504644,0.17922401,0.0,0.4078295,1.676672e-05,0.0060314313,0.042873282,0.051038273
0.27185988,0.0640246,0.09296587,0.13909163,0.0,0.4009547,1.9136372e-05,0.00854704,0.02253714,0.050215356
0.22288322,0.048193753,0.041869573,0.19708027,0.0,0.4092284,2.2167227e-05,0.009530551,0.07119205,0.058035113
0.2974214,0.07658857,0.029542588,0.005968278,0.0,0.53066754,2.6497194e-06,0.0144305015,0.04537846,0.06489227
0.18583228,0.09419671,0.045678753,0.2044406,0.0,0.404716,1.6878608e-05,0.012092872,0.05302589,0.03868624
0.2081518,0.03429191,0.017144935,0.21567962,0.0,0.45521638,1.7183667e-05,0.013147376,0.056350823,0.050591722
0.3559658,0.06567733,0.03157627,0.101711534,0.0,0.3913753,1.31479055e-05,0.0077459244,0.045934618,0.017894417
0.20575915,0.10639802,0.023114385,0.14775014,0.0,0.45455313,4.3823056e-06,0.012260529,0.050160214,0.05349181
0.27327213,0.092732124,0.0019426103,0.13700132,0.0,0.46370137,1.1387445e-05,0.0112204775,0.020118654,0.008238047
0.1779217,0.094299816,0.04460747,0.14012495,0.0,0.47840565,2.075898e-05,0.009776984,0.054842774,0.06469255
0.2480595,0.11718597,0.036633875,0.030953612,0.0,0.49596423,9.537164e-06,0.012568584,0.058624715,0.05916787
0.22667505,0.040542807,0.028871985,0.12585302,0.0,0.53728914,2.2479976e-06,0.01120075,0.02956505,0.12792704
0.369927,0.08260237,0.086210266,0.09858914,0.0,0.3082818,1.6222933e-05,0.008345604,0.046027575,0.05974602
0.16283709,0.07673964,0.09548696,0.20270978,0.0,0.40469626,4.082883e-06,0.0144011285,0.043125063,0.051954187
0.4938972,0.077746026,0.0060058977,0.04124661,0.0,0.32613683,2.092449e-06,0.013059467,0.04190591,0.08290226
0.2725391,0.11149059,0.052843884,0.019940432,0.0,0.51051486,1.4599633e-05,0.011076217,0.02158031,0.051028274
0.21630047,0.052711368,0.105739534,0.15401141,0.0,0.42893204,2.8652908e-06,0.011023469,0.03127891,0.053973675
0.26140735,0.096702985,0.08430798,0.08568149,0.0,0.4303487,3.0302825e-05,0.0070535345,0.034467675,0.049812935
0.26452297,0.05918711,0.10273858,0.15570404,0.0,0.36452228,2.4912088e-05,0.0034062865,0.04989386,0.05428558
0.22528042,0.11100456,0.034292314,0.06861865,0.0,0.46730775,2.7062597e-05,0.020225553,0.07324376,0.048147462
0.17145538,0.112959154,0.06927364,0.19130638,0.0,0.38498262,2.4211327e-05,0.012714988,0.05728354,0.04767658
0.18056855,0.11224733,0.03931955,0.10747071,0.0,0.48380265,3.3043732e-05,0.008243168,0.068315014,0.042004198
0.17416207,0.08643806,0.094846725,0.26336095,0.0,0.34560275,2.3828105e-05,0.010460178,0.025105435,0.044924103
0.23909838,0.07529775,0.089858375,0.1331858,0.0,0.42105815,1.8109777e-06,0.0051583834,0.036341377,0.058616556
0.21403655,0.08795079,0.0309547,0.19249418,0.0,0.426897,2.5811809e-05,0.0030096292,0.044631317,0.047273934
0.20251451,0.068422824,0.13956214,0.13610417,0.0,0.37273428,2.5079953e-05,0.008966689,0.07167034,0.049048565
0.18191229,0.06681781,0.14341632,0.16792665,0.0,0.38401628,2.3537037e-05,0.012472261,0.043414917,0.046600915
0.2866266,0.07082412,0.04523724,0.10982124,0.0,0.43009254,2.884607e-05,0.0024279095,0.05494153,0.047131456
0.19066711,0.10301904,0.052738436,0.1811871,0.0,0.4003015,2.8327071e-05,0.010859602,0.06119894,0.04164865
0.2397387,0.08090771,0.0133598335,0.09248929,0.0,0.4893224,1.5790045e-05,0.008316765,0.07584956,0.045234084
0.163368,0.08024051,0.059933186,0.22899747,0.0,0.41489252,1.6922098e-05,0.0047161374,0.04783528,0.056003384
0.30967832,0.08117076,0.027793886,0.07092398,0.0,0.47416267,7.9174754e-07,0.015836202,0.02043344,0.05632084
0.35714823,0.10822299,0.030388262,0.016702386,0.0,0.4177198,3.368854e-05,0.009360521,0.060424194,0.05020202
0.20909233,0.092794545,0.064067885,0.12964758,0.0,0.4445494,3.2165965e-05,0.010143992,0.04967206,0.069442384
0.25679237,0.061605245,0.076909326,0.08063855,0.0,0.46458906,1.2770321e-06,0.0054207244,0.05404342,0.07679156
0.24141833,0.14415565,0.047016695,0.06779675,0.0,0.48188764,2.5265276e-06,0.006464512,0.011257943,0.0595671
0.25034258,0.09277588,0.0058370056,0.012001577,0.0,0.5392205,1.4888138e-05,0.012624688,0.08718288,0.05073528
0.2874275,0.07415843,0.10533447,0.14199539,0.0,0.3552538,2.3366454e-05,0.0036456,0.032161344,0.050173037
0.25940543,0.035114072,0.08504099,0.16986048,0.0,0.39458296,2.2070551e-05,0.007853073,0.04812094,0.045185737
0.15847567,0.1261526,0.055112842,0.16888508,0.0,0.4348133,1.7997783e-05,0.0039950456,0.052547455,0.056324817
0.2507324,0.08536287,0.058279023,0.23701154,0.0,0.34801576,6.19762e-06,0.0049397824,0.015652455,0.047617234
0.25190344,0.055960026,0.1281095,0.13953868,0.0,0.36849084,1.39344365e-05,0.003398174,0.052585356,0.047788188
0.32377055,0.0737357,0.09452145,0.040870607,0.0,0.41012636,6.505021e-06,0.0053473907,0.051621486,0.057979815
0.33041602,0.09884154,0.013972361,0.0067391256,0.0,0.48395967,1.0028624e-05,0.013304247,0.052756973,0.07017622
0.26027396,0.07639501,0.08477331,0.17642002,0.0,0.35093954,1.4935742e-05,0.0019218099,0.049261346,0.055164613
0.20532303,0.09839308,0.05387257,0.16451205,0.0,0.4141433,2.2459091e-05,0.003097979,0.060635597,0.047976874
0.25967988,0.0523301,0.099237956,0.1919901,0.0,0.36328375,2.4766496e-05,0.0035807283,0.0298727,0.033247545
0.17379647,0.07653766,0.11479069,0.15587752,0.0,0.41815472,1.5964257e-05,0.015531074,0.045295887,0.054005064
0.29012603,0.12048294,0.0008369226,0.041228987,0.0,0.4887535,3.1836298e-06,0.017730031,0.040838383,0.055797704
0.21696207,0.06796293,0.094152495,0.1876267,0.0,0.3854104,1.9505655e-05,0.0071778065,0.04068807,0.052114047
0.2908679,0.086118184,0.02495511,0.043949053,0.0,0.5246762,5.75004e-06,0.00621973,0.023207989,0.06038373
0.30686447,0.040307082,0.056274973,0.10983118,0.0,0.45714796,3.7949215e-07,0.0064583244,0.023115613,0.06297513
0.2539382,0.054282248,0.077852085,0.18763073,0.0,0.40098858,2.9167018e-06,0.0054075364,0.019897642,0.0720293
0.30731,0.12606996,0.01761572,0.13816242,0.0,0.37958208,6.618959e-06,0.010454353,0.020798884,0.036115788
0.31499594,0.10590168,0.023546994,0.098688945,0.0,0.39968914,1.5119367e-06,0.014255155,0.04292059,0.056674518
0.22428626,0.121918306,0.035308685,0.09075511,0.0,0.49597192,1.0689201e-05,0.010233275,0.021515721,0.039908268
0.36863628,0.096057296,0.015792511,0.052198686,0.0,0.44040498,1.148135e-05,0.013180524,0.0137182465,0.0756566
0.2869684,0.041856073,0.043550726,0.062695615,0.0,0.5234145,3.280433e-07,0.010622567,0.030891754,0.053565823
0.30344737,0.106972046,0.05653779,0.03586715,0.0,0.42259666,6.6112216e-06,0.019953985,0.054618377,0.04291854
0.29805666,0.0368551,0.055981893,0.09950353,0.0,0.4449306,4.9930068e-06,0.017221479,0.047445763,0.04830897
0.28917286,0.10388024,0.054671902,0.22228768,0.0,0.30470887,4.2352112e-06,0.009677572,0.015596679,0.038088076
0.26266587,0.13253322,0.016145576,0.0054720384,0.0,0.50761104,1.5218613e-07,0.016269544,0.05930253,0.064656086
0.24030966,0.08594274,0.037255008,0.22979364,0.0,0.36970145,8.1383205e-06,0.012176401,0.0248129,-0.0137220435
0.2856449,0.09714281,0.06756418,0.2499982,0.0,0.27035353,2.0987952e-06,0.010678013,0.018616324,0.023225486
0.22097632,0.13162236,0.07068192,0.24665219,0.0,0.2887015,4.673495e-06,0.0139614325,0.027399665,0.0016851723
0.2574126,0.13487221,0.044081654,0.1914401,0.0,0.3259682,3.0857177e-06,0.012271346,0.033950802,0.050291367
0.23975311,0.06609106,0.060766403,0.16413252,0.0,0.44334686,5.791061e-06,0.010757727,0.015146587,0.032086626
0.26496685,0.07387864,0.0079114195,0.098960154,0.0,0.5203462,6.296702e-06,0.015503175,0.018427294,-0.0111434795
0.27809873,0.07220062,0.014478376,0.09460477,0.0,0.5045041,3.6908464e-06,0.012888901,0.023220811,0.034316845
0.31137812,0.11822988,0.0044845794,0.064774565,0.0,0.4649624,8.287526e-06,0.0123548405,0.023807319,0.03093703
0.20150426,0.043072928,0.034811273,0.14352661,0.0,0.53500706,3.1749203e-06,0.018538095,0.023536671,0.050082423
0.3049262,0.08097795,0.05238704,0.12423519,0.0,0.40011522,1.1668457e-06,0.0115305595,0.025826689,0.035029612
0.30651087,0.06366772,0.051032253,0.0710241,0.0,0.47184154,6.050182e-08,0.011487205,0.024436278,0.019809775
0.26760405,0.10084093,0.03447567,0.05890943,0.0,0.49617827,4.660916e-06,0.012987153,0.028999843,0.06050221
0.24062188,0.12096095,0.014603112,0.112168714,0.0,0.4892245,1.5599951e-05,0.012376089,0.0100292275,0.035221882
0.2883798,0.097894475,0.0699984,0.012276292,0.0,0.48163548,1.1256225e-05,0.017707374,0.032096878,0.031784333
0.17366649,0.1249262,0.041132435,0.04658086,0.0,0.5649831,4.9891332e-06,0.015503776,0.03320212,0.03220503
0.27722245,0.108374685,0.039393555,0.066030145,0.0,0.44590947,1.1582609e-05,0.01659072,0.046467364,0.06727459
0.25100645,0.08970053,0.015588558,0.09111334,0.0,0.5097917,2.206484e-06,0.0127325915,0.030064704,0.047144823
0.21893811,0.0941909,0.023355626,0.108452156,0.0,0.5087007,2.7548796e-07,0.014249053,0.032113113,0.040974125
0.23593251,0.10026187,0.039818577,0.0011610846,0.0,0.5938573,1.2581442e-05,0.012869285,0.016086916,0.013483651
0.25227538,0.10774975,0.029134423,0.073523134,0.0,0.48872676,6.555379e-06,0.015261262,0.0333227,0.07088872
0.20399351,0.08197964,0.02507752,0.157137,0.0,0.4704557,6.3387893e-06,0.014826266,0.04652388,0.04061637
0.23662524,0.06507706,0.024939537,0.07175862,0.0,0.5558537,1.1967538e-06,0.014190749,0.031553853,0.037445582
0.2715416,0.06609145,0.024281727,0.1130532,0.0,0.46309087,6.4853584e-06,0.012508907,0.04942575,0.114424
0.20766287,0.06949057,0.017962828,0.0407068,0.0,0.60717076,4.556006e-06,0.018284025,0.03871765,0.04627175
0.22432008,0.08491074,0.044628434,0.051826466,0.0,0.54824394,9.341371e-06,0.013650999,0.032409992,0.046271853
0.25615928,0.060483545,0.04307487,0.15590966,0.0,0.45450592,1.3346168e-05,0.012198792,0.017654661,0.03506411
0.2597746,0.08384669,0.03674801,0.01850356,0.0,0.5545879,5.879425e-07,0.01711855,0.029420057,0.04064008
0.29305053,0.05299607,0.012109432,0.010890893,0.0,0.56718,5.612778e-06,0.013047483,0.050719973,0.053581193
0.19415061,0.05356317,0.059506264,0.19704454,0.0,0.4535157,1.1855264e-05,0.014909367,0.027298423,0.06001029
0.2355993,0.08602835,0.07699793,0.09356178,0.0,0.46119672,1.6320162e-05,0.0065525263,0.04004708,0.05451241
0.22784944,0.10065186,0.10750853,0.12024047,0.0,0.40355995,1.819245e-05,0.0053621694,0.03480942,0.046376415
0.23368101,0.09233171,0.03223976,0.124175765,0.0,0.4805347,8.749165e-06,0.0152466,0.02178165,0.02142831
0.20477054,0.050152387,0.06109714,0.10969421,0.0,0.5347993,3.2053267e-06,0.013989107,0.025494125,0.05724536
0.1985416,0.05642142,0.06873285,0.121215865,0.0,0.49349326,1.7642233e-05,0.018194888,0.043382443,0.060751192
0.18300748,0.07039038,0.07750033,0.13715142,0.0,0.4882278,1.6621635e-06,0.012565977,0.031154932,0.057846285
0.18346265,0.031357106,0.050047923,0.14578523,0.0,0.55286014,1.05485515e-05,0.00847118,0.028005201,0.078032814
0.21353424,0.034606937,0.014117576,0.09331593,0.0,0.59123945,3.835631e-06,0.012266803,0.040915217,0.046545543
0.25582945,0.0663969,0.008243515,0.15587479,0.0,0.48592848,1.230768e-05,0.011955632,0.015758922,-0.004937608
0.25934392,0.035637688,0.026805738,0.05907977,0.0,0.55256474,1.3633996e-06,0.010516381,0.056050356,0.055631854
0.14772524,0.029889882,0.043216735,0.15020035,0.0,0.5890985,7.903952e-06,0.008881414,0.030979887,0.067685
0.20862478,0.061049927,0.014551104,0.023960218,0.0,0.6539723,6.362696e-06,0.008874897,0.02896031,0.13366103
0.2340837,0.06256971,0.021964032,0.15168624,0.0,0.49486762,2.0958514e-06,0.012901471,0.021925142,0.040848978
0.19716878,0.06756732,0.0135536175,0.16292931,0.0,0.53423196,9.759817e-07,0.010191771,0.014356172,0.04105822
0.19803801,0.048751313,0.017976629,0.05813362,0.0,0.63749653,7.5991543e-06,0.01537492,0.024221357,-0.031787667
0.21877989,0.068107694,0.0043894765,0.07669635,0.0,0.60285705,2.289109e-06,0.00946181,0.019705486,0.066234775
0.26888674,0.035883334,0.016435523,0.012910151,0.0,0.62203616,2.0667599e-06,0.009251639,0.034594283,0.071149744
0.19411507,0.031191327,0.029524205,0.20620702,0.0,0.5096028,3.3179242e-06,0.00750369,0.02185253,0.059560813
0.20842868,0.026580237,0.033854228,0.1317341,0.0,0.56023383,7.533551e-06,0.010700727,0.028460667,0.05685673
0.20657997,0.0384415,0.007796416,0.12971577,0.0,0.56047416,4.261287e-09,0.010328421,0.046663824,0.058185883
0.24996866,0.043545727,0.011386548,0.040416595,0.0,0.58408785,4.1140615e-06,0.011208651,0.05938186,0.056071796
0.13949364,0.14286529,0.0056800954,0.028403105,0.0,0.6129026,2.510562e-06,0.009935825,0.060717,0.06532461
0.1881785,0.030239685,0.03723281,0.0291708,0.0,0.6763591,4.4270128e-06,0.009470742,0.02934391,0.07550635
0.15797204,0.056460675,0.04342391,0.09705036,0.0,0.6019664,4.731701e-06,0.013011572,0.030110396,0.079398505
0.28824708,0.054582827,0.026914723,0.010180865,0.0,0.5778224,1.3115625e-06,0.004684216,0.03756661,0.05473692
0.20121081,0.07849571,0.029567266,0.16325018,0.0,0.49961928,8.097358e-06,0.0064071687,0.021441504,0.049354695
0.2742543,0.09373179,0.006469061,0.15607278,0.0,0.4470902,5.1107154e-06,0.009892092,0.012484573,-0.017720442
0.22680181,0.0333913,0.017871674,0.19317828,0.0,0.50481766,1.8714835e-06,0.007346735,0.016590642,0.05836674
0.19815758,0.04531651,0.0031744083,0.14144175,0.0,0.57630026,3.038851e-06,0.009292212,0.026314195,0.051024504
0.2394124,0.026709892,0.009012283,0.0608364,0.0,0.6349928,6.834757e-07,0.01197594,0.017059598,0.078751065
0.25976503,0.05622279,0.021893455,0.0360492,0.0,0.5984158,2.0216136e-07,0.010024816,0.017628709,0.088348426
0.18730618,0.042832367,0.026755627,0.19699843,0.0,0.51791775,1.1469511e-06,0.00961603,0.018572416,0.064381294
0.14620109,0.034287885,0.028728355,0.17159092,0.0,0.583191,8.251599e-09,0.012055819,0.023944959,0.06303278
0.19614168,0.0373479,0.029415632,0.007723052,0.0,0.67841303,4.1400394e-06,0.0124665955,0.038487993,0.032025702
0.19786245,0.08594214,0.015869413,0.021777535,0.0,0.6390385,6.6673135e-07,0.013577379,0.025931941,0.08220328
0.21826328,0.06117481,0.0037809885,0.15983374,0.0,0.5113872,1.3912354e-05,0.009324554,0.03622152,0.04616692
0.16573387,0.041018113,0.023254937,0.20408712,0.0,0.5461148,1.171823e-05,0.0114444615,0.008335059,0.026885279
0.21114402,0.02999332,0.0070269885,0.06656316,0.0,0.6293762,1.2493745e-06,0.014128126,0.041767024,0.056773193
0.28384122,0.021358706,0.011507893,0.07256996,0.0,0.55851465,2.2485706e-06,0.008572969,0.043632317,0.046657056
0.18594095,0.021942293,0.02337792,0.17736045,0.0,0.54919434,6.7459346e-06,0.008397519,0.03377979,0.05315376
0.20907484,0.053588983,0.04446626,0.12055824,0.0,0.54886943,1.4750564e-06,0.012009211,0.01143155,0.069740064
0.17658356,0.067874804,0.016943922,0.22129361,0.0,0.4903749,1.1307517e-05,0.011148514,0.015769424,0.007411808
0.16507117,0.031667028,0.023344906,0.12370001,0.0,0.61271006,1.508303e-06,0.012051531,0.031453855,0.061356254
0.25823087,0.029871518,0.0027616227,0.095246494,0.0,0.58673817,6.957168e-06,0.0072811106,0.019863272,0.056412905
0.2865707,0.023671946,0.032708738,0.2255483,0.0,0.4151769,7.065258e-06,0.0041140895,0.012202317,0.056189224
0.17596355,0.039971396,0.019780552,0.07990408,0.0,0.62772876,1.6143819e-06,0.0106507195,0.04599929,0.07385326
0.1907437,0.03808708,0.028655414,0.04411187,0.0,0.6308015,1.7297552e-06,0.011231723,0.056366973,0.06510229
0.2235849,0.033636834,0.0025179028,0.09559359,0.0,0.60841084,4.362218e-06,0.011147721,0.025103888,0.07736761
0.20787759,0.03212076,0.010399214,0.12493634,0.0,0.6019034,3.5474106e-06,0.008844524,0.013914701,0.07125642
0.31900597,0.06745295,0.020094238,0.09404418,0.0,0.46537006,9.213696e-06,0.011677338,0.022346012,0.029963598
0.24551925,0.041577645,0.005752774,0.015895717,0.0,0.64586556,7.1120194e-06,0.008760692,0.0366213,0.057241723
0.2798902,0.03043014,0.026121905,0.08617864,0.0,0.557489,1.7132168e-06,0.007658104,0.012230317,0.10334898
0.22692785,0.04032436,0.015327203,0.091414325,0.0,0.6014976,1.1169685e-06,0.0077357157,0.016771842,0.097907476
0.23996672,0.043284565,0.031441122,0.22145413,0.0,0.42646852,4.2862825e-06,0.008491523,0.028889224,0.042798884
0.16624336,0.067613795,0.020199846,0.15348606,0.0,0.5706999,4.4017006e-06,0.011495299,0.010257331,0.04794302
0.24757716,0.022053761,0.00039310305,0.17996463,0.0,0.5145441,1.6177233e-06,0.011175739,0.024289763,0.03572067
0.17844564,0.030701358,0.0108247725,0.0843009,0.0,0.6406318,4.5173197e-06,0.013032411,0.04205856,0.06505937
0.22013448,0.02732268,0.03122836,0.2893417,0.0,0.41709456,5.499621e-06,0.005376766,0.009495946,0.03585366
0.19614372,0.03647052,0.021418424,0.15321524,0.0,0.5521416,1.2075865e-05,0.012423035,0.028175374,0.036981896
0.20016046,0.027232492,0.012956841,0.2486703,0.0,0.48648638,7.652111e-06,0.012283858,0.012202017,-0.009931024
0.25672957,0.023284243,0.016313959,0.14788403,0.0,0.5223284,5.305264e-06,0.013303478,0.020151049,0.00091296434
0.2403249,0.030697303,0.018980647,0.05993063,0.0,0.6199155,1.1013059e-05,0.012813835,0.017326236,0.015887253
0.21361707,0.07303249,0.012622699,0.10415259,0.0,0.542699,1.46401e-05,0.010671417,0.04319009,-0.066440545
0.25693697,0.04405783,0.054927956,0.12086322,0.0,0.4820768,1.4759421e-05,0.0071055195,0.034016915,0.03993304
0.25736672,0.028143423,0.015685264,0.18508922,0.0,0.49244586,3.3225745e-06,0.009329035,0.01193711,0.034420915
0.20554757,0.024083287,0.008511655,0.20631452,0.0,0.5214735,4.8675042e-06,0.010463509,0.023601064,0.060696892
0.18882045,0.02701215,0.03448279,0.24213128,0.0,0.47333223,4.1643066e-06,0.00946427,0.024752691,0.05223044
0.22581647,0.032934226,0.019525992,0.102821656,0.0,0.5766775,7.375797e-07,0.0076214755,0.03460191,0.07209935
0.19955704,0.020585293,0.033044815,0.16396083,0.0,0.54297715,4.5549578e-07,0.009050324,0.03082411,0.06792838
0.25663075,0.029449705,0.040182184,0.16443591,0.0,0.46706772,2.1632843e-07,0.0075278,0.034705717,0.061161526
0.28524783,0.03931427,0.0050775115,0.10347771,0.0,0.5403528,2.5026397e-06,0.0110977655,0.015429509,0.04359228
0.19697812,0.043224685,0.046816096,0.24274668,0.0,0.44487593,3.7521536e-06,0.006980068,0.018374678,0.07095977
0.20327011,0.034447942,0.027158841,0.14442584,0.0,0.55368733,8.651084e-07,0.0064746253,0.030534469,0.07156632
0.27345225,0.041195627,0.019957196,0.0989852,0.0,0.51505184,8.074474e-06,0.011796901,0.039552864,0.048804477
0.24746431,0.039349888,0.0075023607,0.21330269,0.0,0.46196783,8.883156e-07,0.01133053,0.019081535,0.06267432
0.3341572,0.02663072,0.003211298,0.16618292,0.0,0.45000967,4.5991956e-06,0.0069652055,0.012838325,0.055840604
0.20274606,0.07346881,0.040645868,0.17693362,0.0,0.47575113,8.7806075e-06,0.009358775,0.021086982,0.056483842
0.21445721,0.028128726,0.048605338,0.17524394,0.0,0.4956908,9.981278e-07,0.009573359,0.028299691,0.08319237
0.23741692,0.065322444,0.0015655236,0.13852693,0.0,0.5210268,1.4936104e-05,0.011887712,0.024238748,0.037144937
0.16339093,0.026450725,0.05936917,0.2156725,0.0,0.50399476,2.3190532e-06,0.006522726,0.024596909,0.071371175
0.20099081,0.0306806,0.036815822,0.20980372,0.0,0.49343598,9.875168e-06,0.012530521,0.01573267,0.054731525
0.22416891,0.028134655,0.051634915,0.22319362,0.0,0.44691372,5.103931e-06,0.009248156,0.016700892,0.06330358
0.21219149,0.029338108,0.038779244,0.15622711,0.0,0.52512634,1.7397551e-06,0.008670404,0.029665548,0.08491429
0.19791251,0.027913513,0.009186265,0.17317319,0.0,0.5590135,1.0846905e-05,0.011511485,0.021278702,0.038412817
0.2025979,0.032151278,0.03419166,0.12675035,0.0,0.56801885,6.677471e-07,0.008230958,0.028058274,0.0692978
0.2113134,0.029895334,0.017450044,0.14006598,0.0,0.57584333,7.1395875e-06,0.01241467,0.013010083,0.051460393
0.22698985,0.025307715,0.01860783,0.25476,0.0,0.44524407,1.0657268e-05,0.009219075,0.019860838,0.029379047
0.20666434,0.057848513,0.01756105,0.013515099,0.0,0.66832876,1.341819e-05,0.012215243,0.023853537,0.039708517
0.17721388,0.026774533,0.041741695,0.2128376,0.0,0.5087779,2.0643008e-06,0.008120323,0.024531977,0.06492967
0.2399097,0.038115893,0.023071581,0.14226398,0.0,0.52027005,2.7839783e-06,0.009282422,0.027083658,0.062364437
0.2496415,0.05389041,0.040529028,0.14854719,0.0,0.48398715,4.1604227e-07,0.005268432,0.018135903,0.07550592
0.15249051,0.035486765,0.027140504,0.1618214,0.0,0.59716976,6.3493917e-06,0.0060873767,0.019797381,0.0670987
0.21489315,0.08912828,0.007822633,0.06160249,0.0,0.5729318,1.119526e-06,0.00863862,0.04498195,0.051007085
0.17976274,0.038154542,0.01075941,0.11712099,0.0,0.61572254,1.1539669e-06,0.010531429,0.02794722,0.085876144
0.20574705,0.03444526,0.00878505,0.08246405,0.0,0.6352082,6.136224e-06,0.00849323,0.024851117,0.078565724
0.2768031,0.03422816,0.0075665955,0.11496125,0.0,0.5468668,4.9788023e-06,0.0070222938,0.012546826,0.059523486
0.23385441,0.09278579,0.027085377,0.09987932,0.0,0.5193813,2.3204147e-07,0.0067679095,0.020245772,0.056061782
0.23093547,0.03407313,0.03890031,0.12827079,0.0,0.5324894,4.007402e-07,0.0048258095,0.03050465,0.08087138
0.25168794,0.07169954,0.015188109,0.10132251,0.0,0.49912444,1.0326017e-05,0.009050945,0.0519162,0.04156962
0.21480429,0.03156398,0.014849013,0.25119755,0.0,0.47372377,5.711381e-06,0.008582571,0.005273118,0.0577804
0.23105618,0.08405925,0.0046864124,0.054202937,0.0,0.59857965,3.848992e-06,0.0062313494,0.021180421,0.055252463
0.20383751,0.07222677,0.015035824,0.21217355,0.0,0.45981023,4.0734703e-06,0.011922008,0.02498999,0.049850322
0.16608442,0.043031093,0.022265948,0.09199877,0.0,0.6248335,9.725523e-06,0.0071164053,0.044660088,0.06510902
0.2898388,0.03104987,0.027573578,0.19670177,0.0,0.42564008,1.0618065e-05,0.007066117,0.022119202,0.049338207
0.22501671,0.08758363,0.011894284,0.09126233,0.0,0.55224407,3.1138454e-06,0.013433549,0.01856232,0.055103935
0.14935026,0.032304063,0.037707686,0.23190573,0.0,0.5189801,3.4433137e-06,0.008877442,0.020871222,0.05331683
0.25297946,0.040689304,0.0001790526,0.06201979,0.0,0.62281734,7.74475e-06,0.0088766245,0.012430711,0.060478695
0.2531847,0.028594717,0.010989182,0.18477009,0.0,0.48852468,7.790548e-06,0.009354357,0.024574393,0.03992004
0.19965528,0.03220905,0.008419491,0.17629541,0.0,0.5283608,2.6661442e-06,0.00928312,0.04577419,0.057008125
0.17194532,0.04962764,0.060850088,0.20905821,0.0,0.48247808,8.278625e-06,0.009572937,0.016459446,0.04649996
0.22311834,0.04570671,0.051131546,0.16087162,0.0,0.4871324,1.4455274e-05,0.008147687,0.023877347,0.06844244
0.18368188,0.040387414,0.07955479,0.17365345,0.0,0.4808312,1.4110575e-05,0.0018429494,0.040034287,0.0779592
0.22701415,0.03836154,0.00041996306,0.0006355706,0.0,0.6960855,4.2869747e-06,0.010772201,0.026706731,0.08184593
0.24975787,0.03781304,0.017215308,0.06222656,0.0,0.59983224,6.9253024e-06,0.009480012,0.023668027,0.07257465
0.23834926,0.058792014,0.034774534,0.1683742,0.0,0.48337212,6.308015e-06,0.008975306,0.0073562195,0.059061937
0.14158364,0.034819085,0.048733123,0.080343805,0.0,0.6472487,6.8411728e-06,0.009123146,0.038141713,0.095472135
0.20782875,0.027724428,0.085041,0.18121523,0.0,0.4641361,8.023383e-06,0.003333926,0.030712495,0.072292335
0.17874253,0.026738446,0.030136969,0.2123217,0.0,0.5218877,2.5990967e-06,0.0063530733,0.023816926,0.084375925
0.17042197,0.028229289,0.05546939,0.14991973,0.0,0.5504043,2.055068e-05,0.00322978,0.04230504,0.08428589
0.21311828,0.10088955,0.013472893,0.07534224,0.0,0.5668416,3.4345915e-06,0.0067759086,0.023556074,0.06848555
0.2099584,0.05415132,0.06589598,0.16441686,0.0,0.47162628,1.0971534e-05,0.0012523822,0.03268774,0.04596006
0.26942018,0.07317071,0.024173055,0.103042156,0.0,0.511226,4.958379e-08,0.010006308,0.00896163,0.05547926
0.22193094,0.108355485,0.0040724236,0.033658713,0.0,0.59816986,5.356877e-06,0.008070277,0.025737008,0.082054324
0.34690467,0.026966479,0.0040226495,0.11688148,0.0,0.4780725,4.227029e-06,0.010184565,0.016963491,0.05056016
0.2502194,0.04129336,0.02823055,0.10100639,0.0,0.5260972,3.995825e-06,0.0075581865,0.045590878,0.09683239
0.21253687,0.060407586,0.0069343513,0.06981881,0.0,0.6174873,4.722724e-06,0.010303015,0.022507343,0.09144891
0.24608473,0.03245339,0.0046025803,0.08865982,0.0,0.5963972,3.0170243e-06,0.0075399512,0.02425927,0.09356473
0.18688929,0.041326724,0.031314805,0.13888049,0.0,0.56538785,2.8442537e-06,0.008729375,0.027468594,0.062360473
0.20138234,0.056634434,0.0032256562,0.098821856,0.0,0.5939165,1.9809851e-05,0.010473409,0.03552601,0.0035075173
0.22366688,0.026679965,0.004702127,0.13879557,0.0,0.56885767,1.5769912e-06,0.011674925,0.025621306,0.05023534
0.18501125,0.042833008,6.717665e-05,0.043000024,0.0,0.70485556,9.023182e-06,0.007035874,0.017188178,0.067871444
0.30432048,0.043455385,0.057557676,0.0,0.0,0.5672631,1.2000567e-05,0.012255496,0.015135843,0.05711209
0.21079192,0.034601383,0.014731867,0.14027266,0.0,0.5632176,1.2074585e-05,0.0116203185,0.024752209,0.008315451
0.3061398,0.030609123,0.01634175,0.053950507,0.0,0.53539234,4.4747097e-07,0.0113013275,0.046264675,0.06211535
0.18409456,0.050001938,0.046707395,0.12831162,0.0,0.5557448,1.2696029e-05,0.00438346,0.030743433,0.08311858
0.19583964,0.06758014,0.046591777,0.18780173,0.0,0.46603993,1.6571566e-05,0.010984851,0.025145356,0.059451558
0.24398161,0.030461663,0.018382693,0.0445259,0.0,0.6278986,8.2333945e-06,0.009043043,0.025698313,0.0770716
0.16191958,0.030513845,0.08592264,0.18157238,0.0,0.50513273,1.8103256e-05,0.0039094845,0.0310112,0.062577955
0.25096643,0.02449652,0.017952014,0.087051995,0.0,0.5921588,1.6629587e-06,0.0063680788,0.021004595,0.06216521
0.34936988,0.036145993,0.03586562,0.03143672,0.0,0.49361405,3.6274134e-06,0.0068078237,0.04675627,0.087723754
0.2503108,0.024151202,0.0006993702,0.17493452,0.0,0.51037425,8.12001e-06,0.0144563485,0.02506531,0.035080142
0.19928148,0.03322097,0.008881351,0.19327942,0.0,0.52913755,3.3347062e-06,0.009960838,0.026235057,0.05163689
0.20321938,0.020232592,0.010738949,0.20557584,0.0,0.53380764,5.6900262e-06,0.012793183,0.013626727,0.037586547
0.18479724,0.027808474,0.02472024,0.22419113,0.0,0.50820404,2.4958824e-06,0.008421686,0.0218547,0.04824584
0.24455334,0.026058044,0.019383559,0.22940084,0.0,0.44947517,5.6325857e-06,0.007909027,0.02321444,0.039358273
0.22763404,0.036843814,0.029631339,0.08579746,0.0,0.5878578,1.2691526e-05,0.013395683,0.018827254,-0.10088997
0.2053542,0.038657274,0.0066135195,0.1369589,0.0,0.5782114,1.3845358e-05,0.015553708,0.018637158,0.029793225
0.16332336,0.029808851,0.0034947365,0.115467496,0.0,0.6425049,6.403548e-06,0.016494727,0.028899584,0.04379347
0.20237766,0.11701905,0.006662846,0.093864575,0.0,0.53380966,2.2448187e-06,0.011221808,0.035042126,0.06184406
0.26950917,0.06085633,0.02375903,0.09521721,0.0,0.50271904,2.010161e-06,0.007431975,0.04050524,0.05543179
0.21100539,0.034266412,0.0025921012,0.16389792,0.0,0.53956777,4.4626768e-06,0.010407634,0.03825835,0.06358341
0.22098069,0.078800045,0.022706585,0.12539464,0.0,0.5143377,3.964205e-06,0.006702042,0.031074373,0.041490473
0.2649247,0.062497836,0.0059720865,0.075614564,0.0,0.55275106,8.3110484e-07,0.012332853,0.02590608,0.04255101
0.24145201,0.06037663,0.0135295885,0.11812064,0.0,0.5210077,3.9649203e-07,0.010981004,0.034531992,0.04153783
0.19792289,0.05665881,0.020903781,0.13777521,0.0,0.5671022,1.3771971e-06,0.013184819,0.0064508915,0.04594644
0.15229303,0.0994051,0.025175318,0.18468964,0.0,0.51029265,7.312915e-06,0.011018211,0.017118728,0.017484732
0.2540682,0.025654987,0.024117893,0.06412164,0.0,0.5871048,5.1025886e-06,0.013503982,0.03142338,0.035258748
0.29202732,0.025482135,0.0030562053,0.112040825,0.0,0.53781796,9.25416e-06,0.011877405,0.01768888,0.044439994
0.21078351,0.031515196,0.015683524,0.0904562,0.0,0.5948805,1.1525086e-06,0.013347544,0.04333231,0.05420751
0.20245475,0.045203384,0.01367618,0.0586744,0.0,0.64685035,1.323503e-05,0.013422983,0.019704824,0.03228724
0.23636375,0.045617647,0.018751085,0.103673905,0.0,0.5644018,1.3368708e-06,0.009912151,0.021278359,0.048791163
0.284845,0.03546456,0.0025946624,0.069840945,0.0,0.5552103,1.0529287e-05,0.013439475,0.03859454,0.035426214
0.3289307,0.06677102,0.01564992,0.01941592,0.0,0.499305,1.529209e-06,0.01023352,0.05969232,0.053142533
0.19525804,0.0321716,0.020067105,0.26870534,0.0,0.45185208,4.9988507e-06,0.008908276,0.023032613,0.045646004
0.28868136,0.04773841,0.027771296,0.042701762,0.0,0.52878076,2.1539386e-06,0.008780032,0.055544194,0.05736263
0.2909453,0.027378652,0.019791204,0.25397834,0.0,0.39214393,4.0188766e-06,0.0078089344,0.007949663,0.030260198
0.25522214,0.028003333,0.01190357,0.08432145,0.0,0.5832602,9.148963e-06,0.013095349,0.024184898,-0.0779375
0.24007902,0.02793044,0.010067616,0.24801865,0.0,0.456901,9.764367e-07,0.009353026,0.0076492243,0.041632764
0.24994767,0.0347571,0.009166877,0.059200812,0.0,0.5849572,2.7826154e-06,0.013713885,0.048253696,0.05538059
0.21008824,0.062003206,0.0070799985,0.08219522,0.0,0.5967545,1.4843913e-05,0.010980413,0.030883558,-0.03526163
0.21791098,0.03477125,0.021955652,0.06086021,0.0,0.6193203,1.3405539e-05,0.013954946,0.031213364,-0.099035315
0.26560336,0.036334798,0.01085184,0.03924458,0.0,0.6120756,1.0326848e-05,0.015451406,0.020428164,0.027776591
0.2570807,0.039666574,0.020971496,0.0532948,0.0,0.58700365,1.2852349e-05,0.014348498,0.02762146,0.040280186
0.28135672,0.02344696,0.014760909,0.14074394,0.0,0.5115701,9.216726e-06,0.012054191,0.016057942,0.033038132
0.34226164,0.07591861,0.024653658,0.009047156,0.0,0.5052049,5.491811e-08,0.011720532,0.03119345,0.041912355
0.2425925,0.030694779,0.0069220606,0.124664485,0.0,0.53883255,5.1497505e-06,0.011649713,0.04463884,0.0520866
0.24624705,0.03219209,0.013617899,0.071725294,0.0,0.5749483,3.1520472e-06,0.010058497,0.0512077,0.05148235
0.20069242,0.030323192,0.0153945815,0.1678041,0.0,0.5412825,1.6082051e-06,0.00945399,0.03504763,0.04607649
0.21724059,0.028657805,0.015918002,0.20753402,0.0,0.49960807,8.642235e-06,0.011072967,0.019959964,0.036600836
0.16555136,0.03448491,0.029832073,0.17767242,0.0,0.5574415,2.6563039e-06,0.0106762005,0.02433891,0.057582743
0.22446623,0.05259021,0.009762683,0.106238686,0.0,0.57586175,3.1435052e-06,0.011060474,0.020016804,0.077469535
0.23386268,0.06026802,0.034519274,0.075368054,0.0,0.5679601,4.7743047e-06,0.0061304914,0.021886552,0.054434896
0.21652706,0.039094515,0.032206323,0.15521128,0.0,0.51363814,2.8984714e-06,0.008235478,0.03508431,0.06170272
0.20922975,0.084316924,0.0007498456,0.0025775991,0.0,0.66554314,1.7617049e-05,0.0150996195,0.022465521,-0.011378169
0.25626662,0.069424905,0.018260293,0.117244996,0.0,0.513059,2.3983299e-07,0.0087255435,0.017018385,0.06467349
0.21608226,0.05086128,0.031099064,0.19521181,0.0,0.47825453,2.297891e-06,0.006445843,0.02204289,0.07107668
0.17679873,0.03720082,0.03416501,0.17880164,0.0,0.53760815,6.566134e-07,0.005971042,0.029453928,0.06484101
0.28715828,0.026438233,0.036715645,0.1342273,0.0,0.4844742,4.9100754e-06,0.009814525,0.02116688,0.07059901
0.29349232,0.06472262,0.006789957,0.05171703,0.0,0.54270744,1.2229093e-05,0.0072722,0.033286233,0.09642876
0.24140199,0.06386121,0.015164277,0.03634799,0.0,0.6022666,1.9998736e-06,0.0086131515,0.032342818,0.09686924
0.3234523,0.06417747,0.020968873,0.10282394,0.0,0.4546928,4.646968e-06,0.010832969,0.02304702,0.045425035
0.32266608,0.046061706,0.0031352139,0.16830191,0.0,0.4295282,3.1618279e-06,0.0071962047,0.023107529,0.050599158
0.31658623,0.07655948,0.0031130703,0.090634145,0.0,0.48603314,7.2397734e-07,0.009982002,0.017091138,0.07372018
0.30587402,0.05868008,0.021780558,0.06901495,0.0,0.5133175,2.8793493e-06,0.0101346625,0.021195307,0.07237824
0.24976736,0.062125072,0.0044114618,0.038911704,0.0,0.58863205,4.2873953e-06,0.01582879,0.04031928,0.07275403
0.32244602,0.10062032,0.008643837,0.038410984,0.0,0.48370734,1.699058e-06,0.01161835,0.03455151,0.076034345
0.27812415,0.0729083,0.03238379,0.059164457,0.0,0.5275021,3.9286346e-07,0.008523157,0.021393582,0.05631178
0.30115086,0.038341533,0.0056537343,0.021880973,0.0,0.5935997,1.3339608e-05,0.009940927,0.029418934,0.09287771
0.25346622,0.03479773,0.026205571,0.12100451,0.0,0.5409864,2.2587153e-06,0.01163606,0.011901254,0.08020117
0.23163947,0.043864675,0.03291429,0.13726775,0.0,0.5316428,1.811476e-06,0.010115342,0.012553872,0.08721972
0.21590129,0.058021825,0.056389987,0.14830066,0.0,0.49628273,1.5677387e-06,0.0061972346,0.018904706,0.057133533
0.22529517,0.03911332,0.011499132,0.18434031,0.0,0.5220404,6.3741454e-06,0.0073425826,0.010362673,0.070843466
0.29633686,0.086222544,0.010010033,0.059091978,0.0,0.51635164,9.178889e-06,0.009378791,0.022598974,0.07439809
0.2780323,0.08267375,0.0013936947,0.05398171,0.0,0.54457706,7.256474e-06,0.0068825292,0.03245174,0.067851104
0.17096183,0.08382995,0.023612902,0.23102342,0.0,0.4608725,9.784549e-07,0.009313453,0.020384986,0.040341727
0.2430823,0.054660674,0.008438454,0.034955528,0.0,0.60912174,1.1272836e-05,0.007766955,0.041963,0.087189294
0.33039698,0.07921511,0.0040248022,0.024018442,0.0,0.5349133,1.5208644e-07,0.0062815715,0.021149766,0.07045663
0.3570792,0.0824754,0.0060118465,0.04431461,0.0,0.48493567,9.963794e-06,0.007670769,0.017502518,0.06804586
0.23189819,0.08483263,0.0073011457,0.110843346,0.0,0.5311518,5.475201e-06,0.010126659,0.023840817,0.05926796
0.26330858,0.045052547,0.017675329,0.075456984,0.0,0.5584775,3.4843215e-06,0.010345241,0.029680245,0.059278615
0.24274787,0.12392973,0.025778733,0.059146047,0.0,0.5055461,3.0898613e-07,0.0053816265,0.03746961,0.052712098
0.17322081,0.08792911,0.009575558,0.071310125,0.0,0.62491065,7.5114335e-06,0.013268719,0.019777482,0.052221783
0.2273011,0.082042046,0.0032337685,0.022235738,0.0,0.62598646,1.8249249e-06,0.011332182,0.027866859,0.05815099
0.29801038,0.028945077,0.035327777,0.093251884,0.0,0.5154469,2.4920535e-06,0.0096558165,0.01935962,0.057843186
0.34895337,0.026265468,0.0029762902,0.060509667,0.0,0.52737546,3.7646696e-06,0.010137605,0.023778373,0.08740007
0.3269313,0.039815754,0.0029591355,0.00019387476,0.0,0.5802848,2.7388933e-06,0.010055549,0.03975683,0.080418624
0.34985206,0.06746058,0.004290459,0.03343987,0.0,0.4973536,2.0320095e-07,0.008675925,0.038927242,0.09096364
0.30175573,0.07886867,0.01481986,0.004390637,0.0,0.5651744,1.7258482e-06,0.012691584,0.022297442,0.06664582
0.16510214,0.036288273,0.0289231,0.22663778,0.0,0.52057874,7.5470157e-06,0.010576598,0.011885833,0.03694161
0.21500382,0.052789226,0.0326328,0.25105786,0.0,0.42995042,9.16977e-06,0.0045084357,0.014048248,0.031188808
0.19651404,0.06703637,0.01350906,0.07005888,0.0,0.6348732,1.0396881e-06,0.00921276,0.008794639,0.06270609
0.27745432,0.040480155,0.027661132,0.023125738,0.0,0.5783236,1.3080579e-05,0.01155676,0.041385274,0.08129036
0.328209,0.039627556,0.017486334,0.01464852,0.0,0.53856087,1.4209183e-05,0.0116342,0.04981934,0.076011874
0.22928736,0.06815535,0.01474098,0.03590865,0.0,0.62122357,1.2074127e-06,0.012211898,0.018471032,0.057112165
0.23685133,0.07936246,0.033658,0.04747091,0.0,0.58623517,4.671566e-06,0.01105493,0.0053624967,0.05415377
0.38540453,0.031778898,0.00844268,0.053611673,0.0,0.46823487,5.6710337e-06,0.009604073,0.042917635,0.086180784
0.3684385,0.033415478,0.0043825763,0.05181937,0.0,0.488425,5.2273165e-08,0.0067406143,0.046778396,0.08124762
0.31869218,0.04460065,0.011750701,0.027807724,0.0,0.5525723,7.051508e-06,0.01234792,0.032221425,0.08079069
0.30275613,0.035357326,0.035292055,0.13352314,0.0,0.46646023,5.8145038e-06,0.011073884,0.015531368,0.07850718
0.30868968,0.03513345,0.032499444,0.06562551,0.0,0.5158921,4.396485e-06,0.010378866,0.031776544,0.07274122
0.3077864,0.024874173,0.012783157,0.0694732,0.0,0.5374284,2.1153746e-06,0.010119935,0.03753265,0.070180796
0.32868597,0.031123098,0.017380955,0.057698555,0.0,0.52025425,3.821967e-07,0.00734415,0.037512653,0.0815037
0.31209636,0.10138002,0.0006012007,0.017480005,0.0,0.5246188,2.3377142e-06,0.006798637,0.037022542,0.09149047
0.39703092,0.035639722,0.026780264,0.054461755,0.0,0.43968326,3.2850337e-06,0.008496905,0.03790389,0.0808622
0.2482109,0.042704973,0.015411896,0.035196632,0.0,0.644542,1.816203e-06,0.01072581,0.0032060014,0.07057551
0.3758373,0.06164915,0.021897778,0.06516589,0.0,0.44158983,7.1518325e-06,0.010766637,0.023086298,0.07154169
0.24181132,0.036496677,0.044426948,0.072215885,0.0,0.57473403,3.6054835e-06,0.0070995227,0.023211999,0.06695401
0.22993845,0.04038926,0.056746684,0.12731783,0.0,0.5154497,1.9953975e-06,0.007314002,0.022842044,0.09538864
0.3249643,0.05075789,0.02790095,0.12778889,0.0,0.43375927,5.9169024e-06,0.009772346,0.025050389,0.07239545
0.31066972,0.033476688,0.040724777,0.06292375,0.0,0.5155316,3.600189e-06,0.012197793,0.024472075,0.08697412
0.17726511,0.04117595,0.05017375,0.14073348,0.0,0.5559698,3.52183e-06,0.0077510667,0.026927283,0.08690407
0.24724078,0.035626665,0.0167989,0.077194855,0.0,0.5775491,8.540095e-06,0.007818781,0.037762385,0.122330464
0.28131285,0.024477772,0.007977932,0.10219611,0.0,0.54546803,2.0810091e-06,0.006291708,0.032273542,0.07110495
0.3373719,0.044922113,0.012686944,0.02577187,0.0,0.534838,6.9071175e-06,0.006879467,0.037522808,0.062992655
0.36863583,0.074247934,0.007838742,0.03822593,0.0,0.4656306,7.057004e-06,0.011077984,0.034335874,0.08716101
0.2594192,0.03670229,0.01309448,0.07462027,0.0,0.5598491,9.085442e-07,0.0073589208,0.048954934,0.07707045
0.23855905,0.039604373,0.0049139108,0.033972457,0.0,0.66440403,2.7364683e-06,0.010074134,0.008469385,0.064987205
0.2644066,0.041903965,0.04490416,0.06145217,0.0,0.56488025,5.6130105e-08,0.009285749,0.013167049,0.08072706
0.23652203,0.06006005,0.0039282767,0.12084019,0.0,0.5455828,1.2180732e-05,0.013137218,0.019917289,0.04662057
0.17661001,0.038576383,0.027291043,0.11205578,0.0,0.60606223,9.475956e-06,0.008571418,0.030823655,0.114606954
0.26456067,0.10659039,0.012986698,0.0012700319,0.0,0.5866663,3.985203e-08,0.010156773,0.017769149,0.055990554
0.3146708,0.04627885,0.01526787,0.07916959,0.0,0.52151835,1.0605385e-06,0.010234543,0.012858983,0.065129824
0.26726437,0.027913045,0.004233656,0.06190961,0.0,0.58218265,1.24703865e-05,0.009610582,0.046873596,0.118039675
0.27320147,0.04982424,0.014689245,0.020863598,0.0,0.58283556,1.5030576e-05,0.010609646,0.04796126,0.09504629
0.25468633,0.03687509,0.007935112,0.045338392,0.0,0.6261418,1.0448543e-05,0.009951222,0.019061562,0.06293861
0.2865027,0.08366194,0.01639421,0.0056388443,0.0,0.58040416,3.846544e-06,0.013339154,0.0140552055,0.03324584
0.34459776,0.047896683,0.0009196729,0.0013240547,0.0,0.5640454,7.527877e-06,0.009617322,0.031591468,0.06438372
0.31364104,0.04776577,0.01378385,0.18406336,0.0,0.41446215,6.426387e-06,0.004854684,0.021422684,0.036975242
0.1769466,0.094768055,0.008425953,0.08550256,0.0,0.5978426,4.3562577e-06,0.0087742675,0.027735533,0.060851045
0.25187537,0.03597743,0.03492209,0.19900467,0.0,0.46011972,1.7565571e-05,0.009996784,0.00808638,-0.013185248
0.18826035,0.029121852,0.0017299589,0.19777438,0.0,0.56721324,3.7841758e-06,0.008952535,0.0069438647,0.03182865
0.23982117,0.05920856,0.038847532,0.077605225,0.0,0.55080545,1.3558959e-05,0.0074249725,0.026273547,0.041639075
0.20977804,0.053301387,0.031249631,0.08057298,0.0,0.5891102,1.0043959e-05,0.012539753,0.023437936,0.019344226
0.24001834,0.037181538,0.022216022,0.088138916,0.0,0.5821791,3.2914475e-06,0.005466156,0.024796573,0.08467681
0.2424551,0.035478562,0.012548079,0.062354315,0.0,0.6316442,5.8914907e-06,0.010570883,0.0049429354,0.0648522
0.22873303,0.026558636,0.056220256,0.16722652,0.0,0.4952859,2.1002659e-06,0.0052524805,0.02072111,0.08312798
0.21898459,0.03570349,0.0028462484,0.12776756,0.0,0.58535624,3.5913245e-06,0.00943585,0.019902416,0.07048199
0.20321539,0.0466169,0.0061694337,0.008083789,0.0,0.71391785,8.146402e-06,0.012836265,0.009152234,0.040431537
0.19027607,0.06621671,0.049770255,0.21023236,0.0,0.45761928,1.0054309e-05,0.007933231,0.017942006,0.040051155
0.24055903,0.02691141,0.014103402,0.056083336,0.0,0.6254337,7.4920376e-06,0.006736537,0.03016513,0.084893115
0.23016529,0.08189038,0.031858947,0.05288998,0.0,0.59356225,3.39476e-06,0.00607119,0.0035586467,0.06594657
0.32596564,0.036095116,0.03211056,0.06123694,0.0,0.5103254,4.1847393e-06,0.0115870815,0.022675076,0.085348256
0.306682,0.044003718,0.01674521,0.07377953,0.0,0.5032521,1.194989e-05,0.011429152,0.044096332,0.0753083
0.40093356,0.036039,0.02526269,0.011247252,0.0,0.47345904,1.0525761e-05,0.009125483,0.043922566,0.082805
0.347431,0.032656845,0.03126235,0.0033993048,0.0,0.55692923,4.799876e-06,0.010772011,0.01754446,0.08290424
0.29158416,0.09805866,0.030944776,0.08197986,0.0,0.46083814,1.4657772e-05,0.005140603,0.031439245,0.088061415
0.32307723,0.1002091,0.019329084,0.01738648,0.0,0.5096061,1.3939971e-05,0.009513911,0.020864185,0.09078998
0.18629599,0.10959628,0.029369626,0.013156384,0.0,0.62420356,7.0780884e-06,0.008481341,0.028889732,0.07226839
0.33561653,0.066504605,0.010573932,0.13599463,0.0,0.4243574,1.5656295e-06,0.009704198,0.01724715,0.07150901
0.29595804,0.032297824,0.023426386,0.05200339,0.0,0.54209477,5.992007e-06,0.0069908733,0.047222726,0.08886657
0.2721382,0.05640895,0.06201323,0.10595186,0.0,0.46680942,8.379064e-06,0.0049453755,0.031724628,0.043373846
0.2855673,0.04424285,0.011232559,0.034593586,0.0,0.5769185,7.702866e-06,0.0077011306,0.03973639,0.08552151
0.20368715,0.039041065,0.015586033,0.09829995,0.0,0.61356175,3.2237817e-06,0.007451478,0.022369374,0.07589344
0.2975673,0.023032092,0.025989413,0.08692389,0.0,0.5155093,2.294741e-06,0.007477388,0.043498375,0.08045506
0.1808331,0.05961478,0.045736335,0.15726632,0.0,0.5320435,2.460658e-06,0.00672862,0.017774926,0.04940658
0.24446052,0.08011845,0.023896256,0.04469004,0.0,0.5768747,3.7562208e-06,0.008805481,0.021150794,0.06513006
0.31374028,0.07740748,0.039820448,0.048714582,0.0,0.49260625,1.8561735e-05,0.009846344,0.01784609,0.05523163
0.34486467,0.060396772,0.026240716,0.08152626,0.0,0.45047903,5.6980216e-06,0.012170672,0.024316235,0.06666457
0.18074244,0.047908418,0.05231105,0.11369288,0.0,0.57901144,7.1285544e-06,0.009526044,0.016800625,0.03492806
0.32938024,0.06069273,0.043916766,0.027575167,0.0,0.48665527,5.695602e-06,0.0071581835,0.044615995,0.07492932
0.23780361,0.0678336,0.022326779,0.019093614,0.0,0.60295975,1.065555e-05,0.012182877,0.037789136,0.078961335
0.3350633,0.036904402,0.0055963127,0.019706799,0.0,0.5562223,1.4009472e-05,0.014058565,0.03243432,0.09718404
0.23010916,0.09171564,0.07526435,0.09224423,0.0,0.47447506,1.1607918e-05,0.0017978356,0.03438223,0.05534593
0.23130383,0.028342174,0.011231054,0.095694445,0.0,0.59381807,1.1672943e-05,0.009773197,0.029825643,0.056585282
0.2641168,0.03399775,0.03665474,0.12833981,0.0,0.50469536,9.402344e-06,0.007232033,0.02495413,0.05035498
0.22494917,0.07575121,0.056953937,0.14115763,0.0,0.4825959,1.2063318e-05,0.0019150974,0.016665095,0.052409343
0.23870195,0.08632952,0.01342848,0.040093787,0.0,0.5714043,1.3623069e-05,0.008549883,0.04147853,0.040743217
0.24168599,0.02036689,0.06080709,0.14395186,0.0,0.49857944,1.6419976e-05,0.009438582,0.025153663,0.060406335
0.33607236,0.03399485,0.009693787,0.006557073,0.0,0.57228905,1.574333e-05,0.0130165825,0.02836055,0.0910738
0.29457015,0.020346496,0.061737686,0.1363679,0.0,0.44279727,1.7663777e-05,0.0074086697,0.036754232,0.083278365
0.25107262,0.038195293,0.047343653,0.06753653,0.0,0.5584868,1.1128324e-05,0.009080964,0.02827296,0.053875484
0.22192201,0.09591932,0.058254663,0.100553274,0.0,0.4933293,1.606872e-05,0.0042572496,0.025748132,0.03862627
0.38865182,0.052863725,0.013910256,0.032589033,0.0,0.4633822,1.4489441e-05,0.011290836,0.037297655,0.12980065
0.32412174,0.022128187,0.023194952,0.056616336,0.0,0.5137201,1.9758783e-05,0.007899836,0.052299075,0.111104794
0.23726098,0.032946855,0.034706198,0.16431299,0.0,0.51335216,6.8707445e-06,0.009839289,0.007574602,0.07687182
0.25545937,0.061928704,0.03242638,0.107273534,0.0,0.525594,8.846322e-06,0.009670233,0.0076388647,0.049693264
0.2904494,0.08916099,0.03194122,0.078738235,0.0,0.47463936,6.2756803e-06,0.0074556605,0.027608862,0.05677022
0.35643628,0.03837048,0.02122397,0.10190153,0.0,0.45814076,3.2507069e-06,0.011785474,0.012138232,0.06729751
0.3317681,0.06548869,0.024137627,0.14163455,0.0,0.4091233,1.247435e-05,0.008496109,0.019339096,0.065373816
0.3289905,0.033941355,0.012845137,0.106599405,0.0,0.49417576,1.9450022e-06,0.008308389,0.01513756,0.062916644
0.1704754,0.087887354,0.037977263,0.06742069,0.0,0.5833571,1.8798815e-05,0.009994332,0.04286908,0.011287957
0.2460981,0.026301825,0.034468614,0.11491062,0.0,0.5478508,1.1984223e-05,0.006613984,0.023744052,0.090585746
0.21555635,0.07912458,0.0021295762,0.026739458,0.0,0.63509345,3.8639573e-06,0.011051321,0.030301368,0.05890382
0.23823482,0.03377536,0.016993666,0.039668377,0.0,0.6157418,1.9295157e-05,0.011108271,0.044458512,0.048150256
0.14248511,0.02877459,0.077237464,0.19179364,0.0,0.51345766,1.5202592e-07,0.0050712703,0.04118025,0.06650186
0.25557426,0.022841396,0.04777999,0.13152422,0.0,0.5082001,1.2924615e-05,0.01243025,0.021636816,0.04469136
0.24580672,0.076202966,0.033207797,0.037200764,0.0,0.5791505,9.332167e-06,0.012865528,0.015556373,0.03232193
0.2134962,0.06446628,0.032371458,0.020708434,0.0,0.6419434,1.832368e-05,0.006439293,0.02055665,0.047998495
0.26732686,0.020600572,0.06411575,0.111705326,0.0,0.4968708,2.1002463e-05,0.010859945,0.028499812,0.06382481
0.25090724,0.033320457,0.077411555,0.10306383,0.0,0.49973717,1.8402996e-05,0.006543363,0.028998023,0.046542145
0.2850534,0.09322935,0.043354966,0.090727024,0.0,0.47597808,6.539782e-06,0.005486436,0.006164185,0.07395289
0.23496395,0.03628177,0.010079326,0.058740694,0.0,0.6390745,1.7213001e-06,0.007974761,0.012883206,0.066444345
0.30970907,0.038065303,0.021785565,0.04966454,0.0,0.56631196,9.098615e-06,0.008086581,0.0063678576,0.06534592
0.32431683,0.03118602,0.011712701,0.06213578,0.0,0.55437773,5.054961e-06,0.008155346,0.00811054,0.07384019
0.18591474,0.036402926,0.031065674,0.13442443,0.0,0.595454,8.1642465e-06,0.0070652603,0.009664819,0.091508426
0.24992369,0.046026196,0.0013007654,0.12392157,0.0,0.5666136,4.255178e-06,0.008324522,0.0038853334,0.04220034
0.2942939,0.029678613,0.008522319,0.009883224,0.0,0.6325774,1.3834807e-06,0.00966785,0.015375212,0.0958919
0.25687635,0.034500975,0.012784553,0.017185299,0.0,0.63674927,3.0422677e-06,0.01083697,0.031063525,0.085036255
0.19185773,0.038537584,0.023765674,0.12927213,0.0,0.5915854,3.8630446e-06,0.007979472,0.01699814,0.0059659854
0.20217156,0.05874809,0.018637372,0.07790038,0.0,0.59794015,7.629007e-06,0.0118399225,0.032754917,0.09103919
0.2829473,0.072026886,0.01844114,0.06177343,0.0,0.5326163,5.4504662e-06,0.012633685,0.019555775,0.08788837
0.2608879,0.071456455,0.01303389,0.055508263,0.0,0.55544555,9.26676e-06,0.011310479,0.032348193,0.08739809
0.14757632,0.10467705,0.0060188,0.09247019,0.0,0.610223,1.2014898e-05,0.011134648,0.027887896,0.12600103
0.21305794,0.061275832,0.0016807168,0.087743886,0.0,0.58473796,8.676186e-06,0.010564267,0.040930714,0.0931196
0.27309185,0.05689341,0.0033673483,0.031502333,0.0,0.5984753,3.9600377e-06,0.009544254,0.027121522,0.08710124
0.23658396,0.06272778,0.008374505,0.00030477706,0.0,0.6700742,3.0445642e-06,0.0074885623,0.014443133,0.11267533
0.34849513,0.025323575,0.007171488,0.087786764,0.0,0.49315348,6.0415614e-06,0.009333496,0.028730016,0.044199556
0.3214,0.052020602,0.0031094123,0.13792327,0.0,0.46759403,1.7659137e-06,0.01031094,0.0076400223,0.04955756
0.26644146,0.053590517,0.012660849,0.061890583,0.0,0.5737734,1.1396966e-06,0.008473315,0.023168858,0.0866841
0.265877,0.03127757,0.0216115,0.004687616,0.0,0.6257833,5.1189277e-06,0.010311226,0.04044664,0.08030913
0.24613619,0.025990052,0.009643111,0.08112833,0.0,0.5954274,2.7565661e-06,0.010170229,0.031502005,0.08750775
0.25646722,0.023131555,0.0040529533,0.08818382,0.0,0.5889007,4.447728e-06,0.0062950477,0.032964367,0.100092776
0.26506412,0.03449439,0.011094833,0.0661144,0.0,0.5773155,5.5689957e-06,0.0067869346,0.03912421,0.1042585
0.29092452,0.026201144,0.0005514094,0.043325756,0.0,0.593083,7.587178e-06,0.0091577545,0.036748763,0.086259805
0.3205719,0.025099123,0.02196816,0.091360785,0.0,0.5138288,1.5802999e-06,0.010455179,0.016714511,0.07246602
0.24314104,0.019422341,0.025785735,0.11223065,0.0,0.542386,5.168846e-06,0.007876901,0.049152147,0.1387986
0.26390183,0.03964719,0.005123937,0.005762904,0.0,0.6492437,5.0157604e-07,0.010383033,0.025936875,0.07818446
0.1853932,0.03882965,0.013247145,0.10058543,0.0,0.6302978,5.494742e-06,0.008550013,0.0230913,0.113935955
0.2825371,0.03528946,0.00199633,0.017426865,0.0,0.62105876,1.0088743e-06,0.007946253,0.03374418,0.11017365
0.26003343,0.036251567,0.0006592975,0.017893072,0.0,0.66485107,1.474064e-06,0.010180928,0.010129203,0.07965583
0.24319187,0.04289666,0.0062419623,0.026859945,0.0,0.65686125,2.3073087e-06,0.008703134,0.015242873,0.10881371
0.20430042,0.039368637,0.018661233,0.030008072,0.0,0.6692328,2.2365114e-06,0.00973542,0.02869116,0.088472255
0.3251969,0.060955103,0.00078072894,0.010531321,0.0,0.55925345,8.443434e-06,0.008287335,0.03498665,0.06821684
0.25232714,0.031118827,0.008089505,0.0634305,0.0,0.6051263,3.7333061e-06,0.009196759,0.030707212,0.11442519
0.14844735,0.042122975,0.013812711,0.075112835,0.0,0.6831367,8.255601e-06,0.012633045,0.02472612,0.11733023
0.22884119,0.030506311,0.010452779,0.043678507,0.0,0.6520973,3.472317e-06,0.0102910325,0.024129458,0.06623734
0.26101175,0.036475573,0.004611798,0.08401135,0.0,0.5862455,5.654361e-06,0.011880473,0.015757913,0.015232548
0.24725427,0.040712073,0.003468759,0.119203456,0.0,0.5455325,4.5340494e-06,0.010745624,0.033078745,0.016921379
0.2567719,0.03786435,0.009824152,0.13517816,0.0,0.5308244,5.041681e-06,0.01329389,0.016238041,0.018891834
0.30926472,0.03301553,0.031964544,0.109344594,0.0,0.4946411,7.5735084e-06,0.007831603,0.013930319,0.03818786
0.35289305,0.026869882,0.02686789,0.042791754,0.0,0.51152545,4.517852e-08,0.011530942,0.027521037,0.08225111
0.37251475,0.051414493,0.019908752,0.033968832,0.0,0.48844284,8.823502e-06,0.011801987,0.021939518,0.08843193
0.38095233,0.046466928,0.036506366,0.021398457,0.0,0.48007762,5.5281724e-08,0.0081440685,0.026454132,0.088185824
0.38229233,0.0554099,0.003962959,0.08912638,0.0,0.4357813,3.5164705e-06,0.007309104,0.026114404,0.06616286
0.2731964,0.045724656,0.012774706,0.08230763,0.0,0.55375654,1.6820847e-07,0.013332438,0.01890745,0.080826886
0.2208308,0.07602051,0.019896004,0.03427833,0.0,0.6046763,9.035796e-06,0.007944902,0.036344122,0.054823242
0.18998474,0.07730383,0.068151124,0.11957537,0.0,0.5231248,3.1012775e-08,0.0099896705,0.011870469,0.044988185
0.2843608,0.027682977,0.013195825,0.038296103,0.0,0.5908791,9.767915e-07,0.011626471,0.033957742,0.077370085
0.21452543,0.043790534,0.03301758,0.22907498,0.0,0.46143892,6.4351434e-06,0.008860224,0.009285864,0.048960187
0.28961432,0.032872584,0.011614195,0.093518235,0.0,0.53447276,4.865509e-06,0.012138601,0.025764462,0.08547134
0.27272296,0.04610815,0.007911073,0.105664656,0.0,0.52060115,1.5787832e-06,0.013085947,0.03390455,0.09453604
0.27495787,0.06316356,0.028322842,0.2023019,0.0,0.39959058,1.1943512e-05,0.0078041246,0.023847172,0.00753852
0.20293856,0.033722434,0.023483584,0.12556696,0.0,0.5676098,3.1827042e-06,0.008627859,0.03804764,0.059079938
0.20926309,0.064618334,0.00031817454,0.060551032,0.0,0.6022795,1.9538084e-05,0.014469341,0.048481025,0.07635496
0.21593922,0.048816413,0.035584733,0.041034922,0.0,0.60620975,7.657092e-06,0.014643257,0.03776413,0.086453296
0.32775575,0.09975029,0.0031215886,0.012439254,0.0,0.51431704,4.319685e-06,0.012456586,0.03015524,0.071497805
0.23201823,0.07087794,0.030479833,0.044599608,0.0,0.58917654,5.2035484e-06,0.011788621,0.021054015,0.07823355
0.21953698,0.049385574,0.009528077,0.069262825,0.0,0.6066585,1.34711045e-05,0.014782341,0.030832205,0.09683306
0.30487195,0.03423459,0.018753886,0.110359386,0.0,0.505206,1.0836811e-06,0.008319494,0.018253641,0.09201921
0.2563673,0.072458796,0.0026406818,0.009837141,0.0,0.6218844,1.2974578e-05,0.013251556,0.023547137,0.09232525
0.19377342,0.05958252,0.027361028,0.16606013,0.0,0.5074286,4.8494476e-06,0.00840912,0.037380297,0.035444528
0.25505248,0.054610576,0.022631774,0.11379726,0.0,0.52425015,8.295197e-06,0.010063491,0.019585969,0.08247558
0.2771655,0.045411002,0.036792252,0.0028100056,0.0,0.58399796,2.166171e-05,0.009786368,0.04401529,0.10218579
0.27666786,0.04751642,0.028587278,0.08964939,0.0,0.5093248,2.0603056e-05,0.010646464,0.03758721,0.10830433
0.1878003,0.06758763,0.005751547,0.14749068,0.0,0.5710861,5.1072857e-06,0.007877053,0.012401522,0.070403226
0.24515069,0.060850345,0.04920383,0.021946488,0.0,0.58337617,1.6231694e-05,0.007959012,0.03149721,0.07661236
0.25306883,0.07775233,0.028662728,0.03675668,0.0,0.55130893,1.9706846e-05,0.01426108,0.03816964,0.08117602
0.21051928,0.07976293,0.042701557,0.062988624,0.0,0.5478784,1.8771305e-05,0.010073321,0.04605704,0.093818165
0.27116883,0.08322106,0.031015933,0.00040099764,0.0,0.5703014,4.6987952e-06,0.014470054,0.029417038,0.0670772
0.2787921,0.08482698,0.02053177,0.036597226,0.0,0.54192334,7.2692296e-06,0.013516667,0.023804583,0.06418609
0.23497097,0.08364443,0.014647989,0.06694281,0.0,0.5622704,1.144913e-05,0.013168573,0.024343472,0.06137138
0.3001465,0.06355216,0.038696624,0.053045955,0.0,0.51378274,3.24048e-06,0.015351113,0.015421665,0.08063913
0.27422366,0.10679696,0.042409293,0.055735204,0.0,0.48630217,1.47894925e-05,0.009060059,0.025457941,0.06151014
0.17247629,0.12882023,0.0379016,0.14373839,0.0,0.48082328,1.7710454e-05,0.007950207,0.028272344,0.059570275
0.22399306,0.04635155,0.041575167,0.23118433,0.0,0.44432858,4.7087076e-07,0.00820895,0.004357883,0.06707845
0.29208654,0.03591221,0.025454033,0.0027226557,0.0,0.5882616,1.548648e-05,0.012697294,0.042850148,0.09159797
0.2888302,0.030865408,0.014877579,0.064512715,0.0,0.56368804,6.271633e-06,0.011961592,0.025258185,0.115165986
0.24764705,0.10101588,0.0055076447,0.018039685,0.0,0.5879597,1.3765335e-05,0.01319411,0.026622284,0.09008143
0.28414422,0.062005807,0.0002747515,0.017429505,0.0,0.58775425,1.7945807e-05,0.010920992,0.037452467,0.10401697
0.37446293,0.02998612,0.041388784,0.09599705,0.0,0.43252122,6.9125254e-06,0.012581578,0.013055405,0.08950158
0.31121793,0.06301861,0.0014811491,0.03983235,0.0,0.530396,1.8313369e-05,0.011182195,0.042853396,0.109116845
0.21781515,0.03751308,0.04186502,0.17185296,0.0,0.5092315,6.5741187e-06,0.012378465,0.009337262,0.06179116
0.27574247,0.033185553,0.018959304,0.066484526,0.0,0.56220126,5.7512516e-06,0.014388154,0.02903294,0.08074834
0.22181033,0.06450467,0.03761846,0.10165057,0.0,0.53705406,2.8959503e-06,0.012754853,0.02460423,0.07007804
0.25609162,0.059216037,0.015219391,0.03827428,0.0,0.58108544,1.1181448e-05,0.0134270955,0.03667498,0.083066024
0.22411516,0.06503024,0.036076106,0.103683725,0.0,0.54098743,1.3671643e-06,0.0121902125,0.017915707,0.08074222
0.2958997,0.03486355,0.021619583,0.03458976,0.0,0.5719977,1.2667041e-05,0.013142518,0.02787456,0.08956609
0.21564436,0.089900896,0.04617418,0.030503111,0.0,0.57216626,2.1916596e-05,0.015217725,0.0303715,0.08015179
0.30000857,0.07388973,0.013190053,0.047584057,0.0,0.52989763,6.581828e-06,0.014541646,0.020881794,0.079078056
0.2706726,0.036169346,0.01005091,0.11819224,0.0,0.5187687,4.470628e-06,0.012476438,0.03366534,0.07990626
0.30357483,0.026920663,0.009173517,0.027354902,0.0,0.5933625,9.603647e-06,0.0128572825,0.026746688,0.10979018
0.29049057,0.029010031,0.015765166,0.028263485,0.0,0.5961429,1.6870617e-05,0.011235991,0.029074993,0.090997495
0.22830291,0.06022558,0.030557385,0.047683418,0.0,0.5732351,2.4108784e-05,0.011120742,0.048850764,0.09104321
0.2474836,0.067889035,0.026360061,0.105205216,0.0,0.5199139,9.497655e-06,0.012163275,0.020975374,0.09194789
0.4012005,0.04753042,0.0007914039,0.027662683,0.0,0.47905928,4.090418e-06,0.011153467,0.032598067,0.091912754
0.25737172,0.082768336,0.0073291827,0.0020412377,0.0,0.6140919,1.2839608e-05,0.012443559,0.023941237,0.088936724
0.36345693,0.032235503,0.002484363,0.10014035,0.0,0.46534774,1.17008385e-05,0.01071955,0.025603903,0.084907286
0.2678,0.0232181,0.047075868,0.16611607,0.0,0.46741265,5.311367e-06,0.008289278,0.020082638,0.06273458
0.30299917,0.045826703,0.041921522,0.120697156,0.0,0.46029884,2.0511973e-06,0.011897048,0.016357454,0.09240354
0.2687575,0.02417333,0.008878151,0.19070263,0.0,0.47293302,9.863349e-06,0.007905911,0.026639594,0.04025487
0.30086428,0.05912719,0.011301208,0.0910419,0.0,0.50479114,1.3786137e-06,0.013831739,0.019041201,0.095747866
0.32185116,0.040003184,0.014764872,0.07165206,0.0,0.5168196,1.5002726e-06,0.014025739,0.020881953,0.086447395
0.28462532,0.022774717,0.022217827,0.031725734,0.0,0.5789111,2.568454e-05,0.013671301,0.0460483,0.12897581
0.24679792,0.081796125,0.035167545,0.08935209,0.0,0.52618456,1.5800151e-06,0.014607013,0.0060932017,0.08501334
0.29791015,0.06667218,0.024418464,0.08034628,0.0,0.508295,9.6015865e-06,0.014319358,0.008028988,0.057409443
0.28537357,0.059830993,0.030787347,0.04025072,0.0,0.5266166,2.391906e-05,0.012259565,0.044857264,0.09764648
0.17598164,0.027738824,0.057110842,0.16822308,0.0,0.55299056,2.195538e-06,0.009878758,0.008074108,0.060813196
0.22402392,0.054338947,0.07328974,0.14347863,0.0,0.4834634,1.0920853e-06,0.006310756,0.015093578,0.059949003
0.25109217,0.058056474,0.0013146261,0.099499166,0.0,0.55696774,1.7905113e-05,0.0106137125,0.0224382,0.08362465
0.37540343,0.031491797,0.012908214,0.0935746,0.0,0.46376792,4.0298596e-06,0.010806503,0.012043441,0.08207727
0.31691134,0.04886472,0.0275542,0.07186528,0.0,0.5083011,4.792193e-06,0.013601151,0.012897449,0.07729124
0.2737985,0.041535683,0.040126696,0.10314254,0.0,0.51093525,2.546793e-06,0.011727451,0.018731326,0.08240623
0.22938663,0.023572993,0.059768103,0.109348655,0.0,0.5223386,2.22789e-05,0.010083815,0.04547886,0.10080623
0.26168463,0.033741217,0.020563556,0.014950542,0.0,0.6270423,1.8206236e-05,0.013091086,0.028908528,0.09301936
0.31020984,0.034708478,0.03414355,0.008468534,0.0,0.57748115,4.8032603e-06,0.015038584,0.019945025,0.090068586
0.29270533,0.05528724,0.04128551,0.04929128,0.0,0.5370951,2.6645966e-06,0.011406719,0.01292614,0.07866319
0.26594138,0.054899585,0.000294177,0.02619421,0.0,0.61285424,1.1353765e-05,0.008816471,0.030988567,0.0780924
0.25172025,0.06679625,0.0067554526,0.009252577,0.0,0.63276064,7.552538e-06,0.0153169185,0.017390324,0.06721815
0.2915464,0.06994297,0.019254427,0.019417789,0.0,0.5699089,3.3806296e-06,0.014687546,0.0152385365,0.0469777
0.28078765,0.049145035,0.040197756,0.15311499,0.0,0.456453,3.2955763e-06,0.009111863,0.011186439,0.060714595
0.25125846,0.060810406,0.009299851,0.026855726,0.0,0.61811835,8.1311755e-06,0.009824878,0.02382414,0.06334264
0.2121328,0.04379931,0.012763013,0.049294695,0.0,0.6454071,1.4870983e-05,0.01320954,0.023378696,0.07891951
0.30104834,0.023830349,0.030075703,0.1057395,0.0,0.5211083,3.4950651e-06,0.009427363,0.008766819,0.06264209
0.21958253,0.07107925,0.01903056,0.13133588,0.0,0.5454339,1.489059e-06,0.010047396,0.0034890696,0.066635706
0.22890268,0.067400746,0.025487525,0.09301773,0.0,0.554527,6.444053e-07,0.011412966,0.019250786,0.0691086
0.30479243,0.04680295,0.026203882,0.03580686,0.0,0.55687886,1.4063815e-05,0.005076535,0.024424462,0.06993372
0.29306284,0.071568124,0.0026114876,0.0038703324,0.0,0.5979417,1.2186763e-05,0.007449998,0.023483358,0.06717152
0.20030248,0.049223624,0.027448667,0.12123454,0.0,0.57339346,5.418298e-06,0.014123506,0.01426837,0.08716533
0.19093427,0.030197311,0.01930766,0.06975621,0.0,0.63473237,1.0606962e-05,0.012594424,0.04246723,0.07250882
0.23311323,0.05726964,0.0281313,0.10805678,0.0,0.5467663,1.0208348e-07,0.012456176,0.014206488,0.072251044
0.20394568,0.0646773,0.021029603,0.022127489,0.0,0.6536956,3.9047754e-06,0.011543865,0.022976575,0.060004868
0.22145407,0.049205408,0.022896532,0.09711244,0.0,0.5819076,3.4258449e-06,0.011918764,0.015501728,0.075538106
0.21450265,0.04591913,0.055686742,0.11856835,0.0,0.5157263,2.545767e-05,0.010624619,0.038946714,0.07518054
0.22839215,0.03336545,0.019611288,0.034461033,0.0,0.64961743,1.5072474e-05,0.012923649,0.021613814,0.0794856
0.21042022,0.03861223,0.062080972,0.081356585,0.0,0.56381845,2.891863e-05,0.007934483,0.035748135,0.0548087
0.25194252,0.025595354,0.05647194,0.09850963,0.0,0.5203359,3.0780757e-05,0.009658197,0.037455656,0.08452182
0.29292795,0.05894237,0.06360157,0.06864794,0.0,0.46417502,2.0246734e-05,0.0068421536,0.044842735,0.06984981
0.29828098,0.07621633,0.01607961,0.01803567,0.0,0.5497808,1.7994756e-05,0.013328684,0.0282599,0.0733198
0.17269953,0.06115819,0.093920246,0.10427251,0.0,0.50747585,1.5698368e-05,0.005681141,0.054776743,0.06551098
0.26311994,0.020121051,0.06545355,0.10857784,0.0,0.5004854,2.4257688e-05,0.007316675,0.03490125,0.08284143
0.37817448,0.025293142,0.018344235,0.12064151,0.0,0.42562127,5.9866798e-06,0.011969269,0.019950164,0.0763514
0.19555648,0.059079237,0.039929353,0.10738107,0.0,0.56009346,8.608364e-06,0.010563376,0.027388427,0.092764504
0.25497186,0.08372896,0.0050392314,0.06871315,0.0,0.5445348,1.7894357e-05,0.012546057,0.030448008,0.11512873
0.14611703,0.028343301,0.04938346,0.098521836,0.0,0.6286563,1.891194e-05,0.009914419,0.039044805,0.094632365
0.22699772,0.030555863,0.038708754,0.060308527,0.0,0.59051704,1.857226e-05,0.010746104,0.042147405,0.0919951
0.32592562,0.055761173,0.041927192,0.010768065,0.0,0.52263224,2.260208e-05,0.014601185,0.028361918,0.104119174
0.28807473,0.057557713,0.025992287,0.055787496,0.0,0.5201957,2.0169762e-05,0.013247201,0.03912469,0.099941306
0.24226227,0.049595095,0.005304521,0.024932196,0.0,0.64043725,7.1793727e-07,0.013353738,0.024114212,0.060409375
0.37533456,0.030261843,0.006248822,0.13388692,0.0,0.4324131,2.9822522e-06,0.009665661,0.012186134,0.06424766
0.29297456,0.06465502,0.016566548,0.041706808,0.0,0.5519299,1.444417e-05,0.011979169,0.020173587,0.09670267
0.26424438,0.050347503,0.02557742,0.10257349,0.0,0.5409443,4.632606e-06,0.011689727,0.0046185236,0.07061956
0.33175704,0.054957278,0.027232077,0.04774251,0.0,0.49392006,1.9739724e-05,0.01334143,0.031029914,0.09951273
0.25320086,0.015640669,0.07145355,0.112884074,0.0,0.4875384,2.249935e-05,0.010034588,0.049225412,0.098499276
0.21310417,0.06894304,0.048759393,0.11463021,0.0,0.4940315,1.1917501e-05,0.012277735,0.04824201,0.09434403
0.36958045,0.05438771,0.04491607,0.04916723,0.0,0.4375192,1.2046604e-05,0.009934495,0.03448282,0.09707672
0.28319812,0.025608921,0.05762821,0.0901285,0.0,0.49614233,2.131237e-05,0.00838306,0.038889445,0.085569926
0.23328277,0.06790163,0.0109715555,0.06281968,0.0,0.58135015,1.1951182e-05,0.013084001,0.030578198,0.07683899
0.27079624,0.057993986,0.04015655,0.11987769,0.0,0.46898296,2.4123414e-05,0.009411453,0.03275707,0.07079514
0.2623382,0.09649146,0.029101811,0.00667437,0.0,0.59120727,1.0525023e-06,0.008333065,0.0058527486,0.07051434
0.3225083,0.033432018,0.0092144115,0.0009414488,0.0,0.59128207,2.2145767e-05,0.012809072,0.029790476,0.08749657
0.2549859,0.019154534,0.05173119,0.14357224,0.0,0.49036577,1.5746777e-05,0.00587083,0.034303743,0.06536884
0.31187502,0.021301884,0.043052807,0.040138792,0.0,0.5384446,2.3582203e-05,0.007205052,0.03795833,0.08113947
0.21606195,0.029298352,0.036977872,0.11077807,0.0,0.5815369,1.6833897e-05,0.005570432,0.019759571,0.057999685
0.2976774,0.046804372,0.058377095,0.06662925,0.0,0.48882,1.910229e-05,0.007991129,0.03368169,0.066810556
0.24336512,0.07557855,0.03919481,0.029591568,0.0,0.56854004,1.0894836e-05,0.00628871,0.03743026,0.061205857
0.29636818,0.024910077,0.049760748,0.108885124,0.0,0.4711248,1.8936633e-05,0.005300826,0.043631375,0.059882887
0.14260933,0.063416615,0.053470127,0.2299102,0.0,0.47994253,1.245662e-05,0.005824904,0.02481382,0.07847328
0.33687797,0.0813159,0.05818728,0.03477988,0.0,0.4494522,1.2052356e-05,0.004241347,0.03513332,0.06316129
0.2705602,0.06644567,0.020002382,0.034153257,0.0,0.5766849,1.0393235e-05,0.011559262,0.020583846,0.08920463
0.32273823,0.060551018,0.025570907,0.009969518,0.0,0.5248521,2.30728e-05,0.014991065,0.041304115,0.12116378
0.2576203,0.027706327,0.07444636,0.15209322,0.0,0.44894722,2.254734e-05,0.005550325,0.033613663,0.062205516
0.2585881,0.08819221,0.038756944,0.010659353,0.0,0.5575995,3.3604058e-05,0.011589914,0.03458052,0.07569883
0.24399118,0.02427325,0.076186724,0.12634286,0.0,0.47676197,1.9751235e-05,0.0068814363,0.04554279,0.0679568
0.24266449,0.07927218,0.043111857,0.006271508,0.0,0.5917116,8.285492e-06,0.0072929817,0.02966714,0.06281886
0.20413789,0.084022425,0.08036456,0.09616961,0.0,0.5111984,2.3633922e-05,0.008290166,0.015793271,0.066074766
0.2259823,0.022696774,0.031995717,0.06266766,0.0,0.59341097,3.291989e-05,0.011537767,0.05167589,0.08533069
0.18214548,0.026837314,0.056186568,0.19093813,0.0,0.51478845,1.8477152e-05,0.007500937,0.021584641,0.07576417
0.18654835,0.04122731,0.015135562,0.15029538,0.0,0.5886792,5.3691597e-06,0.009479081,0.008629715,0.077771015
0.20453155,0.07163967,0.07378289,0.092241555,0.0,0.51804733,2.657628e-05,0.0072342297,0.032496173,0.042419255
0.2166203,0.024020767,0.066790536,0.1539248,0.0,0.475369,2.331269e-05,0.0066438466,0.056607507,0.06766126
0.24525854,0.07696178,0.040808115,0.13119936,0.0,0.4727754,1.0010083e-05,0.0048614317,0.028125372,0.06580443
0.28299728,0.05221855,0.008236051,0.001900327,0.0,0.6011154,1.9715239e-05,0.020150462,0.033362154,0.0883267
0.242737,0.042427488,0.01365258,0.045652892,0.0,0.61817956,5.0529106e-06,0.01041317,0.02693228,0.07040695
0.2999574,0.03629676,0.028007071,0.06564665,0.0,0.54340607,1.400667e-05,0.014331928,0.012340101,0.080385275
0.3116146,0.043642066,0.015807357,0.091741286,0.0,0.5096138,3.0814394e-06,0.011716807,0.015860947,0.07069939
0.25065044,0.044610914,0.013872434,0.04487744,0.0,0.6099311,3.1731356e-06,0.011597638,0.024456874,0.07860043
0.25433746,0.045638576,0.015460339,0.035188418,0.0,0.6246726,7.922542e-06,0.009355641,0.0153391035,0.07922759
0.30692264,0.052256946,0.00281485,0.12666151,0.0,0.47319695,1.2213039e-05,0.010172629,0.027962275,0.094169386
0.35640252,0.06448511,0.039963633,0.09564089,0.0,0.4239767,6.0682382e-06,0.013260567,0.0062645734,0.055817768
0.24693094,0.04348252,0.016459575,0.12497688,0.0,0.53705406,9.0109734e-07,0.0084951455,0.022600023,0.064439185
0.26609102,0.05514721,0.010629757,0.0039424845,0.0,0.6088264,1.2767516e-05,0.014402282,0.04094812,0.09832395
0.29209328,0.04585393,0.010288549,0.02024378,0.0,0.5831695,1.0004222e-05,0.012268942,0.036071952,0.097906716
0.22191912,0.06277296,0.009623299,0.07701221,0.0,0.58752954,8.076255e-06,0.013573153,0.027561655,0.08617059
0.3341873,0.07462216,0.018996216,0.08207734,0.0,0.46156707,1.9306915e-06,0.011588438,0.016959567,0.06945617
0.24949601,0.07200703,0.0069253603,0.07343816,0.0,0.5577025,7.72338e-06,0.011928112,0.028495116,0.07683531
0.2422591,0.09247764,0.027276346,0.03698497,0.0,0.5659083,1.0073291e-05,0.013167548,0.021916023,0.091045775
0.28771895,0.057378013,0.037796643,0.074848995,0.0,0.51358217,3.8331605e-06,0.013254267,0.015417089,0.06651858
0.2748232,0.044720862,0.02947107,0.036912918,0.0,0.5740073,4.8502047e-06,0.0136988005,0.026361102,0.08300992
0.27001077,0.046565402,0.0155866295,0.06603181,0.0,0.5711911,2.715414e-06,0.010684683,0.019926965,0.06814208
0.2659162,0.08730173,0.014898574,0.056699283,0.0,0.55122685,8.106822e-06,0.012772245,0.0111770565,0.072446086
0.19087419,0.037159692,0.025091223,0.07022763,0.0,0.6338056,2.0674622e-06,0.011038658,0.031801015,0.09143061
0.3173041,0.034668483,0.0015969987,0.012691793,0.0,0.5932681,7.2601273e-07,0.010334247,0.030135585,0.08085469
0.20268364,0.050962918,0.00019923138,0.06081556,0.0,0.64682645,6.9664025e-06,0.01200842,0.026496777,0.10944582
0.15601556,0.031253375,0.052075565,0.12802361,0.0,0.5901926,4.1397666e-06,0.009132055,0.033303116,0.1032337
0.23308304,0.03687689,0.01612832,0.05313385,0.0,0.619007,3.6560386e-06,0.01154093,0.03022635,0.10583431
0.29613373,0.031418983,0.0005728662,0.03400899,0.0,0.58752674,3.2593448e-06,0.014130212,0.036205232,0.07822097
0.25073072,0.034531698,0.020719633,0.09052629,0.0,0.5545349,2.8807335e-06,0.011725568,0.037228286,0.08126531
0.22688898,0.037401725,0.024243876,0.06795207,0.0,0.6054455,8.748237e-07,0.012609788,0.02545719,0.086839505
0.27147385,0.032028053,0.009567345,0.061661478,0.0,0.5942114,1.075002e-06,0.010519584,0.020537227,0.06272795
0.32705045,0.051443838,0.0318605,0.059803657,0.0,0.497303,1.0454666e-05,0.0132345,0.019293524,0.08309711
0.27373323,0.043959342,0.0023858733,0.11497094,0.0,0.5275358,1.1253078e-06,0.012268493,0.02514522,0.07791904
0.2716094,0.03962149,0.019340701,0.049234014,0.0,0.5949116,4.4934077e-06,0.013225607,0.012052684,0.11484433
0.24635316,0.040207237,0.012541716,0.03081538,0.0,0.6252537,5.1633656e-06,0.012762042,0.03206153,0.090596
0.2937874,0.084062435,0.0054487325,0.036981404,0.0,0.5462077,2.5757174e-06,0.013669407,0.019840298,0.07426647
0.30686498,0.037773043,1.2679301e-05,0.059912913,0.0,0.56148183,3.6813901e-06,0.01351872,0.0204322,0.07381355
0.29299662,0.029539902,0.028117161,0.14507614,0.0,0.4782231,5.191195e-06,0.009168825,0.016873121,0.06756512
0.22859916,0.06472329,0.031624533,0.07215227,0.0,0.5691539,4.326988e-06,0.012437025,0.021305494,0.096666105
0.34614584,0.047397055,0.0066342093,0.00027614736,0.0,0.5643729,3.752704e-07,0.010395334,0.024778135,0.055475168
0.19184971,0.05550605,0.00792,0.0175849,0.0,0.70077133,3.3987878e-06,0.00960618,0.016758423,0.0704918
0.24603283,0.040415995,0.03469165,0.11856311,0.0,0.538431,7.4920295e-06,0.008695439,0.013162413,0.06614513
0.20764762,0.045411013,0.008172598,0.08857111,0.0,0.6268899,5.5422793e-06,0.009080315,0.0142219,0.07132325
0.32678762,0.032289952,0.0046653613,0.003352413,0.0,0.5841105,8.809869e-06,0.012109448,0.03667583,0.092585616
0.32687148,0.033081837,0.015571911,0.05908526,0.0,0.5321073,2.847376e-07,0.0117703425,0.02151156,0.08423955
0.20875287,0.06146973,1.501383e-05,0.030567423,0.0,0.6541528,1.8559276e-05,0.012531644,0.03249196,0.08663211
0.2820854,0.08137529,0.031527124,0.0517717,0.0,0.50694937,1.4594612e-05,0.013352645,0.032923806,0.10762494
0.32749683,0.05793804,0.013084659,0.023341885,0.0,0.5254563,2.7416556e-05,0.01317373,0.039481115,0.09316356
0.35951254,0.041396156,0.023872646,0.035164557,0.0,0.5167191,4.574479e-06,0.012130901,0.011199559,0.08507938
0.22458169,0.113880694,0.005744755,0.021146286,0.0,0.6023084,6.46236e-07,0.007012656,0.0253248,0.07468299
0.26415473,0.042340387,0.01818557,0.10379806,0.0,0.54161054,7.803922e-06,0.014402909,0.015500027,0.086747386
0.26860157,0.05311439,0.003305522,0.011002649,0.0,0.60784525,7.5694793e-06,0.011778294,0.04434474,0.0968355
0.27977258,0.058337152,0.0075931204,0.04169833,0.0,0.5719637,2.4533715e-06,0.010856425,0.029776288,0.088779695
0.3115021,0.03836298,0.008574564,0.06249199,0.0,0.5332009,1.962665e-06,0.011122814,0.03474266,0.08776329
0.24364923,0.039992057,0.02321495,0.15227748,0.0,0.5123144,5.60349e-06,0.012729929,0.015816342,0.08572108
0.261307,0.091169424,0.001830196,0.071722195,0.0,0.5311602,1.3487075e-05,0.011288507,0.03150899,0.07581966
0.2492457,0.06299851,0.028423784,0.05279718,0.0,0.5621818,2.2806202e-05,0.013592653,0.030737573,0.07621393
0.29844096,0.07080146,0.026028832,0.07271269,0.0,0.4877724,1.8955754e-05,0.0070905327,0.037134167,0.08578571
0.25947705,0.11080458,0.0045834035,0.0071300487,0.0,0.5739668,1.6889053e-05,0.013979504,0.030041715,0.0771874
0.26874408,0.0894671,0.01832643,0.037889335,0.0,0.54007626,1.5494661e-05,0.010318791,0.035162546,0.07640421
0.26800582,0.07644491,0.018306598,0.07642489,0.0,0.5164674,1.901915e-05,0.011948943,0.03238242,0.07924222
0.23565519,0.05665668,0.01519741,0.028064191,0.0,0.62749344,8.631319e-06,0.010435048,0.026489463,0.09002457
0.30443418,0.030769316,0.009193302,0.021556124,0.0,0.58487177,1.00739e-05,0.012914656,0.03625056,0.0974923
0.26339772,0.03464815,0.015862811,0.009362367,0.0,0.63231623,2.6388489e-05,0.010010002,0.03437629,0.10978607
0.24701254,0.07442536,0.008968389,0.053515356,0.0,0.5861537,4.403993e-06,0.015853688,0.014066651,0.07943789
0.29344258,0.065472566,0.0042549004,0.040075786,0.0,0.551523,1.5456262e-05,0.013377654,0.031838138,0.10096242
0.2825064,0.0679992,0.019523403,0.044957522,0.0,0.5429235,1.895369e-05,0.013275064,0.028795943,0.10299384
0.28709164,0.06384234,0.009757731,0.056112323,0.0,0.53803664,1.9740608e-05,0.011636045,0.03350356,0.093308516
0.19008836,0.072999164,0.0028252916,0.027859509,0.0,0.6781666,8.653533e-06,0.010460422,0.017591994,0.08908539
0.25176385,0.1026126,0.029759113,0.01690519,0.0,0.5649162,7.0421197e-06,0.008533133,0.025502926,0.06760285
0.29159042,0.056532077,0.037602868,0.09994905,0.0,0.48640516,8.601099e-06,0.010522311,0.017389499,0.07463435
0.24862543,0.07459935,0.0008038671,0.072905816,0.0,0.57581216,3.4537147e-06,0.012240939,0.015008962,0.063737385
0.1880005,0.12965393,0.047691423,0.15056916,0.0,0.4507478,2.086877e-05,0.0036360363,0.02968023,0.04764951
0.24068177,0.13159163,0.048922744,0.05400763,0.0,0.48247597,1.9221881e-05,0.0077079646,0.034593098,0.07518185
0.2604297,0.090297915,0.03123015,0.0019372666,0.0,0.57320964,1.9069772e-05,0.009663117,0.033213086,0.06682428
0.2427951,0.07531897,0.06167584,0.113436565,0.0,0.45768386,2.3958912e-05,0.013643499,0.03542221,0.050633892
0.2553178,0.07997238,0.05876202,0.105697535,0.0,0.47104037,1.9504245e-05,0.0033959788,0.025794366,0.071176864
0.21122484,0.063646905,0.036316834,0.06040629,0.0,0.5695362,9.172441e-06,0.00920772,0.049651965,0.083546676
0.32793972,0.061010845,0.017992415,0.015997471,0.0,0.5196753,1.4981228e-05,0.0098113995,0.047557835,0.08909065
0.37176493,0.08783862,0.0022459724,0.0567808,0.0,0.4515521,8.387902e-06,0.010366174,0.019443057,0.07999713
0.2792786,0.036240928,0.013602684,0.11907795,0.0,0.5187817,9.132939e-06,0.011861553,0.021147355,0.075684674
0.33281285,0.040447284,0.021234175,0.081564985,0.0,0.49724048,1.3539843e-06,0.0130039435,0.0136949215,0.083188884
0.36301,0.055453707,0.021476448,0.056624707,0.0,0.467671,1.2598656e-05,0.012352683,0.023398923,0.07991398
0.28189144,0.05796165,0.023889171,0.12515193,0.0,0.48923528,2.3981718e-07,0.007273025,0.014597259,0.058812745
0.3374828,0.054489665,0.009554475,0.14183523,0.0,0.4316364,1.5900002e-06,0.0064594313,0.01854039,0.06034521
0.24236134,0.041561373,0.009074585,0.10016655,0.0,0.5635583,2.1868316e-06,0.009675502,0.03360022,0.07075585
0.30955794,0.035707,0.023265967,0.0913138,0.0,0.51982075,5.0765375e-06,0.00698491,0.013344563,0.07106324
0.27322948,0.05345533,0.03667998,0.055811577,0.0,0.5466908,8.802971e-06,0.010180605,0.023943461,0.06827179
0.28725615,0.066190444,0.0030854624,0.078352235,0.0,0.5318307,2.1294518e-06,0.010844706,0.022438182,0.06812412
0.21920732,0.05492783,0.020644492,0.18447495,0.0,0.50818366,2.2705846e-08,0.0062497165,0.0063120793,0.052819148
0.24589035,0.025867695,0.0017362798,0.067110546,0.0,0.62479496,6.1593494e-07,0.011955792,0.022643784,0.07967541
0.30673993,0.022762492,0.018787863,0.043681193,0.0,0.5504053,2.2663387e-05,0.010875328,0.046725195,0.08192795
0.2999579,0.025345856,0.03079931,0.015561061,0.0,0.5818866,1.6030339e-05,0.00849331,0.037939988,0.08739219
0.3352626,0.043630775,0.017884905,0.09339555,0.0,0.48004422,1.3890762e-05,0.011290089,0.018478008,0.07968279
0.25114587,0.07918005,0.002746345,0.037052885,0.0,0.58525395,2.1912903e-05,0.013499114,0.031099847,0.094071634
0.24675691,0.061436873,0.0070954943,0.112076804,0.0,0.54220194,5.329423e-07,0.01341467,0.017016722,0.06830076
0.24491604,0.05811137,0.00081150496,0.035151888,0.0,0.60524184,1.7673681e-05,0.008838587,0.046911113,0.08194447
0.29260343,0.0457946,0.025312668,0.00058352406,0.0,0.58785486,2.423609e-05,0.011649257,0.036177423,0.08156166
0.29011688,0.030187348,0.035522614,0.1420732,0.0,0.47879863,8.1648903e-07,0.01046837,0.012832229,0.074292265
0.39989698,0.018494757,0.0049365913,0.020358576,0.0,0.50445443,1.04057235e-05,0.009911588,0.041936703,0.10713322
0.33731997,0.05367632,0.0012713759,0.11289722,0.0,0.4597445,6.746897e-06,0.010211697,0.024872161,0.05229698
0.35017705,0.06328014,0.010657602,0.017766243,0.0,0.51623625,6.772033e-06,0.01083304,0.031042911,0.07053865
0.2962356,0.021836566,0.029364854,0.20737359,0.0,0.42581588,3.4735162e-06,0.010780803,0.008589254,0.0614068
0.3419982,0.05187385,0.011297994,0.0065286295,0.0,0.53590834,1.8351004e-05,0.009916386,0.042458195,0.08438698
0.25432515,0.029960407,0.03308116,0.17152956,0.0,0.48395732,3.2570088e-06,0.01126789,0.015875204,0.0776109
0.20394829,0.025937965,0.035431273,0.19280016,0.0,0.5243965,3.4481004e-06,0.008016769,0.009465696,0.0545372
0.2713941,0.025394615,0.035433173,0.14456905,0.0,0.49422136,6.1447636e-06,0.014640907,0.014340699,0.060754098
0.26601148,0.029045425,0.020601531,0.1389145,0.0,0.516645,7.569022e-07,0.0052252105,0.023556162,0.052592136
0.32449654,0.037761234,0.022632407,0.089934096,0.0,0.49085742,6.8297923e-06,0.010423428,0.023887958,0.08168153
0.30107996,0.07331023,0.047656823,0.05927907,0.0,0.465211,1.0879957e-05,0.011673098,0.041778915,0.080338605
0.24752355,0.025598634,0.015896622,0.055819348,0.0,0.59358907,1.4196748e-05,0.009324834,0.052233804,0.094881125
0.21577993,0.03645686,0.047247127,0.030440839,0.0,0.6042367,1.664158e-05,0.009339528,0.05648232,0.10235483
0.23487848,0.059736602,0.017488126,0.10321244,0.0,0.56196266,2.368831e-06,0.009522748,0.013196502,0.062481426
0.35648263,0.04471985,0.020637562,0.043743715,0.0,0.50104177,8.877326e-06,0.011177108,0.022188563,0.10409316
0.26582798,0.053175416,0.027941646,0.12978399,0.0,0.50864404,1.9035973e-06,0.00911606,0.0055089355,0.06525759
0.29089,0.02830389,0.014276038,0.106057316,0.0,0.5241655,4.882374e-06,0.012287554,0.024014765,0.06566159
0.2662882,0.09286301,0.018170455,0.07653578,0.0,0.514213,3.0729589e-06,0.014327798,0.017598623,0.07681971
0.30963114,0.0438162,0.03407909,0.08968455,0.0,0.49757603,6.5466797e-06,0.010089511,0.015116985,0.07965685
0.22149198,0.10861537,0.0057508373,0.106043436,0.0,0.52691567,6.4873284e-06,0.011463484,0.019712783,0.06409503
0.29515296,0.06519467,0.010932496,0.0058617913,0.0,0.58360565,1.3130418e-05,0.012267389,0.02697193,0.07843212
0.23295213,0.067008786,0.005501172,0.048638415,0.0,0.5884256,1.7808608e-05,0.012867974,0.044588115,0.084266104
0.24997921,0.07138684,0.021515818,0.040332995,0.0,0.5800645,1.7721364e-05,0.009717593,0.02698527,0.09912223
0.18957514,0.084280044,0.03517932,0.0559961,0.0,0.591398,2.2868473e-05,0.0099762315,0.033572298,0.09197769
0.25916332,0.08124096,0.03745862,0.052461974,0.0,0.5213648,1.694705e-05,0.010174419,0.038118955,0.09274203
0.32466966,0.052146666,0.00973599,0.013664875,0.0,0.55163306,2.1878179e-05,0.008054277,0.04007361,0.115782954
0.33485597,0.03842936,0.035052095,0.07489871,0.0,0.49688593,1.6917664e-06,0.01338947,0.006486709,0.067428015
0.45543724,0.04515559,0.0072618728,0.061838906,0.0,0.39670172,3.2294838e-06,0.011479359,0.022122066,0.07822967
0.34130326,0.048387166,0.03658381,0.042766873,0.0,0.4872545,1.4078992e-05,0.014056139,0.029634258,0.08794651
0.2556009,0.06277382,0.0020410605,0.091153815,0.0,0.56011283,9.060121e-06,0.009483443,0.01882501,0.06602303
0.25272596,0.048139766,0.023909183,0.08563366,0.0,0.5680543,3.8198227e-06,0.007946979,0.013586302,0.06894492
0.35654205,0.053616032,0.00018236849,0.053204414,0.0,0.49799514,7.7012e-06,0.012883699,0.025568556,0.07488098
0.22453927,0.0588055,2.0501719e-05,0.08691826,0.0,0.58307797,1.586202e-05,0.011729834,0.034892816,0.07382957
0.28860933,0.087032706,0.021029374,0.051214732,0.0,0.51775235,9.500999e-06,0.008735979,0.02561602,0.06481216
0.22216064,0.061981574,0.058055036,0.1159555,0.0,0.5080713,3.030612e-06,0.0045794444,0.029193526,0.07404856
0.19479905,0.054452933,0.004299895,0.098013975,0.0,0.6132985,5.1102606e-06,0.009855941,0.025274605,0.06726805
0.22515644,0.063752376,0.09088111,0.11065372,0.0,0.46224204,1.8105879e-05,0.00628773,0.04100856,0.06546799
0.26644093,0.05161779,0.0652865,0.14375791,0.0,0.44778752,1.0545715e-05,0.0011719645,0.023926849,0.071221255
0.28818017,0.031725198,0.060430232,0.0824326,0.0,0.50688505,2.4346877e-05,0.0030710595,0.027251339,0.04808242
0.27809712,0.06707478,0.030602729,0.045253843,0.0,0.5449768,6.302583e-07,0.0080406945,0.025953507,0.07830226
0.2898946,0.025739022,0.042962987,0.045946445,0.0,0.547439,1.9521414e-05,0.010273455,0.037724912,0.09727091
0.29629487,0.058477353,0.04747049,0.05668371,0.0,0.49708098,1.4631279e-05,0.010367462,0.03361047,0.09285196
0.21363027,0.06908149,0.031954374,0.06982627,0.0,0.559969,2.327604e-05,0.009757872,0.045757417,0.08745993
0.30751207,0.08033413,0.0075290757,0.01591769,0.0,0.53893864,2.3919183e-05,0.00802058,0.041723825,0.07942482
0.25768426,0.039817754,0.014608048,0.04255128,0.0,0.580822,2.6007992e-05,0.012702208,0.05178849,0.08832986
0.31330925,0.062065322,0.03986252,0.06850841,0.0,0.46330684,2.3804376e-05,0.008632933,0.044290897,0.0778108
0.22146893,0.07826509,0.047369897,0.11193262,0.0,0.50091624,8.382965e-06,0.0060778526,0.03396107,0.07920051
0.3040598,0.03373578,0.04054714,0.039302617,0.0,0.5370223,6.59048e-07,0.012499733,0.03283193,0.079951786
0.25471336,0.043962225,0.025064183,0.14628062,0.0,0.5172834,8.938887e-06,0.0050616344,0.007625667,0.071690954
0.25339207,0.030562019,0.0053114723,0.0030243604,0.0,0.64868516,1.918454e-05,0.009893421,0.0491124,0.07995073
0.2165892,0.02881792,0.016296223,0.08452175,0.0,0.6031842,8.669182e-06,0.008578201,0.042003755,0.07937228
0.24226443,0.053386312,0.04655142,0.09360785,0.0,0.5403678,1.12673815e-05,0.0040644216,0.019746596,0.06504402
0.28000063,0.030211667,0.016270628,0.07018454,0.0,0.56527865,1.166533e-05,0.009751489,0.028290745,0.08261695
0.31035218,0.05468982,0.03510012,0.079426415,0.0,0.4886911,5.8440205e-06,0.010582489,0.02115218,0.09824104
0.19462478,0.035218757,0.0456811,0.10756022,0.0,0.58033466,3.9257097e-06,0.0108710155,0.0257056,0.079889394
0.3262501,0.065946594,0.053151395,0.0033539173,0.0,0.504651,1.3525433e-05,0.006314626,0.040318806,0.062318332
0.32924777,0.019270157,0.025830902,0.06440441,0.0,0.51611364,1.5097588e-05,0.007821045,0.037296914,0.07827515
0.28774783,0.08270726,0.008912119,0.011066143,0.0,0.55206746,1.40091715e-05,0.010548532,0.046936654,0.12669182
0.29860026,0.055269804,0.055078097,0.06453436,0.0,0.48763028,2.3741e-05,0.0073225987,0.03154087,0.050321996
0.2942723,0.024815535,0.033563796,0.051414054,0.0,0.5658153,6.5746934e-07,0.008095371,0.02202294,0.07456555
0.1884609,0.075655416,0.07794073,0.1310002,0.0,0.5064201,1.7240387e-05,0.0020977468,0.018407736,0.054138325
0.25849855,0.026783451,0.030449878,0.08952902,0.0,0.551615,1.030746e-05,0.01008752,0.033026285,0.073993124
0.30561396,0.09814896,0.0152395675,0.029530846,0.0,0.5138223,1.3896343e-05,0.010467965,0.027162507,0.07802162
0.25770423,0.059995472,0.018181343,0.019157458,0.0,0.60652536,1.024616e-05,0.009672664,0.028753335,0.07821187
0.2022466,0.083445795,0.06175801,0.06275338,0.0,0.56435233,1.1812603e-05,0.007505058,0.017927049,0.05776491
0.17782852,0.08874067,0.07560166,0.1023075,0.0,0.5340495,5.1801962e-08,0.0022313271,0.019240748,0.055547275
0.23620424,0.024279749,0.09272408,0.15702477,0.0,0.45420834,1.9469493e-05,0.0029703118,0.03256898,0.055854313
0.29761165,0.08344789,0.03631689,0.08545689,0.0,0.45722154,2.0744135e-05,0.009433571,0.030490922,0.05285301
0.2863381,0.08313456,0.014732799,0.011300392,0.0,0.55306286,1.7433555e-05,0.010219177,0.0411948,0.08527798
0.36862245,0.07497039,0.035788808,0.025417076,0.0,0.45072502,2.008404e-05,0.009611431,0.034844775,0.08540847
0.28424802,0.088743955,0.042994563,0.06421416,0.0,0.4704259,1.5585312e-05,0.008628421,0.04072941,0.07128813
0.28055045,0.053093933,0.0075958124,0.06929805,0.0,0.55306786,1.2490639e-06,0.011382468,0.025010256,0.07754337
0.22102365,0.08478611,0.04504652,0.025443984,0.0,0.5980579,2.5284406e-05,0.010583715,0.015032854,0.05101134
0.2260543,0.08076329,0.040058065,0.07057835,0.0,0.53321844,2.2650338e-05,0.01004462,0.03926024,0.069418095
0.27065247,0.068731174,0.0020175895,0.036164857,0.0,0.57572025,1.5278727e-05,0.012259364,0.034438945,0.10285624
0.287006,0.053956296,0.06284265,0.01787371,0.0,0.5338988,1.6943311e-05,0.012250971,0.032154687,0.10199962
0.3894401,0.06177353,0.00059810095,0.005103607,0.0,0.5016443,1.342331e-05,0.013887184,0.027539726,0.085465066
0.19150203,0.026413528,0.081277974,0.16442625,0.0,0.49278578,1.2728812e-05,0.003183761,0.040397998,0.056210734
0.21412231,0.049461473,0.006000081,0.14018942,0.0,0.55628854,1.5355614e-06,0.007971118,0.025965506,0.06541314
0.22421765,0.068185955,0.08410198,0.10745062,0.0,0.46074963,2.8080058e-05,0.0068195723,0.04844648,0.06602124
0.26714024,0.04342709,0.07013186,0.15166534,0.0,0.43861687,1.4147242e-05,0.0027466274,0.02625781,0.059986703
0.25272048,0.08439773,0.10398901,0.040005464,0.0,0.48037356,2.89726e-05,0.0062247636,0.032260027,0.06430236
0.24698211,0.083286874,0.0039138435,0.078394376,0.0,0.5444663,1.0658915e-05,0.0074378992,0.03550783,0.08002185
0.20296083,0.07693128,0.057816595,0.10762065,0.0,0.504242,2.8269193e-05,0.006646017,0.04375437,0.07159535
0.22119541,0.041555874,0.047175523,0.11381776,0.0,0.5474811,1.7271554e-05,0.0046044826,0.024152614,0.06871588
0.21839593,0.0893566,0.03638451,0.029966254,0.0,0.5722796,2.9149514e-05,0.011094273,0.04249366,0.07436953
0.27591217,0.0392298,0.024011735,0.11081187,0.0,0.5261991,7.887061e-06,0.0130552305,0.01077225,0.082318194
0.30468345,0.037352033,0.009821752,0.084884405,0.0,0.53324974,8.927343e-06,0.012869717,0.017129965,0.075123034
0.30235863,0.041034386,0.016252441,0.042948913,0.0,0.55540323,1.5778656e-06,0.011803996,0.030196873,0.081078775
0.33543867,0.05235676,0.020252015,0.058832478,0.0,0.49564514,1.2901386e-05,0.011043953,0.026418062,0.08576543
0.3706035,0.04383173,0.011608143,0.05330832,0.0,0.4797927,7.382111e-06,0.009132384,0.031715766,0.08080552
0.32065877,0.02327556,0.020310944,0.103058204,0.0,0.48249647,1.1442489e-05,0.012594227,0.037594315,0.09481508
0.26246908,0.0274252,0.05320992,0.19459796,0.0,0.4339169,6.9424204e-06,0.007850803,0.02052318,0.065185286
0.2443711,0.025432847,0.031254806,0.19618008,0.0,0.4762029,9.700634e-06,0.00890569,0.017642912,0.06655537
0.23771067,0.06959735,0.02394948,0.033652462,0.0,0.59156424,4.3692744e-06,0.015256865,0.028264603,0.06477345
0.37305027,0.07033802,0.010164134,0.07452777,0.0,0.42578855,5.1966003e-06,0.013637869,0.032488182,0.07113155
0.36289203,0.060090926,0.009412516,0.003779535,0.0,0.50655884,2.032201e-05,0.011138256,0.04610754,0.066742994
0.15076926,0.06163877,0.031730447,0.08108973,0.0,0.65080535,2.5813613e-06,0.012732745,0.011231138,0.049481288
0.20181014,0.0926281,0.014353383,0.046370838,0.0,0.6142633,5.4338357e-06,0.016116114,0.014452697,0.05364687
0.19402,0.078219555,0.00622261,0.08319856,0.0,0.5973126,5.604819e-06,0.01569616,0.025324833,0.053791955
0.22514245,0.054712586,0.026779572,0.038450394,0.0,0.61699903,4.145594e-07,0.016339546,0.021575997,0.065185376
0.24030483,0.0657006,0.012691096,0.08014683,0.0,0.57323664,2.1427672e-06,0.011476361,0.01644147,0.06135682
0.30044153,0.040469956,0.02438228,0.14547372,0.0,0.46670228,7.929138e-07,0.006238869,0.016290527,0.06062334
0.27839336,0.07148669,0.01554254,0.09044392,0.0,0.5143302,1.3389761e-06,0.01205272,0.017749285,0.06677645
0.29284868,0.028795946,0.020954907,0.1675502,0.0,0.46372926,6.0185107e-07,0.010394192,0.015726194,0.08120469
0.33673945,0.030566994,0.02160453,0.12118279,0.0,0.46305284,1.3624643e-06,0.011480996,0.015371048,0.080562
0.3300266,0.030940242,0.037562057,0.10116137,0.0,0.46644613,2.1942378e-06,0.010705729,0.02315572,0.07740108
0.35968363,0.03891208,0.021641968,0.11699164,0.0,0.42751878,6.124488e-06,0.008375169,0.026870579,0.07556821
0.34544712,0.025423022,0.025501614,0.09926564,0.0,0.47144052,4.4832525e-08,0.010592865,0.022329153,0.07103626
0.3092674,0.030187642,0.021745633,0.14524908,0.0,0.4702712,8.600593e-07,0.010811802,0.01246642,0.07788522
0.24910544,0.04274898,0.035634078,0.0092853,0.0,0.5980295,8.5202755e-06,0.014167912,0.051020302,0.083595075
0.33304211,0.033504732,0.026560519,0.098715864,0.0,0.46479973,3.2036866e-07,0.010545796,0.03283093,0.082943656
0.40471518,0.018165957,0.0005717388,0.036080196,0.0,0.49323058,1.2108574e-06,0.010337754,0.036897436,0.058181487
0.30902484,0.04071956,0.036094982,0.09223341,0.0,0.4891326,4.3947466e-06,0.012977117,0.019813053,0.07681475
0.35171255,0.038792826,0.008423226,0.08503539,0.0,0.4777517,1.1581328e-05,0.010874762,0.02739798,0.07963129
0.34515157,0.04387906,0.0029941937,0.037969112,0.0,0.53053373,1.2165149e-05,0.010783947,0.028676106,0.09098118
0.35848895,0.032063324,0.01673861,0.07616636,0.0,0.4799992,5.1452703e-06,0.010241477,0.026297009,0.09503866
0.371463,0.021293646,0.012214951,0.12697414,0.0,0.43141466,2.617257e-06,0.011106922,0.025530094,0.06356015
0.37297183,0.029303811,0.0037262053,0.11301505,0.0,0.4463763,3.2703863e-06,0.010730254,0.023873286,0.09597189
0.27572697,0.030167082,0.023831343,0.14054169,0.0,0.49526322,3.4994061e-06,0.012342537,0.022123663,0.06596858
0.26651612,0.037009105,0.027466597,0.13216524,0.0,0.5152889,3.6977685e-06,0.012551792,0.00899848,0.070356406
0.29009205,0.04293146,0.009349038,0.06325583,0.0,0.55110645,2.1229649e-05,0.011854922,0.03138901,0.096215345
0.35344228,0.040760413,0.034965657,0.06293573,0.0,0.47843063,2.0456032e-06,0.011398197,0.018065002,0.0766725
0.2676233,0.05364526,0.0039931107,0.17013843,0.0,0.4811688,3.8747544e-06,0.007867413,0.015559857,0.060572274
0.292661,0.030993119,0.004688954,0.13746488,0.0,0.502016,4.0446616e-06,0.008617465,0.023554416,0.058783926
0.30371177,0.022809718,0.013227253,0.09094675,0.0,0.544619,2.5929367e-06,0.0052849445,0.019397907,0.072063185
0.3059353,0.0441341,0.03125784,0.0039312677,0.0,0.56548953,1.0057409e-05,0.014037,0.035204858,0.08302159
0.2943605,0.028081372,0.039299548,0.04252979,0.0,0.5477384,2.2433407e-05,0.011792319,0.036175795,0.08479228
0.34932303,0.024403952,0.018085442,0.10171565,0.0,0.4676965,2.8386833e-06,0.012070941,0.026701635,0.06533278
0.39745858,0.0678707,0.007889308,0.028322356,0.0,0.46448988,1.7907838e-05,0.0123758,0.02157545,0.102198474
0.2836003,0.06205749,0.030448617,0.040411398,0.0,0.5370016,1.3269823e-05,0.011640349,0.034826946,0.10516027
0.34685835,0.035423003,0.00086276367,0.031026574,0.0,0.55811745,2.007117e-06,0.013410986,0.014298933,0.06917154
0.21665989,0.10178818,0.044351008,0.09762789,0.0,0.5008199,5.893801e-06,0.008881138,0.029866163,0.07414416
0.25653973,0.0672941,0.09975845,0.22173311,0.0,0.3140549,7.786676e-06,0.0072461115,0.03336577,0.05559437
0.23083511,0.11356448,0.08220567,0.21132755,0.0,0.32232937,8.822164e-06,0.005681975,0.034047067,0.052225515
0.1908853,0.09492309,0.044697504,0.21264678,0.0,0.3557443,7.656942e-06,0.008319524,0.092775814,0.060620554
0.22934079,0.06934884,0.06799071,0.21694995,0.0,0.33084682,8.74928e-06,0.009268689,0.07624549,0.052048676
0.20451805,0.07233437,0.09171251,0.3198659,0.0,0.24677609,3.4449395e-06,0.0063724588,0.058417197,-0.003018923
0.2765515,0.09280092,0.105421364,0.3252693,0.0,0.17250158,1.6869933e-06,0.0050243903,0.02242918,0.014803372
0.2586147,0.110902086,0.07512229,0.2716671,0.0,0.23801821,1.2198818e-06,0.004209099,0.04146531,0.04730107
0.28227788,0.1086314,0.07487963,0.28464675,0.0,0.21109828,1.0544902e-06,0.0057674735,0.03269747,0.040448666
0.40945953,0.12708955,0.0045218957,0.09939504,0.0,0.3242352,1.2469537e-05,0.005748701,0.029537633,-1.8225099
0.46417272,0.047594804,0.052951142,0.22458188,0.0,0.191772,2.6963671e-06,0.0047462946,0.014178469,0.012814648
0.30047622,0.1058789,0.052376978,0.08255911,0.0,0.41234595,1.0333037e-05,0.005769382,0.040583216,0.051698484
0.2057762,0.13839763,0.021280821,0.18842947,0.0,0.38302514,4.2154566e-06,0.006497055,0.056589473,0.050444067
0.19337851,0.09232353,0.05375866,0.30818737,0.0,0.27441984,3.549612e-06,0.009569631,0.06835887,0.04125218
0.32146224,0.07863567,0.026857037,0.034528486,0.0,0.45037478,9.300677e-06,0.01118579,0.0769466,0.050362766
0.27281886,0.06825844,0.07774167,0.24484386,0.0,0.2764813,1.0107662e-05,0.0057387133,0.054107063,0.061094217
0.23839052,0.075012706,0.04151654,0.030337963,0.0,0.5197955,2.3682367e-05,0.009737206,0.08518593,0.055082895
0.25780505,0.09759374,0.02574949,0.15898198,0.0,0.3964423,6.5050726e-06,0.0071417275,0.056279205,0.052029647
0.23111638,0.09253563,0.07210533,0.30220404,0.0,0.24920128,3.553981e-06,0.009748699,0.043085102,0.02311784
0.3097354,0.10275022,0.09976821,0.09721506,0.0,0.33986276,1.0500348e-05,0.0015198888,0.04913801,0.0057354122
0.23880807,0.12279849,0.13249679,0.16360599,0.0,0.2949652,1.2698429e-05,0.003626488,0.04368632,0.048335575
0.3064305,0.095558904,0.09531176,0.24996522,0.0,0.21378082,3.1405028e-07,0.00507739,0.033875126,-0.12112029
0.38939953,0.09237928,0.079698235,0.054514427,0.0,0.32642174,1.2597681e-05,0.008712931,0.048861247,0.04957141
0.2410136,0.09929335,0.11632483,0.18440229,0.0,0.30002412,8.795064e-06,0.012261338,0.046671625,0.0507491
0.29382774,0.09217323,0.09643475,0.14562887,0.0,0.31229782,7.894194e-06,0.0114339115,0.048195723,0.040708356
0.24327531,0.093618274,0.11298119,0.32388458,0.0,0.19257942,1.1386335e-06,0.005911589,0.027748533,-0.10051264
0.30977312,0.09070594,0.05366573,0.22920792,0.0,0.2918734,7.55994e-06,0.005198731,0.019567646,0.04068344
0.18327269,0.05179859,0.10639987,0.37296546,0.0,0.25904435,6.107005e-06,0.0057556503,0.020757254,-0.10257909
0.2854559,0.056400675,0.101698525,0.36466625,0.0,0.17431717,5.9049594e-06,0.005130073,0.012325548,-0.62681097
0.29080763,0.13585939,0.0699441,0.005894729,0.0,0.4194339,7.783209e-06,0.020069314,0.057983104,0.05648569
0.26085886,0.0659579,0.07981348,0.2732607,0.0,0.26728103,4.5178513e-06,0.010077774,0.04274571,0.011165127
0.25039026,0.042173132,0.09920025,0.26127958,0.0,0.3004633,4.219354e-06,0.006642203,0.039847087,0.016776048
0.18622868,0.080731526,0.13213931,0.123256445,0.0,0.42053416,1.591105e-05,0.0052783275,0.051815517,0.030359112
0.23292856,0.052683186,0.11865199,0.36899358,0.0,0.19149242,5.407356e-06,0.00444575,0.03079909,-0.30455938
0.18293692,0.07570574,0.14171974,0.34954345,0.0,0.21678358,9.016613e-06,0.0043672267,0.028934335,-0.52728844
0.22516873,0.07964343,0.110509,0.3431512,0.0,0.2272699,1.452063e-06,0.0049221884,0.009334093,0.005697049
0.21433336,0.076167375,0.100476354,0.2792954,0.0,0.2801161,3.9276288e-06,0.007923071,0.041684385,0.0075860694
0.32568815,0.081317306,0.07621864,0.05500633,0.0,0.3929379,9.622629e-07,0.003543247,0.065287516,0.06552469
0.23103094,0.0695372,0.1064113,0.31781012,0.0,0.24427965,5.8288115e-06,0.0071309693,0.023794012,0.023008667
0.25778025,0.06906089,0.13123974,0.3260857,0.0,0.18386228,2.80355e-06,0.0062882868,0.02567995,-0.91895616
0.346603,0.07152986,0.10459495,0.028317582,0.0,0.38249302,2.1431644e-05,0.015476889,0.050963193,0.045882307
0.21554826,0.037181582,0.118339084,0.37448508,0.0,0.22917283,9.232093e-06,0.007407931,0.01785595,-0.18118569
0.37156692,0.060701787,0.06305667,0.2778688,0.0,0.20236188,4.948123e-06,0.006525196,0.017913714,-0.19945043
0.27090278,0.09594297,0.100130074,0.29394448,0.0,0.21225494,1.0443209e-05,0.004480518,0.022333771,-0.042484343
0.29120424,0.092414774,0.08491717,0.00034412384,0.0,0.47797647,1.4432835e-05,0.02556919,0.027559685,0.0465926
0.39369395,0.06336153,0.07222651,0.25632465,0.0,0.18186836,1.6466203e-06,0.011618518,0.020904843,-0.015183244
0.29438183,0.10960997,0.011593928,0.078329735,0.0,0.43417174,7.821631e-06,0.008940387,0.062964566,0.034013532
0.25866044,0.123423085,0.11386765,0.08996063,0.0,0.37149453,3.6814506e-06,0.005386506,0.037203606,0.060245
0.27282557,0.049376857,0.093045406,0.34038135,0.0,0.22453324,3.0476983e-06,0.0062958584,0.013538637,-0.12812339
0.3681901,0.08759475,0.015131815,0.09129149,0.0,0.36755422,1.7910994e-05,0.010059546,0.060160268,0.037649535
0.269024,0.058616504,0.08513484,0.24392784,0.0,0.3131989,1.4355203e-05,0.0021186282,0.02796488,0.06580252
0.31121397,0.10645254,0.014455445,0.081644535,0.0,0.4167722,2.704534e-06,0.012400052,0.057058528,0.04895263
0.28061548,0.054955695,0.07911476,0.31712288,0.0,0.23012534,4.3554105e-06,0.0058063203,0.032255176,-0.13782111
0.26768655,0.0971074,0.08704026,0.29311094,0.0,0.21406361,1.4076713e-06,0.0072828024,0.033706997,-1.6125356
0.4012843,0.059463244,0.077411674,0.2617334,0.0,0.17602395,1.9407798e-06,0.005891125,0.018190349,-0.42112318
0.34745157,0.047888856,0.08072446,0.2884683,0.0,0.19555865,1.1650893e-06,0.0070591187,0.032847926,-0.08574197
0.29801974,0.044336043,0.081883304,0.3469088,0.0,0.19732238,6.808483e-06,0.009378616,0.022144305,-1.0577856
0.3334317,0.042642932,0.0711679,0.36248517,0.0,0.167803,4.345682e-06,0.0068520545,0.015612935,-0.4260791
0.27561474,0.058333635,0.10615885,0.3245589,0.0,0.20706482,9.740333e-06,0.0040460974,0.024213286,-0.4789623
0.19456866,0.08204001,0.11886012,0.37071064,0.0,0.2077905,8.222649e-06,0.0062148264,0.019807044,-0.35297865
0.20500356,0.047602177,0.12268151,0.39190045,0.0,0.19911928,5.4724455e-06,0.0040450618,0.029642532,-0.3093726
0.2673917,0.041652225,0.111960396,0.35653272,0.0,0.19429898,2.3439773e-06,0.006373683,0.021787856,-0.89092946
0.19805676,0.047231615,0.11823201,0.3928334,0.0,0.20706482,2.0836933e-06,0.007811612,0.028767714,-0.8581213
0.22825104,0.040039938,0.12582278,0.37140608,0.0,0.19995295,3.4218872e-06,0.0053430167,0.02918084,-0.10565776
0.22343609,0.05469952,0.09659583,0.34793365,0.0,0.24934489,1.4893402e-06,0.0045186547,0.023469863,0.030507065
0.25811023,0.05773786,0.08576273,0.33647195,0.0,0.23924646,1.084496e-05,0.008525614,0.01413428,-0.4543049
0.23290356,0.06354397,0.141842,0.26776558,0.0,0.24880101,2.0850803e-06,0.008507564,0.036634248,-0.77750313
0.24891385,0.046245817,0.089078754,0.3552191,0.0,0.2286397,4.190997e-06,0.0044630957,0.027435506,0.03603805
0.23978435,0.08318007,0.11718729,0.32972234,0.0,0.20702095,5.0680187e-06,0.0038413599,0.019258624,-0.09876038
0.22117098,0.065285586,0.13192552,0.33598202,0.0,0.22347906,8.677379e-06,0.004061808,0.018086394,-0.15508747
0.19526386,0.06698605,0.1338872,0.35904068,0.0,0.21384425,6.0312227e-06,0.005114965,0.025856981,-0.49057803
0.20147,0.09872949,0.107300624,0.34424275,0.0,0.21043809,4.0795067e-06,0.0044347695,0.033380188,-0.031460956
0.27438724,0.07393718,0.120256685,0.28488967,0.0,0.21534307,6.3387597e-06,0.005101679,0.026078127,-0.40289718
0.26809812,0.07175169,0.1263351,0.30145952,0.0,0.20589195,6.872802e-06,0.0059161577,0.0205406,-0.38448107
0.31059542,0.07923476,0.07054715,0.22201043,0.0,0.29483885,5.818557e-06,0.0052493163,0.017518219,0.046403922
0.22050178,0.10267499,0.14062975,0.06872927,0.0,0.37977403,2.2883292e-05,0.015318053,0.07234925,0.058212347
0.2537294,0.055531435,0.12509333,0.3599402,0.0,0.18094464,4.6766745e-06,0.0056634992,0.019092824,-0.89842063
0.4821686,0.027454771,0.062499534,0.21326846,0.0,0.18544659,1.7416877e-06,0.0060204603,0.023139866,-0.094163716
0.49326754,0.050521236,0.048190247,0.22265695,0.0,0.16553034,1.5058675e-06,0.0053343466,0.014497902,-0.01622469
0.23662776,0.099194564,0.10160607,0.31015733,0.0,0.22426406,6.6865537e-06,0.0032715914,0.024871822,-0.11162372
0.22942108,0.07974863,0.12871273,0.32276142,0.0,0.21297693,1.0888062e-06,0.004644915,0.021733223,-0.7637011
0.30390874,0.07527926,0.04323756,0.15563573,0.0,0.36679208,1.8559045e-05,0.001317216,0.053810876,0.04083305
0.28061032,0.07344678,0.09251387,0.30581245,0.0,0.22182252,5.96544e-06,0.004103503,0.021684602,-0.014218278
0.3215467,0.079781555,0.019833935,0.19549882,0.0,0.3532715,1.1541385e-06,0.010895372,0.01917098,0.056970395
0.24892154,0.07411232,0.07725856,0.3000353,0.0,0.25523064,7.1819204e-06,0.008119479,0.036314998,-0.73602676
0.33630744,0.04492119,0.07529512,0.294735,0.0,0.2269749,4.41328e-06,0.004952889,0.016809022,-0.017416023
0.3502036,0.12470695,0.021227427,0.062453914,0.0,0.3825337,4.2825295e-06,0.025926806,0.032943353,0.022067599
0.4242239,0.08629289,0.0033290002,0.12560895,0.0,0.3067673,1.1392631e-05,0.0056974865,0.048069157,0.03755205
0.3043497,0.044609897,0.10382234,0.18664336,0.0,0.34474447,1.4864511e-05,0.005739025,0.010076384,0.035825945
0.24702832,0.07578303,0.13595241,0.2521004,0.0,0.24562626,1.883132e-05,0.0018820642,0.041608725,0.03875082
0.26865143,0.052399058,0.07957149,0.21061322,0.0,0.31435955,2.2827955e-05,0.005782082,0.06860036,0.021111615
0.24313618,0.14720412,0.045690756,0.027020318,0.0,0.4579456,2.2399923e-05,0.007735926,0.07124464,0.039606236
0.3021111,0.04966794,0.10225904,0.28634822,0.0,0.23525906,9.345925e-06,0.005160453,0.01918492,0.0045268014
0.3354181,0.08742672,0.014450067,0.06422392,0.0,0.416194,1.47033725e-05,0.0132575305,0.069014885,0.04960794
0.33200142,0.07467682,0.036418818,0.039660793,0.0,0.46845582,3.3308806e-06,0.008419553,0.040363397,0.10847335
0.27956647,0.06817738,0.08249534,0.18626975,0.0,0.32206604,1.6519715e-06,0.011991308,0.049432084,0.049177505
0.35090494,0.13199487,0.04038293,0.010265936,0.0,0.4163184,7.3867977e-06,0.008652543,0.04147297,0.06620609
0.21855484,0.057535164,0.09757248,0.21808758,0.0,0.368932,1.8857358e-05,0.007013027,0.032286093,0.05228316
0.27090457,0.040383704,0.11021815,0.32478914,0.0,0.21537402,8.05407e-06,0.0072283847,0.031093962,-0.31929365
0.18761028,0.08577508,0.11065509,0.33249217,0.0,0.2427192,3.3518086e-06,0.00569207,0.035052747,-0.05776711
0.25545445,0.09134574,0.040991485,0.0587338,0.0,0.46652073,3.8474547e-05,0.014170524,0.07274481,0.05283665
0.2753953,0.07299544,0.10042391,0.22200713,0.0,0.29169643,4.8427637e-06,0.0044939662,0.032982927,-0.15746823
0.33248928,0.044999585,0.12706469,0.26388204,0.0,0.21078306,1.2182077e-05,0.006235168,0.014533987,-0.0033462346
0.25721604,0.067373514,0.090874955,0.32066426,0.0,0.22884242,5.040871e-06,0.0049772942,0.03004658,-0.080003045
0.24035262,0.03888447,0.11361965,0.28107518,0.0,0.28050873,2.4057761e-05,0.0069988095,0.03853649,0.04400453
0.25600237,0.060141355,0.1056104,0.34807318,0.0,0.21117057,8.3896275e-06,0.0034410153,0.01555266,-0.045131765
0.28953543,0.12856376,0.018523071,0.11886957,0.0,0.39514533,5.578055e-06,0.011421266,0.037935894,0.04255808
0.2323149,0.09264041,0.08614713,0.30903548,0.0,0.24595834,9.514939e-06,0.005078806,0.028815553,-0.008497354
0.2962282,0.09134886,0.05329935,0.1719611,0.0,0.34037355,2.9150451e-06,0.00779691,0.038989164,-0.01543019
0.31178126,0.080847986,0.043286085,0.2607426,0.0,0.25842515,1.5961327e-06,0.0066552125,0.038260125,0.012056507
0.33105284,0.05732345,0.104629345,0.23115954,0.0,0.24735221,7.2758457e-06,0.0075855018,0.020889824,-0.15552764
0.4465231,0.05416671,0.004264756,0.14336103,0.0,0.29439268,1.465978e-06,0.01247914,0.04481113,0.009721868
0.32245082,0.053589046,0.12280988,0.2950334,0.0,0.18514945,7.693352e-06,0.0054005096,0.015559237,-0.26037198
0.30969778,0.053032603,0.06849318,0.18391433,0.0,0.33374676,3.184436e-05,0.0014576598,0.049625896,0.03743329
0.25203344,0.034581672,0.04793832,0.205129,0.0,0.3786241,3.5640005e-05,0.0098538995,0.07180393,0.028747208
0.21561696,0.07272939,0.081739075,0.2751806,0.0,0.2860668,3.8032187e-05,0.0019794793,0.06664962,0.020256415
0.2926136,0.055113107,0.112653196,0.2734956,0.0,0.24409088,1.6441122e-07,0.004653534,0.017379861,0.027918406
0.336217,0.0979379,0.039177928,0.15887868,0.0,0.30320716,7.679577e-06,0.0035235344,0.061049998,0.017671376
0.39898497,0.07681994,0.08338694,0.0066457596,0.0,0.38607833,2.598231e-05,0.0051065455,0.042951476,0.056813814
0.25643638,0.06203863,0.03282229,0.1708961,0.0,0.39332312,2.2009228e-06,0.014309587,0.070171624,0.035820507
0.23974998,0.0327086,0.0766552,0.2763354,0.0,0.3470882,2.3973727e-05,0.0052566086,0.022182077,0.02885744
0.3467861,0.051867843,0.073569044,0.15180121,0.0,0.3420777,3.2344183e-06,0.01357845,0.02031638,0.035362028
0.28594765,0.061708275,0.081620365,0.30658957,0.0,0.21728118,2.525497e-09,0.007697156,0.039155837,0.012144968
0.2523463,0.07366986,0.111800894,0.22934376,0.0,0.2816816,2.8685915e-06,0.0071876524,0.043967105,0.056705378
0.21119493,0.05107881,0.10278871,0.39692348,0.0,0.21169958,6.587881e-06,0.0029376177,0.0233703,-0.084457904
0.2880024,0.08775975,0.038531642,0.16903222,0.0,0.3562289,6.4084825e-06,0.0057536424,0.05468509,0.024228193
0.36142135,0.08937395,0.078033224,0.042779546,0.0,0.3736709,7.0887627e-06,0.013510937,0.041203044,-0.012757689
0.21571074,0.094055384,0.07314313,0.22987862,0.0,0.35616267,1.5028496e-05,0.004523724,0.02651069,0.03317362
0.2097005,0.048430245,0.1207507,0.3053843,0.0,0.29820573,3.4493858e-06,0.0067773946,0.010747601,-0.011122227
0.21414572,0.044740323,0.15809464,0.29085127,0.0,0.25536975,5.0836297e-06,0.0054780925,0.03131514,-0.02600862
0.39657012,0.056447227,0.018261978,0.27737916,0.0,0.23461157,5.289806e-06,0.005544255,0.011180417,0.010485731
0.30644134,0.0645086,0.11866838,0.17550415,0.0,0.28925735,1.3575388e-05,0.008606053,0.0370006,0.025780156
0.3025926,0.05362562,0.06464192,0.20751019,0.0,0.3007521,2.1597556e-05,0.0060090856,0.06484688,0.03360004
0.4162847,0.04013617,0.07854162,0.2586282,0.0,0.18243915,6.86874e-06,0.0052863862,0.018676974,-0.29596218
0.300918,0.053717095,0.103626505,0.16795641,0.0,0.32763392,8.004463e-06,0.0072291624,0.03891087,0.03926816
0.3091848,0.08683372,0.05984493,0.26655632,0.0,0.24568872,2.335279e-06,0.00808448,0.02380464,-0.43991202
0.22122379,0.06324044,0.10459872,0.36934042,0.0,0.21691911,3.847919e-06,0.005872901,0.018800724,-0.019435443
0.3004465,0.081135474,0.090845354,0.2607859,0.0,0.23770882,3.2413104e-07,0.007137666,0.021939944,-0.012171596
0.22892731,0.044176895,0.09191698,0.36396107,0.0,0.24927652,3.254388e-06,0.0067192074,0.015018697,-0.057681605
0.3471098,0.084404655,0.055468265,0.29604626,0.0,0.18997376,3.451784e-06,0.006922027,0.020071875,-0.11347653
0.27448338,0.081212066,0.07188274,0.33805442,0.0,0.21866903,4.906785e-06,0.0074774222,0.008216084,-0.49700767
0.33775964,0.047286093,0.08550796,0.23862875,0.0,0.26393813,2.183748e-06,0.006325222,0.020552,-0.57196325
0.23517238,0.05113402,0.086105645,0.34342492,0.0,0.25355837,2.8289678e-06,0.0064071724,0.024194736,-0.15454167
0.30008847,0.1273907,0.077908345,0.28172183,0.0,0.17363563,1.108796e-06,0.008503077,0.0307508,-0.15359397
0.38629445,0.07185276,0.033485103,0.2706393,0.0,0.19912139,4.75597e-06,0.009747187,0.02885507,-0.47065997
0.29703653,0.08901473,0.080332406,0.28626493,0.0,0.2174717,4.5215397e-06,0.011230455,0.018644748,-0.2379879
0.31484076,0.04595277,0.07277359,0.2994942,0.0,0.23187219,2.1159663e-06,0.0075285058,0.02753587,-1.4036627
0.29939738,0.11111547,0.051668145,0.33789942,0.0,0.1724216,3.241599e-06,0.0070785256,0.02041616,-1.2006536
0.39508042,0.062406804,0.040853985,0.29475838,0.0,0.18350276,5.183154e-06,0.009685768,0.01370667,-1.4853615
0.3571377,0.050852496,0.07479792,0.29687074,0.0,0.19121781,4.237203e-06,0.006205207,0.022913834,-1.3452438
0.29484272,0.06952278,0.10473383,0.3390612,0.0,0.15387712,4.3915925e-06,0.005487321,0.03247063,-0.21893343
0.27037328,0.046110973,0.103474036,0.3256139,0.0,0.23104386,1.0305585e-06,0.0056464644,0.017736482,-1.3857898
0.2572397,0.09733323,0.06417652,0.33952954,0.0,0.2164079,1.0480038e-06,0.0058608577,0.019451289,-1.2914685
0.3414139,0.051940765,0.09019227,0.30718058,0.0,0.18479106,5.223642e-07,0.005554747,0.018926146,-1.4398671
0.21108785,0.068795845,0.11780471,0.3677231,0.0,0.2038339,1.2052534e-06,0.006488742,0.024264704,-1.091971
0.226491,0.052307714,0.09363328,0.38648963,0.0,0.20955037,8.416442e-07,0.005643374,0.025883751,-1.0118972
0.4131555,0.0718241,0.018745352,0.22085623,0.0,0.2299836,4.3595637e-06,0.0051684864,0.040262405,-1.8924143
0.25978795,0.06567101,0.11762719,0.34673417,0.0,0.18704908,1.154929e-06,0.006974548,0.016154934,-0.41526163
0.28887287,0.06155043,0.09420127,0.30444777,0.0,0.22182584,7.127143e-06,0.008276937,0.02081778,-0.3875221
0.33983582,0.078464106,0.08135009,0.27916375,0.0,0.1961817,6.3333886e-07,0.0068744333,0.018129533,-0.033126496
0.2877495,0.057684604,0.08535084,0.33606458,0.0,0.21002668,5.5423484e-06,0.0046390784,0.018479215,0.016528256
0.31495956,0.115033135,0.013519956,0.13843973,0.0,0.36041823,1.0387179e-05,0.008205081,0.04941395,-1.8480495
0.21033981,0.050793808,0.10750236,0.39369166,0.0,0.21712814,5.287338e-06,0.0065111015,0.0140278125,-0.05176851
0.40808728,0.06372335,0.07344267,0.17509072,0.0,0.24544229,5.0058034e-06,0.01139753,0.022811156,-0.052150015
0.3750441,0.05809331,0.03150513,0.07391636,0.0,0.4140507,6.4628657e-06,0.010804533,0.03657942,-1.3767422
0.38484165,0.060673486,0.0032882493,0.20470689,0.0,0.30083463,1.1602472e-06,0.012723828,0.032930113,-1.1495544
0.28305113,0.062257037,0.0603967,0.3716327,0.0,0.21146707,3.6880394e-07,0.0035362076,0.00765876,-1.2878643
0.26925388,0.057003144,0.07167951,0.3717148,0.0,0.1947191,6.0602696e-07,0.0058827912,0.029746177,-1.7659137
0.24557433,0.0626004,0.090980336,0.37186292,0.0,0.20027131,3.5897485e-06,0.004383232,0.024323901,-1.6431825
0.26945135,0.09126385,0.0959065,0.28816205,0.0,0.22735542,4.0664554e-06,0.0059257136,0.021931019,-1.7336556
0.40633598,0.041940823,0.06921974,0.3010175,0.0,0.15957981,4.2978292e-07,0.004789473,0.017116291,-0.6187927
0.26662675,0.061165147,0.10928881,0.30398518,0.0,0.22213872,3.403206e-06,0.007060538,0.029731367,-1.3402436
0.3822368,0.053228866,0.08372023,0.20607686,0.0,0.2373467,3.2182907e-06,0.008968146,0.028419219,-1.54735
0.25804594,0.07958885,0.08136983,0.27460036,0.0,0.26072803,2.6487683e-06,0.0067525594,0.03891177,-1.5979923
0.2600854,0.05706186,0.110562906,0.30410144,0.0,0.23284325,5.2816576e-06,0.0042101666,0.031129666,-0.032236613
0.2990995,0.12672569,0.013397034,0.07009506,0.0,0.41841796,3.128572e-05,0.010981255,0.061252277,0.043759644
0.2933955,0.06793773,0.022112792,0.100761086,0.0,0.43402088,2.1498423e-05,0.010607967,0.07114257,0.055986248
0.24660139,0.056378637,0.073149435,0.3130014,0.0,0.25745547,2.3752802e-06,0.0054946607,0.047916546,-1.6445111
0.22674924,0.053571444,0.09557315,0.3459501,0.0,0.24942225,4.875405e-06,0.004015917,0.024713047,0.0027475283
0.26984,0.054721046,0.08746839,0.3603931,0.0,0.19761437,6.275136e-06,0.0040142066,0.025942605,-0.07214015
0.2753887,0.06257928,0.0866546,0.3114542,0.0,0.23266661,3.622328e-06,0.0059648757,0.02528802,-0.08735889
0.2573154,0.057741813,0.09429194,0.32793796,0.0,0.23563619,7.598387e-06,0.003908748,0.023160413,-0.16817176
0.41454715,0.081156954,0.042757448,0.056905128,0.0,0.33946526,2.3127234e-06,0.013972122,0.05119363,0.012738831
0.4243166,0.07736797,0.050515402,0.026563969,0.0,0.37214264,2.1674847e-05,0.010719817,0.038351875,0.014255606
0.4493633,0.11084411,0.067471094,0.0077158934,0.0,0.31848,1.7547623e-05,0.012394427,0.033713534,0.0017139316
0.49970287,0.07941358,0.03813906,0.019615244,0.0,0.30151823,7.180637e-06,0.010368645,0.051235218,0.015053518
0.40233815,0.07858647,0.04449214,0.0547464,0.0,0.35603926,1.685537e-05,0.004021557,0.059759237,0.017593361
0.40311092,0.077459745,0.046951182,0.14265883,0.0,0.26203322,1.0445038e-05,0.014201934,0.053573795,0.023175612
0.43123436,0.04806832,0.05335029,0.2398,0.0,0.19934577,4.585387e-06,0.0086746,0.01952205,-0.025375701
0.27043325,0.09911704,0.065206796,0.17509605,0.0,0.33678964,1.3183951e-05,0.0050919047,0.04825216,0.02449847
0.4518413,0.10647423,0.034964804,0.010722218,0.0,0.35371494,2.7349657e-05,0.0010469101,0.04120827,0.03807444
0.3766704,0.0811016,0.09342699,0.17219009,0.0,0.20882146,1.2827761e-05,0.006814728,0.06096191,0.038011365
0.36171648,0.10327267,0.031804077,0.11807889,0.0,0.30284783,2.26553e-05,0.008443407,0.07381397,0.019143619
0.38614208,0.1469906,0.0409555,0.019503953,0.0,0.34459013,2.827192e-05,0.00790165,0.053887837,0.010918029
0.38653344,0.07139518,0.010666235,0.07624753,0.0,0.3580191,3.376766e-05,0.0074555804,0.08964924,0.021293573
0.4451315,0.18117549,0.0254531,0.00020475588,0.0,0.31456327,2.066579e-05,0.0055699567,0.027881319,0.001199998
0.44493923,0.09314894,0.018461,0.06415862,0.0,0.3314263,2.1440994e-06,0.0052514174,0.042612396,0.024110012
0.3275655,0.09551876,0.038125023,0.16123821,0.0,0.30251712,2.2734459e-05,0.0063206046,0.06869203,0.01751279
0.26867872,0.11540018,0.058499467,0.20636311,0.0,0.27862436,1.1579873e-06,0.009965222,0.062467817,0.040254973
0.44659305,0.09966981,0.04397479,0.01168756,0.0,0.33626854,1.6585633e-05,0.0036568353,0.058132775,0.022934161
0.4232734,0.11692205,0.024363494,0.019772798,0.0,0.3529294,1.409098e-05,0.014037953,0.048686802,0.026778623
0.290124,0.06400582,0.094655424,0.28798136,0.0,0.21983601,4.7233567e-07,0.006872633,0.03652431,0.018251978
0.3646131,0.09889654,0.070731446,0.19954683,0.0,0.21465692,2.7426433e-06,0.0041819406,0.047370516,0.02252128
0.25431088,0.06736545,0.11181562,0.37689224,0.0,0.15157756,1.5682537e-06,0.006737055,0.031299636,-0.37907124
0.25619698,0.061912593,0.10733065,0.35635626,0.0,0.18057603,1.7848489e-06,0.006388044,0.03123763,-0.092956275
0.38972217,0.086802036,0.061889302,0.1987655,0.0,0.21788162,7.0516658e-06,0.00932152,0.03561079,0.014054917
0.32583326,0.08341848,0.08909667,0.20530245,0.0,0.25133786,7.342735e-07,0.009411332,0.035599254,0.00039452314
0.4562228,0.10508293,0.05502245,0.07380198,0.0,0.25383294,2.5791314e-05,0.001041518,0.05496955,0.029280595
0.28848416,0.045610897,0.065542735,0.3230663,0.0,0.23119928,3.0371484e-06,0.009121687,0.03697193,-0.2857218
0.2597077,0.09847633,0.08573742,0.2721674,0.0,0.23125613,3.1948514e-06,0.004359106,0.04829277,-0.027827173
0.32500505,0.061653595,0.108489454,0.2469215,0.0,0.21557789,1.0575892e-05,0.0062198923,0.036122058,-0.28988844
0.28198957,0.078813836,0.07401803,0.25373682,0.0,0.2542239,2.4528268e-05,0.0022355572,0.05495775,0.05372999
0.21803609,0.06414779,0.1342813,0.34313288,0.0,0.1790953,7.565461e-06,0.0068643023,0.054434825,-1.2687037
0.3233055,0.07494412,0.07718255,0.22736914,0.0,0.25310838,1.6184937e-06,0.0044531557,0.039635565,-0.0057112947
0.37837985,0.062120896,0.07158983,0.2670831,0.0,0.19555724,2.5289135e-06,0.004943597,0.020323036,-0.040899098
0.28973845,0.06813456,0.11190467,0.2655065,0.0,0.21989527,5.641985e-06,0.008690202,0.036124732,-0.3647308
0.19928603,0.07665446,0.11090182,0.31767517,0.0,0.25452602,1.0388813e-05,0.00787928,0.033066902,-0.027044848
0.41578785,0.085117,0.044539846,0.11951702,0.0,0.26826426,8.524612e-06,0.0056266496,0.06113887,0.036472403
0.25225687,0.080674976,0.0876917,0.26435703,0.0,0.26659298,2.8943355e-06,0.0055843634,0.04283921,-0.038647555
0.45530692,0.05156894,0.020365829,0.083664775,0.0,0.32436997,2.767556e-06,0.004795017,0.059925783,0.0415333
0.2996195,0.08294981,0.079635166,0.23408988,0.0,0.23371391,3.4345474e-05,0.003850523,0.06610683,0.044210844
0.35339576,0.064782195,0.017039364,0.21660864,0.0,0.28261596,8.762316e-06,0.009001687,0.056547675,-0.01860873
0.30154505,0.10476334,0.100128636,0.23586048,0.0,0.21023941,3.1146647e-05,0.005341187,0.0420908,0.028652363
0.28725943,0.06460892,0.10724098,0.2851293,0.0,0.21241017,1.5508377e-06,0.005344914,0.038004734,0.035617404
0.2436591,0.04711608,0.09672493,0.28482544,0.0,0.28068253,7.744291e-06,0.005206863,0.041777413,-0.044873163
0.28135303,0.10201917,0.07279735,0.22002587,0.0,0.27686214,1.9013916e-05,0.005035836,0.041887563,0.058632083
0.3014655,0.065256,0.10039426,0.26686788,0.0,0.22253089,5.499429e-06,0.005884323,0.037595674,-0.046011917
0.25830814,0.10152414,0.081925966,0.23024452,0.0,0.277268,2.77253e-06,0.007681018,0.04304553,0.0035486892
0.35043272,0.13208376,0.07185422,0.13463786,0.0,0.24918006,1.5444775e-05,0.0024628253,0.059333093,0.03213843
0.28544468,0.102005064,0.099477746,0.24490239,0.0,0.2232231,1.4326619e-06,0.0053505683,0.039595015,-0.069001414
0.40332112,0.02511338,0.08761417,0.24863632,0.0,0.21250172,8.514339e-06,0.0063619274,0.01644297,-0.1157976
0.37254536,0.12204,0.037249118,0.11344995,0.0,0.27789825,1.7890026e-05,0.004323409,0.07247596,0.043589465
0.3028973,0.0908108,0.107819445,0.22217973,0.0,0.22773531,1.3117331e-05,0.0045254664,0.044018798,0.04201462
0.31217632,0.071563646,0.08863058,0.29811838,0.0,0.19875214,8.304365e-06,0.0043128817,0.02643784,0.01862248
0.2826701,0.05686726,0.10806588,0.24924162,0.0,0.24706116,2.1966405e-05,0.0070284694,0.049043536,0.047816433
0.33282167,0.12839374,0.05215311,0.11405396,0.0,0.305533,1.7540195e-05,0.020844603,0.046182357,-0.010145962
0.3345863,0.06437638,0.06159344,0.25015193,0.0,0.24183634,1.0234213e-06,0.007482005,0.03997261,-0.03807822
0.12843838,0.06488771,0.13510582,0.3893625,0.0,0.22779031,2.0840505e-07,0.006374035,0.048040997,-0.14333075
0.3648062,0.057880513,0.08012027,0.2665821,0.0,0.20443256,5.1543884e-06,0.005408575,0.02076471,-0.42138764
0.24301186,0.113432765,0.08222655,0.29451472,0.0,0.21115537,2.3765595e-06,0.0076502063,0.04800621,-0.2465803
0.243119,0.07580964,0.09214448,0.2815249,0.0,0.24868843,1.0645249e-05,0.007301893,0.051401094,-0.05725163
0.32004827,0.06793504,0.119335376,0.20659223,0.0,0.23472008,5.6423596e-07,0.0053129806,0.046055485,-0.035552125
0.2633762,0.07299196,0.117084235,0.30516657,0.0,0.20347321,2.6219761e-06,0.008176864,0.0297284,-0.20182174
0.18717378,0.066840395,0.14201608,0.30504885,0.0,0.2469274,9.547701e-06,0.00897638,0.043007575,-0.5623924
0.22702868,0.07005609,0.12894055,0.31237862,0.0,0.20728153,2.9426276e-06,0.0052017206,0.049109876,-0.13065204
0.25959054,0.074880764,0.10909929,0.2653791,0.0,0.23970696,3.3347117e-06,0.0059690084,0.045370925,-0.08779082
0.34352627,0.06134442,0.093521394,0.24223907,0.0,0.21909888,9.150371e-06,0.007508867,0.03275187,-0.052362435
0.3849702,0.16830938,0.009819493,0.03916731,0.0,0.31566772,1.7868466e-05,0.0033504025,0.07869768,0.015307419
0.20332466,0.07946212,0.14196259,0.27505505,0.0,0.24909101,4.6636087e-06,0.00723491,0.043864958,-0.17802006
0.2654228,0.08338432,0.10576869,0.23243475,0.0,0.2830298,5.445031e-06,0.0048765787,0.02507768,-0.08683435
0.2488251,0.06236243,0.10298183,0.3097391,0.0,0.23907079,8.514917e-06,0.0060505676,0.030961704,-0.06924734
0.3735461,0.07122862,0.061864372,0.21494937,0.0,0.2305853,2.6037287e-06,0.008043181,0.03978045,-0.06963276
0.30465642,0.08788055,0.09933373,0.2280047,0.0,0.22654821,6.3562834e-07,0.00625442,0.047321323,-0.054016244
0.4543132,0.065206304,0.04713365,0.17049313,0.0,0.21025294,1.8446111e-07,0.0057676584,0.046833023,-0.016318437
0.26209652,0.061133143,0.13453971,0.3039468,0.0,0.20676872,3.7808888e-06,0.004626482,0.026884876,-0.35194942
0.19912928,0.16429697,0.041098304,0.253188,0.0,0.281544,2.7726379e-05,0.016127896,0.044587724,0.032791935
0.501869,0.07991685,0.0050510564,0.0075999163,0.0,0.31303513,2.6484706e-06,0.0053757965,0.08714956,0.033981957
0.244762,0.0514382,0.12685004,0.2595897,0.0,0.26726517,2.7337026e-06,0.0069466187,0.043145515,-0.03687217
0.2528027,0.096977375,0.05518932,0.25569478,0.0,0.28773537,4.9106893e-06,0.009157538,0.042438094,-0.03756743
0.3782275,0.07817579,0.059605096,0.18171498,0.0,0.26190683,7.7409675e-07,0.004748416,0.035620555,-0.0038701817
0.30212957,0.07376928,0.08641905,0.2384426,0.0,0.23550794,2.0519943e-05,0.0032160499,0.06049498,0.0370579
0.3738082,0.057892274,0.06337428,0.30450606,0.0,0.17205998,8.212985e-07,0.005609432,0.022748875,-0.3547221
0.3562855,0.07687506,0.06527886,0.22521964,0.0,0.24378845,4.3705318e-06,0.0047959667,0.027752174,-0.05780483
0.36219984,0.06044622,0.08886401,0.22774498,0.0,0.2213486,9.123334e-07,0.0050565987,0.034338858,0.043142
0.29992855,0.055410486,0.08833127,0.26986653,0.0,0.24381728,4.3045475e-06,0.0076031582,0.035038404,-0.07798497
0.31065527,0.03337305,0.118334725,0.31031388,0.0,0.19457379,4.0333043e-06,0.0048927455,0.027852435,-0.06022969
0.35495126,0.08145918,0.0789502,0.11888436,0.0,0.31975687,8.036136e-06,0.0043482473,0.041641783,0.04507771
0.2121264,0.07945294,0.11601899,0.3026517,0.0,0.24704081,1.9362118e-05,0.0027804505,0.039909307,0.04519739
0.2196262,0.0610789,0.11292825,0.2792346,0.0,0.28117278,8.229688e-06,0.0077892253,0.03816188,-0.101154774
0.4105745,0.07457554,0.09548846,0.099204004,0.0,0.27169952,2.6917955e-05,0.0036937743,0.044737276,-0.0026369616
0.38058752,0.135437,0.027964653,0.06966751,0.0,0.31675062,1.6021222e-05,0.00562235,0.063954264,0.06709776
0.26636034,0.06498678,0.08239645,0.2520337,0.0,0.280079,2.6126938e-05,0.0011477704,0.052969832,0.022949316
0.34205955,0.047903568,0.069217585,0.2064272,0.0,0.26878464,2.3308896e-05,0.005072069,0.06051206,0.048093386
0.31884235,0.10434071,0.08637086,0.21587555,0.0,0.23461837,2.7979693e-05,0.0027130994,0.03721111,0.039547473
0.31247133,0.10078122,0.090957,0.08006069,0.0,0.3269074,2.530734e-05,0.008930784,0.07986633,0.035568446
0.27590233,0.06887359,0.109358266,0.26670018,0.0,0.24731536,1.0534374e-05,0.0070530907,0.024786614,-0.011261653
0.31900898,0.098681964,0.025858087,0.15538868,0.0,0.32683286,3.0172653e-06,0.008556639,0.065669775,0.004352331
0.3022386,0.13196865,0.062234312,0.16095376,0.0,0.28224662,1.2442609e-05,0.014297684,0.046047937,0.03875696
0.24612974,0.043995537,0.13383505,0.26864612,0.0,0.24055366,8.66139e-06,0.0077661225,0.059065085,-0.07142765
0.30282646,0.053495042,0.07383003,0.20426007,0.0,0.29273748,1.1579894e-05,0.008654207,0.06418512,0.008687913
0.23894286,0.12084613,0.05491217,0.22995594,0.0,0.28272033,3.569803e-05,0.008789137,0.06379783,0.01477015
0.25217968,0.06450094,0.13649085,0.2931042,0.0,0.21076438,5.59038e-06,0.004335207,0.038619146,-0.08016499
0.24861099,0.04882929,0.08106197,0.33401147,0.0,0.23659104,3.9274437e-06,0.0073492806,0.04354208,-0.12680438
0.23072754,0.08799281,0.11101604,0.30857396,0.0,0.20894723,2.3236926e-06,0.0077619404,0.044978246,-0.38240793
0.3267221,0.101341076,0.05860262,0.2190272,0.0,0.23878488,1.5747811e-06,0.006828559,0.048692018,-0.0420131
0.35826257,0.111844614,0.030755593,0.0378846,0.0,0.3831126,2.760851e-05,0.011066522,0.06704583,0.05554475
0.4325167,0.06440858,0.02504555,0.013534249,0.0,0.38744158,1.1887035e-05,0.013931774,0.06310972,0.016329825
0.34841594,0.11490806,0.046272624,0.057345815,0.0,0.35563812,5.4535117e-06,0.0069645685,0.070449464,0.010260843
0.43583998,0.07966397,0.036187418,0.023018163,0.0,0.35194987,7.4657964e-06,0.008908635,0.064424425,0.018491067
0.23898622,0.078007065,0.1102638,0.29923296,0.0,0.23015232,7.88175e-06,0.006690236,0.036659405,-0.054446522
0.34169132,0.108858876,0.04840227,0.19722009,0.0,0.2474388,8.238063e-06,0.0070915436,0.04928885,0.0017107725
0.40369245,0.06412777,0.004951038,0.103927344,0.0,0.32560077,2.565143e-05,0.013137906,0.08453706,-0.0020322725
0.30170828,0.054246318,0.084357806,0.25930518,0.0,0.25808552,1.7957876e-07,0.0063287574,0.035968013,-0.044809192
0.28627715,0.09506878,0.088867754,0.22874582,0.0,0.24900232,3.2516717e-05,0.0025829189,0.049422666,9.1046095e-06
0.3668094,0.124864064,0.043024797,0.009830367,0.0,0.38341296,2.3821796e-05,0.009652468,0.06238211,-0.002266489
0.3355698,0.14093165,0.103455946,0.13680145,0.0,0.23832239,2.2547576e-05,0.00881834,0.036077842,0.010510169
0.45167348,0.0795422,0.0023573488,0.030484853,0.0,0.36896873,1.55247e-05,0.003909059,0.06304882,0.0060340837
0.41301265,0.06688846,0.032358024,0.049389075,0.0,0.3736127,3.272781e-05,0.008199294,0.056507025,-0.029727966
0.25593323,0.08069075,0.116588645,0.20215425,0.0,0.29550278,2.1342835e-06,0.007510993,0.041617222,0.0032120273
0.23724464,0.07041298,0.08457088,0.28749093,0.0,0.25514457,9.645727e-07,0.006219445,0.05891559,0.024814703
0.4206594,0.07576496,0.07730065,0.0,0.0,0.34699252,1.2085818e-05,0.0078824535,0.07138788,0.015036732
0.24903479,0.06444089,0.12453451,0.2337151,0.0,0.27754027,2.9381206e-06,0.0055776117,0.04515383,-0.022766251
0.35017833,0.10439061,0.060615614,0.2282225,0.0,0.19867708,1.5639263e-05,0.0035418484,0.05435837,0.009798653
0.42753175,0.0870581,0.044231713,0.098238096,0.0,0.2726427,1.44177975e-05,0.006401487,0.063881725,0.012583539
0.3239579,0.111090384,0.052913778,0.21529712,0.0,0.2511417,2.7743688e-05,0.001374157,0.04419722,0.037679873
0.23777889,0.1400977,0.093959086,0.21892667,0.0,0.24187414,3.3346612e-05,0.0013010353,0.06602915,0.013711296
0.2923064,0.1321076,0.044971555,0.09291492,0.0,0.36629304,1.7851606e-07,0.021806486,0.04959984,0.039194517
0.43556038,0.07213266,0.052893076,0.045046203,0.0,0.32279828,3.2618613e-07,0.011014878,0.060554165,0.013775833
0.25102943,0.084018886,0.09877712,0.28799546,0.0,0.23257475,4.8574097e-06,0.0057563507,0.039843142,-0.0013626367
0.28695923,0.085584834,0.102063656,0.20472808,0.0,0.2700593,2.0411493e-05,0.004349618,0.046234824,0.045151405
0.46641225,0.09695753,0.039368395,0.003268122,0.0,0.3322603,1.3747148e-05,0.007861943,0.05385769,0.02765581
0.38419026,0.0968933,0.018023862,0.14968051,0.0,0.29963747,1.4842264e-05,0.006332838,0.045226824,0.038671166
0.36744538,0.114645064,0.0411861,0.011365044,0.0,0.37393656,8.856152e-06,0.011819523,0.079593375,0.04069739
0.29239815,0.072109506,0.09974611,0.28148445,0.0,0.22338106,7.667321e-06,0.004509868,0.026363155,-0.055469677
0.31646848,0.15887855,0.06510847,0.13906498,0.0,0.2583202,1.5191234e-05,0.008997796,0.053146355,0.05417245
0.24209379,0.09146655,0.10870604,0.28261948,0.0,0.2326496,2.7729153e-05,0.0030680592,0.0393688,0.027062304
0.42852947,0.09618938,0.033029318,0.23580965,0.0,0.17859384,3.937024e-06,0.0081220325,0.019722434,-0.064278446
0.38879657,0.11081459,0.033175875,0.081823975,0.0,0.3032042,1.3148007e-05,0.0053856964,0.07678597,0.036720283
0.2964016,0.07622589,0.10353799,0.20621647,0.0,0.26734754,7.0613532e-06,0.006708875,0.043554503,-0.23942962
0.41231987,0.09070853,0.043469623,0.20349666,0.0,0.21356054,8.61649e-07,0.00937799,0.027065855,-0.24875212
0.3413198,0.08360349,0.0927546,0.23684497,0.0,0.20327483,5.616387e-06,0.006470555,0.035726223,-0.17594756
0.31631827,0.10409744,0.052219152,0.30402783,0.0,0.19244054,1.2044064e-06,0.0059207054,0.024974857,-0.046341714
0.3946881,0.12970918,0.03830085,0.21578886,0.0,0.18521386,4.672895e-06,0.0050334358,0.031260997,-0.037742272
0.4126831,0.058039337,0.0072055897,0.25314352,0.0,0.20857485,1.8071621e-06,0.008208577,0.052143205,-0.053726353
0.32587782,0.09213249,0.10159676,0.22694509,0.0,0.2190359,2.9526507e-06,0.013245179,0.021163926,-1.1803957
0.29241383,0.07534622,0.09665862,0.28367013,0.0,0.21068977,6.104415e-06,0.005178893,0.036036406,-0.20054707
0.31291083,0.05550076,0.108228564,0.27090776,0.0,0.20715217,1.8066077e-06,0.00907104,0.036226984,-0.56840867
0.23743181,0.06336703,0.11099654,0.3611926,0.0,0.16883975,1.9627528e-06,0.0074880314,0.050682183,-1.170758
0.26447242,0.085281774,0.11952132,0.291461,0.0,0.19170597,5.4469388e-06,0.009092973,0.038459122,-0.6687565
0.31101355,0.07618146,0.11676195,0.25646466,0.0,0.20523973,4.2856086e-06,0.010631331,0.023703024,-0.28648943
0.29707488,0.059879128,0.12252368,0.28305474,0.0,0.19942854,5.353015e-06,0.00919937,0.028834363,-0.11854021
0.32829735,0.09256476,0.04971492,0.28688315,0.0,0.21996988,4.7809167e-06,0.008937175,0.0136279445,-0.13576634
0.24484923,0.053489365,0.11866408,0.30686197,0.0,0.23971732,7.188606e-06,0.009009405,0.027401414,-0.5768278
0.32431918,0.057204857,0.07936879,0.27886897,0.0,0.21728101,3.882634e-06,0.005495178,0.037458178,-0.15988848
0.29554555,0.059212744,0.10111746,0.27601197,0.0,0.21808676,1.1474742e-06,0.0068330728,0.043191306,-0.11792324
0.32281724,0.07310945,0.09957818,0.2390751,0.0,0.21657367,8.084216e-06,0.007000941,0.041837383,-0.47046563
0.3335593,0.060960006,0.12296727,0.24717201,0.0,0.19150406,4.28973e-06,0.0069364393,0.036896646,-0.2912812
0.30610317,0.09129963,0.102728404,0.22846207,0.0,0.21356134,5.93282e-06,0.006508097,0.051331397,-0.3810436
0.34720477,0.06846154,0.09418727,0.23574993,0.0,0.21583933,5.165137e-06,0.007955046,0.030597033,-0.57982016
0.46813315,0.058827385,0.06550458,0.19065416,0.0,0.18743512,7.971698e-06,0.0076600257,0.02177768,-0.513727
0.40975845,0.093302265,0.020786347,0.014567849,0.0,0.37076306,1.1917876e-05,0.007351125,0.083458975,0.055500604
0.37971428,0.09627054,0.058390435,0.15791304,0.0,0.25679418,7.785356e-06,0.006943196,0.043966457,0.038073517
0.30148613,0.050080545,0.12080291,0.30138424,0.0,0.17347194,8.363682e-06,0.0063119065,0.04645391,-1.2891395
0.3663407,0.045295987,0.08434727,0.25519094,0.0,0.21919417,6.8963213e-06,0.0049032345,0.024720756,-0.079215676
0.41896638,0.06504211,0.077250324,0.2470329,0.0,0.16806644,9.067565e-06,0.0053544235,0.018278446,-0.13086879
0.4440836,0.0793515,0.05935463,0.04284204,0.0,0.3178847,1.0361393e-06,0.008723105,0.047759395,-0.0108064115
0.30523783,0.058466174,0.09094859,0.26595792,0.0,0.24481755,8.291931e-06,0.006989498,0.027574068,-0.5954188
0.2563219,0.080379404,0.1311,0.21348087,0.0,0.2626496,6.9795733e-06,0.0100809075,0.04598034,-0.52573216
0.1659108,0.057534073,0.173443,0.3168031,0.0,0.2176697,6.09763e-06,0.008650185,0.059983023,-0.98553234
0.27238032,0.054484144,0.13135394,0.28004405,0.0,0.2231263,4.161199e-06,0.009007521,0.029599585,-0.751688
0.2891845,0.0692082,0.102284975,0.21722752,0.0,0.25493678,1.2769858e-06,0.009112508,0.05804431,-1.0116843
0.26404983,0.09628691,0.10344416,0.24243802,0.0,0.23536266,3.3331444e-06,0.011934494,0.04648064,-0.755999
0.27080724,0.0957881,0.09205977,0.27391556,0.0,0.22754592,7.910669e-06,0.007726595,0.03214895,-0.37853
0.25432292,0.08258517,0.10585029,0.26810333,0.0,0.23170441,5.358343e-07,0.007498111,0.04993522,-1.0333431
0.29965922,0.051535532,0.134056,0.25664806,0.0,0.21350794,5.2360856e-06,0.0075956653,0.03699232,-0.9778345
0.30977964,0.053963058,0.06634638,0.24339736,0.0,0.2657572,3.2851617e-06,0.006974854,0.053778145,-0.040773734
0.32341415,0.10353069,0.095036395,0.2336772,0.0,0.21412668,2.9278972e-06,0.0060356325,0.024176335,-0.069593444
0.26136452,0.11568121,0.067454,0.2321657,0.0,0.26551834,2.5165684e-05,0.004403093,0.053387992,0.064833306
0.30264682,0.041642893,0.10006372,0.21492854,0.0,0.29780495,1.2136298e-06,0.006562672,0.03634922,0.0134627
0.21550745,0.049311012,0.15016529,0.33103827,0.0,0.2029129,3.045052e-07,0.0057209767,0.045343798,-0.40357155
0.25198308,0.09225268,0.10098736,0.2886949,0.0,0.21719849,4.3024884e-06,0.008229571,0.0406496,-0.23556924
0.18713748,0.113206424,0.101513036,0.28376085,0.0,0.2685503,1.3190999e-05,0.005883516,0.039935146,-0.24307361
0.23307028,0.04264336,0.1394337,0.30647033,0.0,0.24097516,4.0006335e-06,0.005321917,0.032081265,-0.13737458
0.2333534,0.05581386,0.08337112,0.1872556,0.0,0.40937397,1.698733e-05,0.00701273,0.023802271,0.07560996
0.2780383,0.060481634,0.04811127,0.014647352,0.0,0.55846566,6.924259e-06,0.007811655,0.03243716,0.06995682
0.22381626,0.07300056,0.012431431,0.17318027,0.0,0.48093912,1.1608648e-05,0.010695528,0.025925247,0.09609348
0.17733638,0.056228194,0.069030024,0.2517077,0.0,0.38236165,1.1081832e-05,0.008320146,0.055004764,-0.6166064
0.25582924,0.06703452,0.06490616,0.04590309,0.0,0.49408126,1.6113245e-05,0.010757491,0.06147213,0.072598256
0.22243737,0.047923762,0.08887194,0.21365206,0.0,0.38552865,1.4557935e-06,0.013005245,0.028579516,0.06230352
0.27832338,0.08598583,0.041640937,0.17532323,0.0,0.3805722,5.045e-07,0.010790367,0.027363552,0.050874792
0.18635896,0.08332365,0.08897156,0.2111849,0.0,0.37940472,4.5434704e-06,0.010225791,0.04052583,0.049372695
0.32694152,0.07446599,0.060140226,0.11488434,0.0,0.38324124,8.015418e-06,0.02364303,0.016675653,0.05459375
0.21139665,0.05867206,0.07951379,0.21356507,0.0,0.38768536,3.7391354e-07,0.016083922,0.03308283,0.059058495
0.236014,0.1094483,0.072087124,0.1315887,0.0,0.3969398,2.0742174e-05,0.008565424,0.0453359,0.07579427
0.25396472,0.07453286,0.079164185,0.27957648,0.0,0.2839262,4.841211e-06,0.005012371,0.023818402,0.027053826
0.2268462,0.072855964,0.09942127,0.26819938,0.0,0.31357858,7.4186137e-06,0.005206041,0.013885139,0.01558464
0.3050176,0.049158674,0.09586291,0.17830737,0.0,0.3171614,7.4023915e-06,0.014639221,0.039845455,0.068460084
0.19270985,0.08318373,0.09258512,0.0019623407,0.0,0.5699955,1.613726e-07,0.017258637,0.042304646,0.091721036
0.19261879,0.094442256,0.10447448,0.21186735,0.0,0.35006127,1.0786923e-05,0.0093089575,0.03721618,0.06516751
0.27126324,0.063134454,0.07715174,0.09344076,0.0,0.44524622,5.922785e-06,0.004639677,0.045117944,0.070389904
0.24631715,0.11986548,0.008968197,0.09933868,0.0,0.46262518,1.6953023e-05,0.014000645,0.048867784,0.08276049
0.3001846,0.08902,0.030096836,0.13861376,0.0,0.40380365,6.7462165e-06,0.0100084795,0.028265998,0.06604033
0.2561916,0.14119403,0.059432097,0.19182174,0.0,0.31530982,1.1976179e-05,0.006111997,0.029926633,0.042394944
0.28160328,0.10825199,0.051066227,0.16229662,0.0,0.36306438,3.4198754e-06,0.011037735,0.02267635,0.053411588
0.2557027,0.07397163,0.034928445,0.1648973,0.0,0.43485877,1.1943497e-06,0.016937844,0.01870205,0.06093978
0.259761,0.060965225,0.08123256,0.16617705,0.0,0.39110276,2.0557304e-06,0.011874444,0.028884877,0.071277924
0.3021429,0.07419922,0.06949706,0.1636799,0.0,0.34005564,5.5258447e-06,0.012546534,0.037873212,0.06000691
0.27718621,0.09518871,0.055847146,0.060963728,0.0,0.46329144,6.326786e-06,0.0068953084,0.04062108,0.069029875
0.28547886,0.057012007,0.04513213,0.14634518,0.0,0.4267184,4.3015534e-06,0.021206783,0.0181022,0.064862125
0.21373175,0.062283855,0.04409974,0.1371098,0.0,0.49015513,6.833904e-06,0.0082541285,0.044358775,0.0671827
0.17857313,0.026423398,0.098644316,0.31113607,0.0,0.34471482,8.825448e-06,0.0058809663,0.0346185,0.04901205
0.2845266,0.04766321,0.06725068,0.13937317,0.0,0.4118839,3.4506174e-06,0.014522719,0.03477633,0.05633641
0.25320026,0.10604464,0.0712952,0.110069506,0.0,0.4120998,5.4378515e-06,0.010390476,0.036894716,0.07059205
0.21285719,0.093393505,0.056461502,0.11880664,0.0,0.48695588,8.463284e-06,0.010685511,0.020831324,0.04790871
0.296498,0.055948712,0.047355913,0.17491356,0.0,0.39725113,4.5191787e-06,0.010503475,0.01752466,0.044120885
0.2176291,0.07655797,0.06764385,0.24380964,0.0,0.3625034,1.0049291e-05,0.010055991,0.021790018,0.044486098
0.20852053,0.073887646,0.08809983,0.17565928,0.0,0.41886932,5.602451e-06,0.0098697115,0.02508804,0.06645689
0.30154136,0.071039096,0.04150463,0.06058063,0.0,0.48868272,9.592609e-06,0.017686233,0.018955842,0.07331442
0.31925562,0.056709826,0.021826195,0.058511727,0.0,0.5035342,2.1651026e-06,0.009272929,0.030887308,0.07778897
0.24999101,0.053313777,0.05989757,0.12555772,0.0,0.46689695,7.0239203e-06,0.0038330036,0.04050289,0.059967317
0.27763554,0.065874785,0.035637707,0.025676092,0.0,0.5483762,7.172567e-06,0.0146842,0.032108266,0.0776171
0.21705242,0.08684609,0.058760818,0.19742028,0.0,0.40280673,1.5342073e-06,0.011192263,0.025919965,0.06899906
0.21380503,0.0449464,0.10056775,0.2554553,0.0,0.3367897,1.6959402e-05,0.011134483,0.037284374,0.07101879
0.23078722,0.07636099,0.086810544,0.17256498,0.0,0.3947905,7.761603e-06,0.010294625,0.028383397,0.075637944
0.21635999,0.09594855,0.058188822,0.22732307,0.0,0.36992663,1.4359887e-05,0.0100123305,0.02222626,0.05958862
0.2717909,0.077460445,0.00062027556,0.14819078,0.0,0.47467175,2.8535287e-06,0.010631683,0.01663132,0.06663277
0.25184336,0.04933311,0.04654558,0.12353199,0.0,0.4929504,5.227321e-07,0.016342381,0.019452592,0.09600047
0.21550421,0.06262106,0.06630246,0.17508304,0.0,0.44869015,2.3585549e-06,0.008552268,0.023244506,0.05288834
0.19826657,0.043441713,0.071277626,0.25672007,0.0,0.3895278,7.718641e-06,0.010661516,0.030097019,0.053625308
0.26502934,0.04823226,0.0929824,0.17638122,0.0,0.3628036,1.183079e-05,0.008562465,0.04599697,0.08493481
0.16926837,0.03454435,0.092421114,0.29075477,0.0,0.38389963,1.973443e-06,0.0057424973,0.02336723,0.062008567
0.21017724,0.04735934,0.058133423,0.12610248,0.0,0.51511574,2.2912589e-06,0.013517119,0.029592307,0.10352398
0.23562743,0.07573943,0.08069251,0.13882995,0.0,0.43948016,1.2118111e-05,0.009529992,0.020088445,0.060938887
0.2741746,0.09319412,0.056853123,0.14146724,0.0,0.40759915,1.1898049e-05,0.011248433,0.0154514825,0.045514055
0.24940845,0.049750835,0.05494306,0.22980748,0.0,0.40129167,3.319881e-06,0.013459117,0.0013361642,0.061884888
0.23017392,0.10173537,0.0027356418,0.15270941,0.0,0.47990924,1.4978585e-06,0.00887869,0.02385617,0.06497263
0.24528,0.060086723,0.09551801,0.1507045,0.0,0.41768214,7.5128705e-06,0.009157741,0.021563396,0.06380809
0.30466348,0.042706747,0.016277224,0.09462887,0.0,0.4930432,5.5074083e-06,0.014332834,0.034342088,0.07494659
0.21770422,0.07957359,0.043293387,0.25712985,0.0,0.36270908,3.8083986e-06,0.007693629,0.03189252,0.049283035
0.25297728,0.106023125,0.073563725,0.1976906,0.0,0.3436293,5.1073685e-06,0.010230221,0.0158806,0.08193473
0.35185862,0.09484567,0.031902242,0.0040197433,0.0,0.4639933,1.3878034e-06,0.00952548,0.043853592,0.0687638
0.24946016,0.040484585,0.060126726,0.24678741,0.0,0.36600178,5.696559e-07,0.011923898,0.0252148,0.081414975
0.22647735,0.061534595,0.07779712,0.07530216,0.0,0.51490706,8.666326e-06,0.013311086,0.030661914,0.027488984
0.20933463,0.08772112,0.07151772,0.16379716,0.0,0.43518665,5.1909747e-06,0.010693798,0.02174373,0.05210165
0.23415966,0.066363744,0.11665921,0.21230079,0.0,0.32974598,6.623745e-07,0.007815469,0.03295452,0.0567689
0.21973248,0.06575374,0.10659495,0.1956827,0.0,0.36912102,2.1802769e-06,0.006079441,0.03703349,0.07024891
0.29199812,0.104056574,0.008583423,0.038349327,0.0,0.5142574,1.6174109e-06,0.010364876,0.032388624,0.08984064
0.31746647,0.07271575,0.018596644,0.106354386,0.0,0.4459297,3.35481e-06,0.0116532305,0.027280357,0.078122385
0.24473433,0.048712093,0.08237056,0.19100876,0.0,0.39518738,3.573036e-06,0.011569235,0.026414027,0.062653475
0.25389242,0.036581602,0.053138234,0.17647325,0.0,0.43950048,6.4713336e-06,0.014029866,0.026377758,0.06285564
0.214678,0.07387933,0.05026755,0.27166575,0.0,0.35884607,8.689476e-06,0.011091737,0.019562827,0.027896501
0.28905338,0.045392826,0.09236007,0.15957531,0.0,0.37464756,6.2566176e-07,0.010653699,0.028316507,0.06689469
0.2791239,0.05994206,0.0070815864,0.11267634,0.0,0.48809665,7.925966e-06,0.013548289,0.039523333,0.07571002
0.2510242,0.09710025,0.080530085,0.18787204,0.0,0.34503946,1.2690692e-06,0.006943885,0.031488884,0.061167873
0.20113042,0.06384533,0.09892537,0.23481286,0.0,0.36122775,1.3929015e-05,0.0074763014,0.032568075,0.056151874
0.35728204,0.0528429,0.022146242,0.08315679,0.0,0.42452177,8.547771e-06,0.010034478,0.05000729,0.097990505
0.21673599,0.11521646,0.01810674,0.024534797,0.0,0.55039644,2.624548e-06,0.012974398,0.062032513,0.07173557
0.22681877,0.09368736,0.10698977,0.1849456,0.0,0.33864424,7.181692e-06,0.016701844,0.032205254,0.062421806
0.24013564,0.10146174,0.07048243,0.11218767,0.0,0.4417031,4.83767e-06,0.010376715,0.023647852,0.068024464
0.22010575,0.048635814,0.06615234,0.23635104,0.0,0.39106637,1.4053694e-06,0.008891612,0.028795667,0.06528608
0.37094492,0.08629137,0.020201018,0.030065103,0.0,0.4514229,3.9402257e-06,0.0047299624,0.036340773,0.0659324
0.25493535,0.0708669,0.040103875,0.16621473,0.0,0.41926998,1.43968255e-05,0.012784302,0.03581044,0.07365713
0.23910685,0.060248427,0.016109059,0.15268914,0.0,0.49199617,6.4762007e-06,0.015484515,0.024359416,0.07744586
0.23089111,0.12270107,0.03708855,0.071030565,0.0,0.4835527,5.938007e-06,0.010607164,0.044122905,0.07571467
0.26532614,0.12118373,0.03409996,0.01590259,0.0,0.5144106,6.2914037e-06,0.013035255,0.036035407,0.07591527
0.2346889,0.06747596,0.07163405,0.116036154,0.0,0.47594947,3.922358e-06,0.010985055,0.023226518,0.08843496
0.2177364,0.06895966,0.089732125,0.17563939,0.0,0.41334125,8.41588e-06,0.008682262,0.025900511,0.0695237
0.25551695,0.07147,0.10559992,0.12064753,0.0,0.4002025,3.6638103e-05,0.012330288,0.034196127,0.033337384
0.3050906,0.117797524,0.017622754,0.049220186,0.0,0.4536423,2.1902051e-05,0.013065202,0.043539613,0.06609211
0.27277437,0.09097022,0.03930509,0.15841812,0.0,0.38488638,1.8198865e-05,0.0092098685,0.044417758,0.052843012
0.33998695,0.07441307,0.017520836,0.09198582,0.0,0.42408964,1.6168768e-05,0.017803656,0.03418389,0.0960748
0.372568,0.03980646,0.004572241,0.053124204,0.0,0.49624595,1.2138551e-06,0.016161665,0.017520187,0.08556815
0.2822686,0.060603708,0.041902706,0.12819988,0.0,0.43771487,2.3110531e-05,0.008490495,0.040796604,0.0606175
0.25786185,0.08128932,0.059590295,0.20590353,0.0,0.3413538,1.5162466e-05,0.0144046815,0.039581347,0.07700936
0.2117768,0.054324932,0.13202956,0.23517182,0.0,0.3383329,7.3221313e-06,0.0026305886,0.025726067,0.04810506
0.3065457,0.04858355,0.074273646,0.22783877,0.0,0.3018276,4.075505e-06,0.009873543,0.031053176,0.06617618
0.26483923,0.06822308,0.08715655,0.09772233,0.0,0.46529803,2.684363e-06,0.0044607455,0.012297369,0.06493933
0.25995818,0.12071721,0.029463835,0.043320168,0.0,0.4998043,8.413042e-06,0.014634593,0.03209326,0.08227385
0.26326996,0.1133787,0.0026704404,0.040174186,0.0,0.5530926,1.0318595e-05,0.009921849,0.017481903,0.08095177
0.26352546,0.066939496,0.06550246,0.12497419,0.0,0.4285688,7.0768783e-06,0.011622523,0.038860045,0.04915028
0.3111829,0.1090944,0.04773569,0.0919674,0.0,0.4030555,6.480184e-06,0.008157101,0.028800499,0.070775904
0.29831272,0.08659783,0.007921667,0.021055175,0.0,0.54113984,8.672916e-07,0.022019245,0.02295258,0.07268054
0.25126842,0.06285346,0.099301234,0.10410207,0.0,0.4476651,5.914598e-06,0.010568533,0.024235269,0.06320379
0.27484587,0.042080175,0.05781203,0.16315134,0.0,0.41239578,1.2455783e-05,0.012569254,0.037133113,0.070706405
0.23273675,0.10698421,0.03919456,0.10731334,0.0,0.47857568,8.033185e-06,0.01511445,0.020072924,0.07599261
0.2080999,0.060629558,0.13147737,0.16868971,0.0,0.38927767,1.7850147e-05,0.0014510263,0.040356897,0.053526506
0.3219442,0.080685206,0.086388275,0.0949735,0.0,0.37733302,2.0010843e-06,0.015852302,0.022821415,0.065747865
0.2763266,0.06627269,0.09243502,0.16088466,0.0,0.3945025,9.777989e-06,0.004052934,0.005515776,0.073635764
0.31809413,0.05473161,0.026073622,0.12514117,0.0,0.43479386,9.07659e-06,0.011133989,0.030022524,0.11132903
0.23760775,0.07175695,0.04454493,0.15443194,0.0,0.44651586,1.30530625e-05,0.011905769,0.03322377,0.06651785
0.32033736,0.078304216,0.0057436405,0.01425002,0.0,0.55626285,5.107202e-06,0.016448542,0.00864829,0.08168853
0.29623708,0.08511966,0.039503384,0.13376214,0.0,0.38707858,2.0062755e-05,0.004924588,0.05335449,0.046302743
0.25725988,0.0639124,0.021404501,0.18824758,0.0,0.43549636,2.676941e-06,0.006179833,0.027496772,0.06186945
0.3278329,0.03831117,0.05282898,0.18992484,0.0,0.3722792,8.827511e-06,0.011577737,0.0072363503,0.045796238
0.24290258,0.0973303,0.07195217,0.20598878,0.0,0.33579957,5.540922e-06,0.012384646,0.033636402,0.08793468
0.30749235,0.07725065,0.07942407,0.06834414,0.0,0.43595287,5.73675e-07,0.0066734445,0.024861908,0.05739837
0.2731452,0.085813835,0.028562289,0.101227745,0.0,0.45891446,6.885129e-06,0.008087738,0.044241983,0.065837584
0.23029254,0.07990816,0.0953368,0.21726824,0.0,0.3460668,5.0844997e-06,0.005129258,0.025993152,0.060966037
0.28883725,0.060392395,0.008407074,0.06804992,0.0,0.509985,1.24226535e-05,0.013120065,0.05119586,0.0752498
0.22921054,0.077812254,0.044794116,0.20208776,0.0,0.40881228,1.2208128e-05,0.007024386,0.030246424,0.08586381
0.24824932,0.038711723,0.08759867,0.113544695,0.0,0.45017332,2.6865726e-05,0.015200292,0.046495125,0.03546393
0.30378902,0.06003734,0.040135413,0.11568859,0.0,0.43298045,1.135958e-05,0.013467462,0.03389028,0.032652415
0.28828582,0.055064067,0.038750544,0.056887634,0.0,0.4904784,1.9800163e-05,0.013143499,0.057370238,0.0537595
0.19601502,0.09766893,0.056003485,0.20366071,0.0,0.40193427,1.3347377e-05,0.006997754,0.037706535,0.07089733
0.28639698,0.051016234,0.0673905,0.18288974,0.0,0.3745913,1.9391035e-05,0.008693479,0.029002495,0.034201525
0.3182529,0.06206324,0.07788069,0.14972912,0.0,0.35400623,1.6412387e-05,0.011461276,0.02659017,0.046613254
0.34916234,0.08414342,0.07690512,0.008895846,0.0,0.46218127,2.5035572e-06,0.0047745435,0.013934905,0.0602457
0.24477799,0.07237161,0.0360564,0.19551705,0.0,0.4083371,1.401846e-05,0.005306224,0.03761964,0.03796407
0.24833922,0.087457225,0.08326614,0.1376209,0.0,0.3952329,8.04759e-06,0.013649452,0.03442609,0.053835876
0.24613991,0.0733338,0.074258365,0.054169547,0.0,0.48483786,2.981963e-05,0.010760108,0.056470595,0.059247486
0.22065149,0.07587166,0.10976821,0.185446,0.0,0.37434146,3.769273e-07,0.0041880202,0.029732745,0.05875399
0.23788325,0.03486639,0.040363695,0.11458828,0.0,0.5053319,1.1524672e-05,0.016410913,0.050544053,0.047061853
0.18347861,0.07880566,0.10868385,0.11144141,0.0,0.45143875,1.4271384e-05,0.0104584955,0.05567899,0.06996266
0.29014987,0.10947942,0.0077637425,0.111700155,0.0,0.41975015,2.5674772e-05,0.014504798,0.04662614,0.042162783
0.25636086,0.07361278,0.050044935,0.14896224,0.0,0.41461512,1.2994874e-05,0.014326302,0.042064693,0.092044406
0.22760569,0.06666465,0.03406035,0.13262397,0.0,0.4932319,1.6643524e-05,0.0047994964,0.040997297,0.047741763
0.28012273,0.055583313,0.074178845,0.17701086,0.0,0.36278495,2.321223e-05,0.013954684,0.036341313,0.05549234
0.17309313,0.04726294,0.07554184,0.3377179,0.0,0.34141296,5.8377445e-06,0.008881056,0.016084304,0.05143272
0.1652996,0.04685528,0.1045448,0.29070455,0.0,0.34390086,7.718063e-06,0.007615372,0.0410718,0.02340877
0.28111836,0.08106563,0.059675444,0.113821484,0.0,0.41636595,7.434206e-06,0.007503785,0.04044186,0.06839015
0.19207963,0.07216468,0.06236629,0.20161037,0.0,0.42610663,1.38983605e-05,0.012777498,0.032880947,-0.2206316
0.19793688,0.045144886,0.09347386,0.22859417,0.0,0.4022012,2.2760712e-06,0.00788642,0.024760326,0.050681196
0.16609529,0.05157976,0.11212211,0.2163441,0.0,0.4276946,1.2685298e-05,0.0074803447,0.018671138,0.05305232
0.1408322,0.10711408,0.091167055,0.2583525,0.0,0.37663695,8.733362e-06,0.009915841,0.015972653,0.03458696
0.19871522,0.053168908,0.075005874,0.24012324,0.0,0.38336354,1.373666e-06,0.010582917,0.039038844,0.03183469
0.21974058,0.06246528,0.0474125,0.30532083,0.0,0.3349517,7.6016368e-06,0.0121333115,0.01796816,0.03416834
0.20725402,0.09292137,0.031050019,0.2334382,0.0,0.41429365,1.1136393e-05,0.010531616,0.010499939,0.048727877
0.17047842,0.08340172,0.08739178,0.23514265,0.0,0.38864386,8.999658e-06,0.0093606375,0.025571948,0.0521999
0.19396901,0.066975534,0.085772,0.20963007,0.0,0.40995497,6.959336e-06,0.01346791,0.020223526,0.047833584
0.26736593,0.048848677,0.030640159,0.16929261,0.0,0.45049983,8.59325e-06,0.012478792,0.020865336,0.048053212
0.30600262,0.10806111,5.3107844e-05,0.11334165,0.0,0.4370533,4.472868e-06,0.010865881,0.024617814,0.013080172
0.30422774,0.10453592,0.0095532,0.16096066,0.0,0.38043782,4.4847934e-06,0.0097842915,0.030495845,0.04102221
0.21061394,0.06002661,0.071684174,0.27388316,0.0,0.35915673,8.818247e-06,0.008782613,0.015843967,0.050052166
0.23839022,0.056761008,0.06976273,0.08723083,0.0,0.5228127,7.237785e-06,0.01046303,0.014572229,0.049769357
0.23580274,0.06097524,0.07493767,0.17223328,0.0,0.423812,5.3378444e-06,0.010593325,0.02164042,0.045008413
0.21130972,0.06374556,0.032111302,0.18993883,0.0,0.4712736,1.2371719e-07,0.010910927,0.020709896,0.052626677
0.24021597,0.07494018,0.051942747,0.14832655,0.0,0.42964217,5.4216484e-06,0.0186086,0.0363184,0.056007706
0.28297237,0.06284175,0.07708817,0.11209778,0.0,0.42404386,6.2484887e-06,0.010105436,0.030844348,0.047509767
0.18766014,0.075746186,0.086849526,0.21361782,0.0,0.39364615,1.7022757e-06,0.011402453,0.031076001,0.069690414
0.28952172,0.10366293,0.05153885,0.10117217,0.0,0.42981583,5.9244676e-06,0.00886581,0.01541675,0.08768747
0.2923124,0.05996168,0.062077455,0.009394649,0.0,0.5335957,1.513339e-05,0.007475446,0.035167463,0.07521958
0.2197754,0.04276928,0.09837496,0.25413838,0.0,0.3578824,1.3850971e-06,0.009983703,0.017074514,0.07138718
0.18112439,0.056881785,0.069038294,0.24406435,0.0,0.40663743,4.57615e-06,0.011402246,0.03084691,0.063679464
0.221985,0.09992961,0.066519685,0.11325401,0.0,0.45686534,8.8395645e-06,0.013198587,0.028238943,0.013942316
0.24702618,0.0633837,0.030566465,0.18992697,0.0,0.43521512,3.2066475e-06,0.013779899,0.020098528,0.05464816
0.23597753,0.048200708,0.0632914,0.21637936,0.0,0.4182436,6.0490433e-06,0.011667984,0.006233379,0.056635223
0.2891692,0.076637216,0.09699875,0.11013624,0.0,0.38238657,4.505055e-06,0.008648647,0.036018964,0.055851035
0.24806455,0.07180666,0.057956252,0.09403232,0.0,0.501149,4.4481676e-06,0.014340743,0.012646077,0.05321922
0.23552355,0.052133076,0.06781011,0.17038842,0.0,0.44638425,6.483346e-06,0.0119016515,0.015852474,0.019638374
0.29115722,0.06305728,0.040796787,0.1609559,0.0,0.42124823,2.168275e-06,0.010165649,0.012616756,0.0549391
0.27801022,0.06495206,0.060204238,0.22890921,0.0,0.3326988,7.822413e-06,0.009319536,0.025898116,0.022089794
0.25673348,0.09154771,0.03881111,0.054996494,0.0,0.528535,1.396745e-05,0.013521345,0.015840864,0.017291285
0.2542768,0.08160373,0.071098894,0.14537513,0.0,0.4096981,6.700151e-06,0.009998405,0.027942242,0.06270642
0.28712764,0.06086863,0.05100802,0.19347896,0.0,0.3891749,6.326787e-06,0.00977752,0.008557978,0.026133925
0.24731883,0.05354388,0.07736833,0.17708847,0.0,0.4163168,6.4654214e-06,0.011629273,0.01672805,0.05503363
0.35719395,0.07215999,0.07950124,0.039008964,0.0,0.41696927,2.7260758e-06,0.007890697,0.027273118,0.05732385
0.2393683,0.09681884,0.02005563,0.12359295,0.0,0.48136464,6.7834585e-06,0.014671188,0.024121594,0.076486416
0.25030783,0.08320566,0.024929775,0.09378968,0.0,0.5203244,8.370356e-06,0.010027385,0.017406901,0.08058179
0.18521947,0.12284236,0.0467129,0.1928482,0.0,0.4210931,1.7412826e-07,0.012504001,0.018779816,0.0796066
0.2217068,0.08784384,0.09532415,0.11054829,0.0,0.44812062,7.668304e-06,0.008854809,0.02759379,0.062431194
0.26235223,0.033390842,0.067853004,0.28232715,0.0,0.31404194,6.69115e-06,0.006280342,0.03374783,0.06665952
0.22661068,0.05318413,0.08220401,0.27109578,0.0,0.3268475,9.950277e-06,0.01043788,0.02961012,0.06773011
0.2441131,0.05333719,0.002295718,0.19540693,0.0,0.45696548,1.5314095e-05,0.012079981,0.035786293,0.10118548
0.29237098,0.08570704,0.016238743,0.1443432,0.0,0.42319027,1.9854333e-06,0.01788246,0.02026524,0.067295276
0.24964045,0.035146445,0.038574424,0.28771248,0.008100615,0.35673055,0.00056765316,0.0071698134,0.01635759,0.021115221
0.22571145,0.06725395,0.06460772,0.3271646,0.0069492455,0.29489774,0.00020275862,0.009564809,0.0036477123,-0.624007
0.2606026,0.08446983,0.07137688,0.26193202,0.007521133,0.2739739,0.0005918767,0.017199932,0.022331849,-1.1277579
0.21974263,0.07072681,0.08440365,0.33829594,0.007103178,0.26364535,0.00044270983,0.0034364017,0.012203398,-0.037238702
0.20910063,0.06943989,0.13858575,0.25165114,0.0032206604,0.28775576,0.0012532688,0.001309296,0.037683737,0.02393549
0.34192607,0.095722035,0.059586976,0.26106226,0.005570587,0.22687821,0.0005924647,0.00045008384,0.00821138,-0.03709139
0.24671264,0.104356736,0.07785751,0.30965605,0.007318959,0.24148992,0.0012579326,0.00614316,0.0052070376,-0.6921519
0.32737404,0.15404753,0.02615484,0.032802984,0.01070074,0.40268263,0.00062814535,0.02728931,0.018319797,-1.1886301
0.26613998,0.11248148,0.04239744,0.286338,0.004846631,0.27678436,0.0008654058,0.0059774304,0.0041692434,-0.05688285
0.31592533,0.055927902,0.066425756,0.29305997,0.0058033452,0.23631924,0.0010953796,0.009874805,0.015568159,-0.105108686
0.21329042,0.05172626,0.06789299,0.36617365,0.0060872585,0.27883112,0.0008009863,0.0067148223,0.008482521,0.011702664
0.25646043,0.057019494,0.064219184,0.34181106,0.0058598896,0.25871345,0.0012482163,0.0074974247,0.0071707936,-0.2122716
0.28294644,0.034901667,0.058175094,0.2976551,0.007591359,0.29475623,0.0012747585,0.006346238,0.016353136,-0.057507798
0.19438764,0.08119812,0.073387116,0.18089788,0.004927872,0.4124508,0.00059975917,0.00088818645,0.051262632,0.013321303
0.19055103,0.05354431,0.09546065,0.2596557,0.003451957,0.35966372,0.0010161743,0.012124268,0.024532218,0.022444077
0.2527716,0.07156246,0.05954074,0.27029803,0.0066837324,0.3118387,0.00064985553,0.002805378,0.0238495,-0.00071273
0.23680271,0.09123707,0.07373082,0.32648674,0.007504906,0.24615106,0.0010919234,0.0073114242,0.009683388,-0.08500851
0.26712885,0.05537046,0.050917692,0.25341877,0.008849927,0.32720828,0.0003958934,0.010842089,0.025868008,-0.122353286
0.36794567,0.09190507,0.050769478,0.033106282,0.01153279,0.40751144,0.00048695202,0.0020767767,0.0346656,0.026043527
0.30798373,0.11559573,0.048902385,0.29582882,0.005725592,0.21220848,0.0006764912,0.0035688814,0.00950993,-0.10512364
0.2585256,0.11491459,0.07768522,0.29443362,0.0060436926,0.22509706,0.00077155064,0.009289175,0.013239494,-0.5386913
0.35505238,0.09053639,0.06688819,0.23920982,0.0076662153,0.22947536,0.00046322698,0.00066083815,0.010047578,-0.26263902
0.2662213,0.1292255,0.060558062,0.27027765,0.008671894,0.2542114,0.0003989548,0.004967927,0.0054673087,-0.5696294
0.28634045,0.098394416,0.04290239,0.26661363,0.00786737,0.27301884,0.00046137927,0.006815285,0.017586302,-0.02301956
0.23833781,0.11595741,0.06195901,0.23915505,0.0077799084,0.2896713,0.00069892127,0.002440627,0.04400003,0.03072355
0.2430127,0.092124484,0.071526766,0.30908778,0.0080113495,0.25250068,0.00085648027,0.0051488443,0.017731,-0.17118245
0.25960115,0.05043834,0.10158648,0.33803925,0.006625589,0.22800933,0.00052206643,0.005756041,0.00942172,-0.8006482
0.29284465,0.02957568,0.09435212,0.3289413,0.0035519935,0.22703418,0.001372277,0.009768541,0.012559265,-0.23661849
0.30983734,0.068686925,0.0012786938,0.2608455,0.0037165168,0.31783098,0.00045730194,0.023752235,0.013594507,-1.1554943
0.30561712,0.04467675,0.07123845,0.29795083,0.003933878,0.25906378,0.0007620499,0.011362619,0.005394497,-0.797717
0.25035205,0.061846234,0.0743685,0.31286657,0.006474144,0.27212745,0.00017400966,0.009664844,0.012126162,-1.0784394
0.31823152,0.057003237,0.09469155,0.2734762,0.0055542216,0.22515698,0.000112077265,0.011803259,0.01397089,-0.4712544
0.2796855,0.056417145,0.10524066,0.31277293,0.005408197,0.2139267,0.00023821845,0.0072469134,0.019063732,-0.7636348
0.28381333,0.0493357,0.10365741,0.32304665,0.005756194,0.21291494,0.0005703396,0.008985659,0.0119197415,-0.58392346
0.27311692,0.039004367,0.09167015,0.33865565,0.004434266,0.23211959,0.0016204291,0.010476398,0.008902119,-0.8221214
0.22743161,0.055164322,0.09250657,0.35299003,0.0066772564,0.2470955,0.0014158904,0.010199944,0.0065188804,-0.3400864
0.27946982,0.047261667,0.08250132,0.3194663,0.0069224993,0.25326365,0.0007690676,0.0029889205,0.0073567983,-0.1288878
0.2469268,0.05487443,0.08390912,0.30029115,0.008297305,0.2854068,0.0006023294,0.0045127263,0.015179356,-0.11558077
0.27430302,0.061246596,0.08821141,0.28963274,0.008490123,0.26368526,0.00024330427,0.002370251,0.011817309,-0.19009697
0.42683402,0.040883522,0.022807699,0.20784277,0.0052064746,0.276309,0.0012040316,0.007560631,0.011351835,-0.3623294
0.22557859,0.022993688,0.11157809,0.22615263,0.004478419,0.3745058,0.000646662,0.010984879,0.023081213,0.033489488
0.28958184,0.061746623,0.07365901,0.2946331,0.008817248,0.25961792,0.0006654262,0.0037388836,0.0075398944,-0.15340301
0.3593807,0.059688706,0.022112211,0.16551629,0.011654558,0.34298432,7.276425e-05,0.005848656,0.032741845,0.016238943
0.31117547,0.056675427,0.07444464,0.2770534,0.0061720014,0.25738025,0.0012391123,0.0034465448,0.012413127,-0.15737566
0.20621997,0.05304107,0.096759446,0.35803023,0.006149922,0.2610878,0.0010236364,0.0058351913,0.011852769,-0.45273542
0.27271432,0.046039622,0.063565396,0.31457424,0.005113765,0.27972496,0.00067039777,0.0056641214,0.011933165,-0.5542299
0.2415838,0.05657691,0.14310682,0.20282759,0.004470573,0.31434262,0.0007954623,0.011178984,0.025117239,0.037057787
0.2546483,0.048956208,0.040822204,0.2035278,0.012241217,0.3884891,0.0010659569,0.007140893,0.043108404,0.020239748
0.30327576,0.0379131,0.0713764,0.2823868,0.0073624053,0.27110088,0.0010585473,0.0063991915,0.019126954,-0.018217325
0.25667223,0.051588025,0.073422715,0.32105073,0.0060948087,0.27568346,0.0006497101,0.0032592947,0.011579008,-0.038951166
0.34430405,0.056491967,0.03345791,0.20804247,0.0066244397,0.31799087,0.0006079008,0.008038265,0.024442153,0.01892031
0.26502684,0.060799073,0.02368079,0.28839988,0.0065164957,0.33515945,0.0016491605,0.009267186,0.009501183,-0.29703632
0.3351649,0.042302344,0.03484708,0.2759369,0.005157824,0.2834099,0.0008977372,0.015326086,0.006957262,-0.9871619
0.3104062,0.0738002,0.016043128,0.24400055,0.0066018444,0.31999627,0.0006019274,0.014987139,0.013562796,-1.2530335
0.36715922,0.052661136,0.008508887,0.19292475,0.004639009,0.33084238,0.00050286157,0.023323078,0.019438649,-1.1103135
0.390849,0.062041916,0.036979623,0.2591282,0.0029594859,0.23220447,0.0014890572,0.008010666,0.006337571,-0.6495504
0.29621384,0.03970101,0.0861477,0.3204783,0.0037737666,0.23866579,0.0008446495,0.009172069,0.0050028474,-0.16029689
0.30736038,0.05105148,0.07715143,0.27121866,0.007167747,0.2638821,0.000915699,0.0036572085,0.017595299,-0.3043675
0.33433452,0.068593025,0.028466148,0.20464097,0.005362747,0.32150394,0.0021879678,0.007836422,0.027074195,-0.36361182
0.29106948,0.05260033,0.11293608,0.28873974,0.005559076,0.22301933,0.0010599932,0.014576606,0.010439383,-0.731701
0.25341454,0.043746695,0.09710792,0.2859634,0.0060175452,0.2740903,0.0013733275,0.0102781225,0.02800828,-1.0625095
0.28042582,0.08013053,0.065533735,0.3197691,0.005347362,0.23598225,2.178272e-06,0.0099464245,0.0028625673,-0.78215766
0.2739601,0.03257706,0.10887344,0.31166103,0.006524099,0.25212216,0.0007128338,0.005194703,0.008374539,-0.34112453
0.24991567,0.062322624,0.09998363,0.27278605,0.008881419,0.28689557,0.00023409356,0.008022689,0.010958211,-0.2744059
0.2669942,0.062489677,0.092506126,0.289719,0.007841445,0.26171458,0.0010358458,0.010613102,0.007086089,-0.23242849
0.21325901,0.067624256,0.1028428,0.29863513,0.00751158,0.2932293,0.0010094191,0.0043207803,0.01156773,-0.1335324
0.31685835,0.05370005,0.08122743,0.26887798,0.0065092053,0.25940493,0.0011039855,0.001160817,0.011157343,-0.19600949
0.39326724,0.036938373,0.0455568,0.21777251,0.0059568346,0.2786618,0.0011343554,0.0014236053,0.019288424,-0.04235884
0.28087258,0.04935955,0.10010138,0.3165256,0.0057195295,0.22760901,0.00035134237,0.010262962,0.009198016,-0.8997837
0.29626626,0.045725096,0.09722281,0.27854586,0.004390588,0.2541922,0.0010054124,0.007445103,0.015206686,-1.0514414
0.23228602,0.04022607,0.07088503,0.25177234,0.005232093,0.36540106,0.00013171983,0.015310429,0.018755348,-1.1046016
0.30281648,0.04554323,0.113218896,0.2868853,0.006967115,0.23452531,0.00027353762,0.007640519,0.0021296032,-0.7307333
0.33429068,0.049292468,0.08877886,0.28476936,0.0055584973,0.22084145,0.00034019694,0.008269183,0.007859268,-0.44823605
0.34741247,0.031946816,0.013241571,0.2515774,0.0040237475,0.32897753,0.00010977973,0.009029836,0.013680789,-0.002423212
0.3503836,0.058258623,0.075597905,0.2416557,0.006126727,0.24753326,0.00046112636,0.01043857,0.009544521,-0.16527568
0.31263745,0.036479723,0.059169747,0.20334448,0.007485921,0.35677245,0.0008726734,0.009674691,0.013562857,0.041556574
0.27434823,0.06016136,0.090492845,0.30057746,0.006803127,0.24659067,0.0006560737,0.0072247726,0.013145472,-0.2572127
0.24044047,0.050334588,0.09619373,0.30906287,0.0068738763,0.26836798,0.0010578829,0.007797252,0.019871438,-0.20155904
0.24965698,0.04387201,0.102635644,0.30629128,0.006364333,0.260857,0.00093955034,0.011935208,0.01744795,-0.63822985
0.252247,0.067642264,0.09208841,0.28254017,0.008760499,0.27789676,0.0010233477,0.008618545,0.009182978,-0.13275784
0.27316087,0.058311883,0.088202894,0.3153268,0.0045873667,0.2383948,0.0005884562,0.014761866,0.006665022,-1.2140887
0.24357885,0.04081824,0.10108724,0.37237594,0.005573396,0.20887834,0.00056774355,0.014256495,0.012863845,-0.76860523
0.28602138,0.03382746,0.080008276,0.2818604,0.008238048,0.2945964,0.00051074725,0.0030741156,0.011863208,-0.1841668
0.27889526,0.049986918,0.085449524,0.32981443,0.0056652166,0.23115431,0.00057120796,0.007120171,0.011342906,-0.63372153
0.30328405,0.08257445,0.012047499,0.090238996,0.014471762,0.44874844,0.00016931356,0.00044872926,0.048016757,0.004239306
0.20121516,0.11091665,0.042015877,0.12439481,0.010997339,0.45337334,0.00012452151,0.0038241015,0.053138208,0.012029484
0.32391122,0.027632713,0.0199552,0.072849646,0.009591418,0.5164273,0.0019738008,0.006945876,0.020712826,0.02185721
0.2941379,0.08548382,0.055417754,0.09594386,0.009360341,0.4113596,1.9499497e-05,0.0004520313,0.047825277,0.036247805
0.3381959,0.03934598,0.025850745,0.12203677,0.0094244685,0.41552502,0.00049754436,0.010613558,0.03851002,0.026099987
0.28377753,0.034864586,0.073994726,0.29551136,0.005954334,0.2992715,0.00095687754,0.0010186995,0.004650405,0.005979553
0.2463707,0.025850782,0.06928122,0.25234056,0.004229462,0.36271638,0.00083120266,0.0039442093,0.034435578,0.011765733
0.18002723,0.06512163,0.1575111,0.21176341,0.0036649208,0.34290084,0.00018372842,0.00070423685,0.038122892,0.019180812
0.28197598,0.07982316,0.01379538,0.15977839,0.009416875,0.4077817,0.0015500357,0.003862895,0.04201561,0.02379144
0.23729748,0.04723782,0.07893853,0.34005502,0.0035885086,0.28582743,0.0012944273,0.0045573376,0.0012033505,-0.040670313
0.2774961,0.049594436,0.08038465,0.3132835,0.005794372,0.25695544,0.0010292755,0.0061323456,0.009329889,-0.32337582
0.25977835,0.053259473,0.09130537,0.32357427,0.0044520553,0.25444084,0.0010425319,0.008536592,0.0036104931,-0.100875564
0.28352872,0.05632198,0.0824202,0.20824592,0.0061559295,0.32166657,0.0002793433,0.001916902,0.03946439,0.03338339
0.36123124,0.056767814,0.04615873,0.19979814,0.0072333724,0.30706626,0.0010982265,0.0044474527,0.016198797,-0.5472894
0.28437588,0.047108997,0.07450767,0.29292583,0.0051792585,0.2811544,0.00020940289,0.004783416,0.00975517,-0.6028725
0.29928234,0.051922146,0.066933356,0.3177243,0.006166404,0.25026956,0.00010355708,0.005674145,0.0019241591,-1.0325965
0.29150835,0.04172416,0.10150539,0.2961826,0.0045175324,0.24582142,0.00093178306,0.007230361,0.010578369,-0.36626846
0.36402285,0.042874422,0.067869395,0.23565269,0.0064615016,0.26434332,0.00091770897,0.00071034505,0.017147752,-0.06326716
0.3031674,0.023859987,0.04348466,0.2292608,0.007976054,0.36729518,0.0004117448,0.0025479516,0.021996276,-0.011982217
0.23187594,0.06900493,0.09334799,0.32889897,0.0073617017,0.25864512,0.0014586379,0.0043333443,0.0050733653,-0.23998815
0.3163653,0.05528689,0.0074860803,0.15250707,0.008144778,0.39798284,0.0034215306,0.009112646,0.049692832,0.03469225
0.208347,0.03551074,0.054343365,0.18053481,0.010146489,0.47689688,0.0015892984,0.002565008,0.030066438,-0.0015960261
0.27961785,0.04347423,0.078392625,0.24165201,0.009545696,0.30550992,0.00016629027,0.0071239453,0.034517445,-0.11657741
0.22946645,0.059903722,0.09190223,0.22276899,0.004357122,0.34748957,0.0021905417,0.013504269,0.028417043,0.0138631165
0.274849,0.038352236,0.08770531,0.33580345,0.006605881,0.24534017,0.0010129554,0.0030461454,0.007284955,-0.65084565
0.2967006,0.062277615,0.081446394,0.290949,0.006708574,0.24748497,4.6957044e-05,0.008758771,0.005627183,-0.54464275
0.28158048,0.04104277,0.07849316,0.30433875,0.008409603,0.2699539,0.00088025024,0.0046898816,0.01061115,-0.24790943
0.22768888,0.05348807,0.12921643,0.14747432,0.0093096765,0.38613656,0.0018953095,0.005239977,0.039550785,0.02085521
0.29692453,0.042814694,0.085586175,0.2670035,0.007907517,0.28036705,0.0002582237,0.0044089444,0.0147293545,-0.06017129
0.2978788,0.05583399,0.059137605,0.088773265,0.008637993,0.43348092,0.0019278891,0.0013608166,0.052968692,-0.0046636015
0.38158616,0.044210438,0.09940634,0.04218684,0.010602384,0.36588746,0.0012772086,0.0068835947,0.04795958,0.03335473
0.20572037,0.052874316,0.15038142,0.24255162,0.004682135,0.30654922,0.0019731105,0.008266248,0.027001526,0.019921988
0.27264792,0.023113929,0.079606086,0.28976667,0.008192721,0.31156072,0.00074443896,0.007220824,0.007146757,-0.18986669
0.30685866,0.04554976,0.06567309,0.24362181,0.008218917,0.3054799,0.00021518211,0.003300881,0.021081818,-0.07753376
0.26330945,0.098192535,0.11504786,0.071303725,0.00966877,0.38713446,0.0022663737,0.0072986316,0.045778148,0.011758812
0.33113757,0.03894247,0.04975466,0.24137168,0.0102191055,0.30572462,0.00012796155,0.009358004,0.013363966,-0.013077315
0.3573356,0.041930553,0.029875897,0.20932668,0.007695114,0.33709663,0.00043066932,0.0012039639,0.015104886,0.027591117
0.31194493,0.07270989,0.01282229,0.16633412,0.009069634,0.3797916,0.00042276268,0.0050993883,0.041805387,0.052687943
0.28082344,0.06255615,0.03897829,0.2633838,0.007497227,0.3110052,0.0014957432,0.005764616,0.02849545,-0.06513571
0.21150075,0.025828896,0.070038974,0.24512087,0.0034226337,0.39481807,3.352413e-05,0.01812304,0.031113263,0.026337601
0.34047404,0.09077317,0.0322621,0.09919855,0.010070374,0.39418757,0.0008388448,0.0012793525,0.030916078,0.017469995
0.29387796,0.055894084,0.04434542,0.15338892,0.0055565857,0.39794597,0.002181504,0.008947524,0.037862014,0.00017908216
0.18325025,0.06504025,0.15555118,0.14439282,0.0066118725,0.41942874,0.0014246615,0.0030963204,0.02120393,0.045260005
0.21644725,0.02957128,0.09957295,0.25556502,0.005675062,0.3583946,0.0018213029,0.0068988716,0.026053669,0.011211887
0.27568218,0.036735818,0.08221515,0.28781372,0.008496297,0.28204286,0.00072292826,0.006767476,0.019523619,-0.05659352
0.28775227,0.057667106,0.08574838,0.22506416,0.0038844037,0.30652657,0.0018301997,0.007884108,0.023642814,0.009465344
0.24748799,0.05856979,0.09532124,0.30685294,0.009982695,0.25496316,0.0014134581,0.007568633,0.017840078,-0.20550916
0.25397056,0.0471943,0.10399849,0.31281957,0.007955916,0.24821588,0.00036228186,0.006659652,0.018823376,-0.26700106
0.28487518,0.02871297,0.09197736,0.25498852,0.005230908,0.29457211,0.00073338294,0.005600192,0.033309374,0.026390605
0.26392448,0.06177519,0.071924925,0.2507943,0.0046184105,0.3038939,0.0011187984,0.006396732,0.035553265,0.016198419
0.24915473,0.03686571,0.09729266,0.35927796,0.005954921,0.2294579,0.0015305917,0.01065844,0.0098071005,-0.71798074
0.26602453,0.049031626,0.09766816,0.2845641,0.0066972277,0.27006567,0.0007094614,0.015228344,0.010010841,-0.5392425
0.2205332,0.02582683,0.090905584,0.36203957,0.005133962,0.2773836,0.0013502678,0.0054661403,0.011360837,-0.041860297
0.33169416,0.051320247,0.05750709,0.21067835,0.005932496,0.3017609,0.00027728544,0.02818028,0.012649189,-1.2788032
0.32444873,0.0442232,0.026691137,0.261424,0.0047302335,0.31818962,0.00058763765,0.016374903,0.0033306102,-1.0834537
0.26081547,0.04535821,0.070685364,0.35570002,0.0057864953,0.24360275,0.0013037594,0.012551058,0.0041969214,-0.80206037
0.21938992,0.065989316,0.11383189,0.33675164,0.006278429,0.23791078,0.0008838074,0.009506466,0.009457811,-0.5907523
0.2418337,0.059315782,0.1048323,0.3268484,0.005363354,0.24685515,0.0005926117,0.0066868537,0.007671922,-0.5971701
0.2880246,0.08074238,0.04787895,0.27750972,0.006488658,0.28323552,0.0009968278,0.011111234,0.0040120725,-0.6079572
0.2385145,0.081208155,0.07651465,0.3156385,0.007613145,0.26086837,0.0013688491,0.0042629517,0.014010907,-0.33520246
0.27631858,0.09749045,0.06695117,0.28243402,0.005849699,0.25300893,0.0006398714,0.0106018875,0.0067053987,-0.67726105
0.25608948,0.08401083,0.05433274,0.31426388,0.0057654832,0.26689437,0.0010750989,0.0122702895,0.005297938,-0.6052721
0.23937343,0.1239124,0.049294066,0.21122341,0.0092492895,0.33506125,0.0002008756,0.017641561,0.01404368,-1.1557357
0.25577742,0.12577878,0.02266185,0.18337816,0.010036585,0.37479353,0.00032011134,0.022189977,0.005063698,-1.2033657
0.24724306,0.06943958,0.07900759,0.3394132,0.006312827,0.2458467,0.0012500591,0.008424413,0.003062605,-0.4870539
0.20893417,0.0786116,0.08155163,0.36937827,0.006283936,0.24255198,0.0012328373,0.0076864404,0.0037691046,-0.4663415
0.28360894,0.07792956,0.014222845,0.30230778,0.0076286695,0.28554723,1.4190488e-05,0.02209973,0.006641003,-1.1636387
0.29111946,0.071711086,0.051429633,0.306691,0.005444872,0.24339081,0.00033913247,0.020228656,0.009645383,-1.1917843
0.23795682,0.07698843,0.07519665,0.25267968,0.008569057,0.31250626,0.00048488297,0.011343689,0.024274623,-1.0986375
0.22993596,0.058448173,0.077556945,0.32957038,0.006148306,0.25607872,0.00039173165,0.017903883,0.023965878,-1.078401
0.30306402,0.06271138,0.087165244,0.3141575,0.004510284,0.20945574,0.0013703944,0.01233319,0.005232208,-0.985936
0.32365498,0.09134729,0.011345792,0.16375843,0.010747211,0.36275262,0.00061969174,0.026506172,0.0092678275,-1.258902
0.27412796,0.039594866,0.08151973,0.31648183,0.0047649844,0.25817925,0.0010556387,0.0074610612,0.0168147,-0.9584851
0.3845904,0.021129366,0.06572965,0.30211106,0.0038822321,0.20603794,0.00096140977,0.006726006,0.0088319415,-0.30204138
0.32971764,0.02151989,0.072395,0.31214848,0.004945659,0.23829255,0.0014436297,0.009044771,0.010492397,-0.0635607
0.34157538,0.038264416,0.085212536,0.29880735,0.003727251,0.216559,0.0012658772,0.0069116633,0.0076765,-0.4866373
0.30926472,0.10762583,0.030323442,0.14541763,0.003592969,0.3606321,0.0024308963,0.027050786,0.0136616705,-1.369145
0.23511288,0.072396815,0.085900344,0.32598624,0.006921113,0.25745225,0.0008138827,0.011959099,0.0034573495,-0.79693496
0.34583068,0.058277484,0.048717596,0.21659689,0.0053341333,0.30737844,0.0008562463,0.011219487,0.0057890415,-0.99214286
0.26387975,0.08038745,0.051655907,0.17317566,0.0048217755,0.3740516,0.0012464131,0.031444605,0.019336775,-1.1583352
0.22894213,0.10667821,0.053217426,0.25705475,0.0069526127,0.3169652,0.000324383,0.015938517,0.013926769,-1.1839693
0.2768837,0.04398663,0.03754749,0.3058744,0.0063081263,0.2918325,0.0003228724,0.017628932,0.01961527,-1.2384175
0.30744326,0.06318691,0.002617392,0.2188852,0.009385648,0.36195886,3.010392e-06,0.01862729,0.017892372,-1.2708637
0.2909317,0.08026822,0.026591368,0.17187993,0.010199693,0.37625614,0.00052521785,0.017669056,0.025678756,-1.2245492
0.3028449,0.093915895,0.012479743,0.16315992,0.009580555,0.36934584,0.0013679563,0.026490388,0.020814775,-1.3043898
0.31227934,0.10024471,0.02835292,0.18940425,0.0077664424,0.32291234,0.0015400598,0.025745688,0.011754248,-1.3094827
0.32513994,0.08011863,0.045460388,0.17214109,0.006380337,0.32716733,0.0017655028,0.022476597,0.019350234,-1.263786
0.34425187,0.05430849,0.052518733,0.29402158,0.0058735227,0.22481906,0.0005641011,0.011961643,0.011680959,-1.2010204
0.29403389,0.05340612,0.07340817,0.3122257,0.005404852,0.24128406,0.0004814473,0.015782855,0.003972926,-1.1433402
0.27918574,0.047834,0.09441141,0.3189222,0.007348752,0.22806266,0.00032428795,0.0058131963,0.018097706,-0.4047261
0.23535743,0.029098593,0.11290874,0.2618359,0.0052602766,0.32241428,0.00019088341,0.0003764463,0.032557428,0.029602036
0.25404575,0.0870785,0.03184403,0.14735538,0.004332549,0.4425191,0.00034084744,0.013399483,0.01908438,0.055223107
0.39604995,0.029308023,0.02793703,0.040529307,0.011002844,0.43870705,0.0006423698,0.012996665,0.04282681,0.011620589
0.36933672,0.095477365,0.00914645,0.11348524,0.009018903,0.35519367,0.0015696511,0.0015506232,0.045221392,0.028417863
0.21179923,0.06756374,0.080928154,0.34567395,0.006804227,0.26701015,0.00062881917,0.012673487,0.006918238,-1.041888
0.2538017,0.040197525,0.112283975,0.3024614,0.008164142,0.2683346,0.00057879434,0.005525723,0.008652184,-0.6069055
0.31325853,0.04085437,0.08946058,0.31359166,0.0068214852,0.21851584,0.00072844484,0.005567244,0.011201832,-0.3041865
0.30978444,0.04145168,0.0017102612,0.149347,0.0065611796,0.46110126,0.0010508214,0.019277483,0.009715892,0.043110855
0.30264157,0.030132482,0.0005296129,0.16552374,0.007640275,0.46604,0.0014101028,0.021446545,0.004635716,0.043120638
0.33753642,0.035331722,0.008721949,0.14092107,0.0074414825,0.43730608,0.0013513867,0.020064298,0.011325632,0.03529802
0.26841003,0.031924963,0.03325529,0.2611074,0.00786072,0.3672639,0.00086149166,0.02422112,0.005095086,0.010577731
0.3040296,0.027014507,0.03212758,0.21814042,0.0070797987,0.37776926,0.00062756916,0.0154447695,0.017766517,0.037502244
0.19672994,0.054854423,0.05413448,0.2723837,0.011463507,0.38724598,0.0012271216,0.013931044,0.008029804,0.04492081
0.19501846,0.039254554,0.040863797,0.30513886,0.010847851,0.38317925,0.0020477632,0.017892838,0.0057566473,-0.0128583945
0.18103045,0.09436383,0.007350345,0.30292997,0.006406468,0.38625705,0.0022277122,0.011494802,0.007939439,0.035894282
0.20598315,0.06513628,0.016935347,0.2775403,0.0100329025,0.40482154,0.0019823532,0.0075638485,0.01000427,0.039741546
0.19467731,0.0690998,0.03764665,0.28569412,0.010241782,0.37644434,0.0017925747,0.007281428,0.017121991,0.04343801
0.290083,0.0422765,0.049482536,0.06427111,0.00822503,0.49858302,0.0029093584,0.0070577967,0.037111677,0.050575495
0.3539856,0.046471052,0.02033115,0.025517853,0.0074874586,0.49271116,0.00048941403,0.013588862,0.039417475,0.03963048
0.31246376,0.04905093,0.03553135,0.20358501,0.007040337,0.37255836,0.00021213734,0.009442928,0.010115115,0.04057695
0.23579597,0.044599168,0.0379929,0.18743618,0.011994507,0.4409592,0.00029327875,0.02198311,0.018945653,0.030984253
0.26719525,0.05748175,0.040031377,0.19671598,0.0055867615,0.38776115,0.0006875142,0.02139511,0.023145141,0.047910176
0.2861304,0.058956917,0.062273793,0.14361084,0.011139976,0.4084065,0.0011277467,0.017843422,0.010510393,0.04017117
0.29980886,0.035540633,0.009158273,0.095802344,0.009350563,0.5102759,0.0027133692,0.018905066,0.018445015,0.053170472
0.20710903,0.04868703,0.0081233885,0.06494855,0.006629485,0.61419016,0.00013368705,0.01095622,0.039222468,0.03132961
0.23825376,0.03416134,0.061842747,0.20191884,0.011110737,0.41624272,0.0015030868,0.017993903,0.016972885,0.05194003
0.325374,0.056748886,0.05547027,0.20268315,0.011071613,0.31799015,0.0016161593,0.008613529,0.020432275,0.050030492
0.2621885,0.0529495,0.03863956,0.25810564,0.015180181,0.34602442,0.0020941268,0.0053585907,0.019459475,0.005819969
0.24405137,0.041883584,0.062680565,0.21986917,0.009790955,0.38963488,0.0010781068,0.014986347,0.016025016,0.050836757
0.23788054,0.042899765,0.03149938,0.16689695,0.010921796,0.46839976,0.00017418007,0.007725835,0.03360182,0.04818009
0.29438594,0.029962812,0.023084767,0.037865043,0.00943113,0.56981325,7.219512e-05,0.025735606,0.009649302,0.052946977
0.21648492,0.10203965,0.0072173,0.2087409,0.005634725,0.4347609,0.0011782026,0.014917466,0.009025923,0.02601657
0.26952004,0.07842433,0.010825411,0.20404553,0.008817093,0.40424135,0.0011991712,0.0135144135,0.009412648,0.033391945
0.3068886,0.026135622,0.044862006,0.18482843,0.015052261,0.38965967,0.0020610823,0.013270144,0.017242093,0.008154832
0.33369964,0.07199573,0.03293122,0.21530464,0.0098700505,0.31737232,0.0012820051,0.010397888,0.007146509,0.036704957
0.27236417,0.033476673,0.06390761,0.22416459,0.010749662,0.35982588,0.001461263,0.01366037,0.020389799,-0.06130012
0.27024293,0.021682903,0.04157044,0.11506652,0.008808453,0.50672495,0.0008563069,0.024985287,0.010062245,0.050653853
0.26347,0.077314466,0.013207969,0.066533595,0.0062300544,0.5329835,0.0004274768,0.007936659,0.031896293,0.035223387
0.36501986,0.08271114,0.0023191755,0.16641186,0.006365885,0.36110055,0.001181614,0.005366993,0.009522926,0.02631864
0.3261754,0.0315062,0.012147083,0.16254006,0.0090370765,0.43017092,0.0013045323,0.0027727645,0.024345988,0.03710059
0.3245546,0.025786651,0.01638836,0.20264326,0.009473246,0.39072096,0.0012345765,0.001784479,0.027413825,0.03598226
0.3492515,0.036706723,0.00047282083,0.11794145,0.007800616,0.44406557,0.0009858867,0.0075197304,0.035255656,0.03662587
0.2630664,0.021651598,0.05817069,0.16224298,0.009343526,0.45111495,0.0011789341,0.009725381,0.023505615,0.057953164
0.22530411,0.09673451,0.031283636,0.022901764,0.007417767,0.5822765,0.00025087735,0.02503787,0.008792908,0.035701685
0.2886775,0.0590599,0.009993867,0.11345545,0.01070534,0.46402365,0.0002994212,0.011770821,0.04201399,0.03203564
0.37724993,0.017554902,0.018551692,0.21250817,0.008640176,0.342748,0.0013840157,0.006162396,0.015200741,0.03222341
0.20147909,0.033795517,0.008387974,0.12384487,0.0053586704,0.57642555,0.0031506799,0.027200205,0.020357415,0.048477434
0.30051452,0.024880558,0.02083002,0.12280631,0.005810123,0.49890488,0.0009570738,0.01579349,0.009502992,0.03347429
0.20460673,0.033923145,0.013273282,0.102728084,0.010290208,0.58650374,0.0005685237,0.005704842,0.042401522,0.03044495
0.32534626,0.04954948,0.012822991,0.013730366,0.010211011,0.54143447,0.001924351,0.013354533,0.0316265,0.0539949
0.22836201,0.038903873,0.03934664,0.16868708,0.01168075,0.48375157,0.00060455845,0.02696355,0.0016999919,0.045558922
0.19474223,0.037698243,0.028566178,0.08320845,0.0064220093,0.5982165,0.0009302264,0.02853918,0.021676965,0.058971025
0.39602056,0.017541932,0.030072117,0.13907558,0.009070405,0.36546716,0.0003261884,0.010312612,0.032113496,0.045813918
0.29425505,0.07283935,0.036635134,0.23868793,0.006928715,0.32950398,0.00089530763,0.002406639,0.017847873,0.032230116
0.2628393,0.052436728,0.041871402,0.2148406,0.006400062,0.41255915,1.2799178e-05,0.0015646196,0.0074753305,0.027953394
0.23660801,0.025237884,0.06313854,0.14429487,0.009114132,0.486414,0.00073228683,0.030328806,0.0041314806,0.059196167
0.30264416,0.03450159,0.024982622,0.16528553,0.007968348,0.43784252,0.0005463801,0.019996861,0.00623199,0.045129634
0.24112055,0.0211748,0.052618988,0.28271666,0.01251874,0.36296117,0.0017095092,0.013550923,0.011628674,-0.02951714
0.2593218,0.040061392,0.04958157,0.18275645,0.015082715,0.41457918,0.0025239459,0.02283808,0.013254899,-0.055173974
0.28264707,0.024631277,0.04829107,0.23769861,0.011404951,0.36406744,0.0023338322,0.014951787,0.01397392,-0.01904855
0.3277478,0.019506948,0.03891328,0.21724144,0.011449959,0.35531285,0.0019552035,0.01312885,0.014743656,0.03178195
0.23732713,0.026216751,0.049047463,0.22952195,0.0125197,0.42453086,0.002211958,0.009761551,0.008862672,0.021185994
0.23464927,0.028554568,0.05306672,0.12957661,0.01230575,0.50130975,0.00081716164,0.02684895,0.012871191,0.05522073
0.30504245,0.026134873,0.03593102,0.22846067,0.007021372,0.36327744,0.0009706223,0.0009942673,0.032167263,0.0331188
0.22582018,0.022091087,0.0724493,0.20000537,0.01170635,0.43305656,0.0014019209,0.025247354,0.008221892,0.052368097
0.25460818,0.027109161,0.015212725,0.16378076,0.009283528,0.48983315,0.0018742618,0.004120428,0.03417782,0.0032949597
0.30598667,0.037151527,0.029358534,0.20853963,0.008480956,0.38036597,0.00084676215,0.0043505454,0.024919454,0.033892415
0.18731236,0.0751437,0.045935597,0.12518615,0.009203383,0.51935047,0.00093460426,0.032513388,0.0044203885,0.04343181
0.3200357,0.0313195,0.028849658,0.12066349,0.011904592,0.45352924,0.0012592763,0.007556882,0.024881719,0.035644703
0.25748184,0.03852783,0.056201823,0.2031449,0.010534934,0.4118121,0.0011015468,0.006810158,0.014384847,0.050063573
0.34365886,0.05070018,0.014301864,0.031430844,0.010349859,0.5302927,0.00155785,0.0042506065,0.013457202,0.046338253
0.2689312,0.041714434,0.022116482,0.19148572,0.009208579,0.43574482,0.00069756096,0.0015170748,0.028584046,0.031628914
0.35790414,0.044824973,0.0022019472,0.18484886,0.008784635,0.3665932,0.0017354963,0.009900358,0.023206383,0.04331754
0.36335516,0.060067758,0.010040431,0.2115965,0.006782589,0.32634783,0.0014872391,0.007487986,0.012834508,0.040363364
0.3637328,0.036095325,0.016029824,0.17571922,0.008376926,0.37402385,0.0010066428,0.0018050704,0.02321027,0.008971021
0.33439,0.05622929,0.013262287,0.15628974,0.0072100274,0.40095645,0.0009853815,0.005051582,0.025625227,0.026813187
0.32010046,0.038851,0.00024509322,0.04247531,0.009066852,0.5357593,9.797661e-05,0.010230197,0.043173827,0.04525031
0.3639609,0.023046268,0.022567887,0.015595855,0.008830927,0.51640904,0.00012428143,0.018573929,0.03089094,0.04219622
0.27461776,0.025575386,0.08255916,0.24802062,0.009462228,0.33835545,0.0007707014,0.01226906,0.008369618,-0.012784611
0.30494243,0.026333604,0.04059468,0.23067561,0.006937313,0.35767114,0.0010147683,0.005021959,0.026808623,0.039017983
0.31635153,0.052872095,0.024220273,0.13313647,0.010657493,0.41854283,0.00052597845,0.007131022,0.036562357,0.037446707
0.23400442,0.02308316,0.03471161,0.22475068,0.007880461,0.44421792,0.0015183568,0.007395702,0.022437634,0.012542203
0.29930884,0.03748371,0.03923225,0.21679142,0.013050011,0.353408,0.0018188648,0.022451526,0.016455347,0.025948413
0.30561054,0.032712854,0.029305022,0.11116771,0.0095956065,0.48183727,0.0027682455,0.003692345,0.023310462,0.03435222
0.27715182,0.040451016,0.019174425,0.09693899,0.00885206,0.50997293,0.0017516741,0.023491483,0.022215646,0.054192238
0.39143404,0.05373487,0.004614652,0.19390196,0.0106076365,0.31205133,0.0013775057,0.008467427,0.023810577,0.030120768
0.23690754,0.048156425,0.034527764,0.25093082,0.00781877,0.41614103,3.323585e-05,0.0035733334,0.0019110364,0.005544536
0.3989138,0.02970809,0.0009512502,0.17452465,0.005873134,0.3707822,0.0007688734,0.009504869,0.008973101,0.04516121
0.2220881,0.09773536,0.0054688393,0.10685195,0.007787035,0.5260391,0.00016568512,0.017377878,0.016485995,0.051449515
0.3394392,0.03849477,0.0208311,0.21435139,0.008036343,0.36116016,0.00092561793,0.0017231829,0.015038212,0.03494516
0.26225874,0.021992886,0.05184828,0.18654962,0.009644415,0.44119003,0.001522116,0.0070788115,0.017915048,0.051317006
0.21805212,0.021273818,0.045499265,0.2657617,0.0060058925,0.39763093,0.0026040878,0.0046397215,0.038532443,0.052357815
0.20497234,0.045234483,0.041247297,0.21799256,0.0064153397,0.44422868,0.0008363226,0.0007724357,0.038300566,0.027958505
0.38950837,0.04166146,0.007245116,0.22311573,0.0070359274,0.31987262,0.00086589507,0.0006958305,0.009999111,0.024195187
0.2104535,0.082013145,0.044005822,0.10070724,0.009665927,0.48601282,0.00028217598,0.02442954,0.042429846,0.05690799
0.24449754,0.03405694,0.020525321,0.14468409,0.011503938,0.49923062,0.0012399699,0.011082042,0.03317962,0.035046272
0.31579238,0.06367736,0.0011321073,0.13283801,0.008123023,0.43785274,0.00020938345,0.009862742,0.030512223,0.020707212
0.2373276,0.027569883,0.049539503,0.14087617,0.00790196,0.49648216,0.0015040005,0.017690139,0.021108583,0.020374648
0.23219547,0.026793037,0.030864812,0.21429671,0.008521459,0.4444062,0.0008000076,0.012457833,0.029664498,0.05224496
0.23981205,0.032061603,0.034505922,0.019649876,0.0042668525,0.6291229,0.00019182896,0.026512776,0.0138760945,0.03620781
0.3106998,0.04975215,0.02161606,0.0040894737,0.01082397,0.5457323,7.791517e-05,0.0045248084,0.052683488,0.042133383
0.26023,0.018616889,0.049749915,0.17352213,0.008850308,0.449917,0.0010121808,0.011938485,0.026163042,0.024795912
0.2244442,0.021582047,0.03795303,0.23192486,0.011700453,0.4435147,0.0017682712,0.00854232,0.0185702,0.025137827
0.30685535,0.07107053,0.0326441,0.17048536,0.0051271357,0.3900762,0.00013437349,0.00917403,0.014432978,0.014170222
0.25557652,0.026767276,0.012654245,0.104805835,0.01086803,0.53295016,0.0019991538,0.01097685,0.04340199,0.023507163
0.37766126,0.027003106,0.005216324,0.03965337,0.0076762117,0.5087785,0.0011192288,0.00839558,0.024496421,0.04106962
0.28484482,0.06835673,0.0424488,0.068583876,0.008067968,0.49274585,0.00019947902,0.02543985,0.009312682,0.030695088
0.35307017,0.03990568,0.024126245,0.094683714,0.005821914,0.44259384,0.0003353046,0.014887088,0.024575997,0.03461919
0.28698647,0.04411931,0.049200818,0.19097748,0.005098229,0.38529935,0.0011790013,0.010482989,0.026656317,0.0452075
0.31180236,0.08537418,0.04356597,0.14174588,0.011433451,0.37223524,0.0010507535,0.008180017,0.024612231,0.044039465
0.18907873,0.069686905,0.026450424,0.18062569,0.008014679,0.4781043,0.0018311879,0.012976464,0.033231586,0.03574469
0.23379113,0.059724994,0.06285417,0.17667775,0.010900496,0.41882706,0.0016608237,0.005456034,0.030107554,0.05511816
0.34100774,0.060517505,0.019844119,0.079941824,0.010140927,0.42774454,0.00075071835,0.016012862,0.044039845,0.0414444
0.2489512,0.08730697,0.050886143,0.18464065,0.008723019,0.3812662,0.0018437454,0.0027250543,0.03365698,0.038946144
0.24254762,0.022985019,0.05356639,0.28368622,0.010978124,0.36198628,0.0016111397,0.0055993674,0.017039843,0.045417182
0.3272892,0.027185265,0.007913857,0.2010273,0.007937245,0.3993641,0.0010959429,0.00530003,0.022887068,0.029001422
0.25692266,0.078651205,0.009551807,0.10737877,0.009757874,0.49268872,0.0011468884,0.018675746,0.025226276,0.04068633
0.19637716,0.10242709,0.040301625,0.0042434796,0.012480803,0.60919344,0.0017138589,0.003161315,0.03010125,0.025083497
0.26619205,0.036370397,0.009911465,0.031643894,0.008237594,0.60249627,0.00029781737,0.012954282,0.03189618,0.038845308
0.32549536,0.052968703,0.031549282,0.11382743,0.007144063,0.43411216,0.0009573088,0.0059817373,0.027963946,0.04407922
0.2135371,0.04542248,0.007370057,0.19594073,0.0074158325,0.48204982,0.002863023,0.021745605,0.023655292,0.04107856
0.2396986,0.032328483,0.04172368,0.22394927,0.008967,0.39823645,0.00021577819,0.008751186,0.0461295,0.03743072
0.34944642,0.042964194,0.0001264947,0.009542717,0.011226034,0.53192353,0.0007850099,0.020754948,0.033230647,0.04017154
0.23780961,0.08648654,0.022391243,0.17509966,0.0049743406,0.44309422,0.0007422635,0.017776713,0.011625462,0.047722675
0.22637932,0.09043409,0.05419777,0.22701329,0.0070255673,0.35921112,0.00091121614,0.009993597,0.024834014,0.024876036
0.2640698,0.06704405,0.0419322,0.094162814,0.009480717,0.50258684,8.42012e-05,0.0017509855,0.018888323,0.029668279
0.22260803,0.0582283,0.05508906,0.19163446,0.00832093,0.41881168,0.0017423969,0.01088658,0.032678507,0.04982897
0.39105803,0.02945827,0.032420587,0.01761973,0.008226659,0.48456985,0.00055830186,0.0010149046,0.035073742,0.04522326
0.28574672,0.0300078,0.041027166,0.17541163,0.0065352446,0.42885756,0.0008199625,0.0027998704,0.028794033,0.041875996
0.22030538,0.027710916,0.05375808,0.24658836,0.009116572,0.40630186,0.0018851088,0.009765768,0.024567958,0.013806507
0.2673853,0.0381028,0.01764418,0.016761512,0.0073204236,0.5935601,1.9651804e-06,0.03410245,0.025121165,0.052915864
0.380712,0.032125972,0.0075860675,0.117841445,0.006076288,0.41787282,0.0005505802,0.0048637046,0.03237103,0.046610266
0.3451017,0.02187657,0.03519747,0.089714326,0.0114974445,0.4429219,0.00023702419,0.020149503,0.033304054,0.040767357
0.21465507,0.08170127,0.011555695,0.087815955,0.008171163,0.56036943,0.0010802471,0.01842298,0.016228283,0.04497934
0.3374804,0.07115487,0.0069818012,0.01215653,0.010318229,0.51764375,2.8971825e-05,0.013343025,0.03089241,0.027138002
0.2502188,0.027227275,0.044167355,0.21888258,0.011970293,0.41773754,0.0016040297,0.0053169453,0.022875154,0.039657123
0.3402224,0.042611983,0.042008266,0.1786296,0.0066377753,0.35511303,0.0003697259,0.0052499985,0.029157244,0.024537504
0.34397042,0.04132162,0.032616433,0.0012630252,0.009245494,0.52699065,0.00091126567,0.0041371793,0.0395439,0.04110623
0.2350658,0.05834696,0.043197457,0.0376216,0.010548327,0.57401216,0.0010208469,0.0050894236,0.03509738,0.035038628
0.24962746,0.057664894,0.06074853,0.16798401,0.007566705,0.42346817,8.292428e-06,0.008466323,0.024465527,0.056994513
0.2909782,0.023152947,0.011438852,0.14136003,0.006246061,0.47876072,0.00024690825,0.016876424,0.030939978,0.03703045
0.29783434,0.01938857,0.046041265,0.18649253,0.011915194,0.39743495,0.00060827134,0.013130044,0.02715482,0.04450898
0.26693246,0.017382618,0.057773106,0.24862246,0.012541194,0.36713976,0.0006038176,0.01846098,0.01054363,0.04956396
0.33092698,0.022488767,0.06011982,0.18488993,0.010800852,0.35610667,0.0017597595,0.0131448405,0.019762356,0.019863002
0.29217306,0.029145105,0.041714087,0.14454848,0.0087500615,0.45215243,0.0012937967,0.003458163,0.026764741,0.040621452
0.24174125,0.028112281,0.03211721,0.25323007,0.009255159,0.41290265,0.0011628513,0.009544451,0.011934085,-0.008704372
0.2459268,0.041040115,0.07394134,0.1388449,0.012660836,0.46557873,0.0014482329,0.0089495685,0.011609493,0.04676891
0.22264259,0.07224334,0.022272559,0.10036694,0.009182939,0.54717284,0.00030859656,0.0034725873,0.022337612,0.057553664
0.23983869,0.027499666,0.045841217,0.26725876,0.008620011,0.39172682,0.0019217352,0.00075427117,0.016538769,0.04388704
0.26679805,0.029067846,0.0487453,0.23495553,0.015694018,0.37153494,0.002664264,0.010595906,0.019944146,0.028109305
0.2612201,0.021309821,0.05758953,0.20643115,0.017060189,0.39758992,0.0026409994,0.012865595,0.02329273,0.020979755
0.2659373,0.024475439,0.060271528,0.21019919,0.016582364,0.39070162,0.0022960214,0.012073626,0.017462926,0.029041506
0.28193986,0.049477257,0.057527825,0.21181805,0.011346819,0.36314628,0.0017909835,0.0049977745,0.017955126,0.03325344
0.29960516,0.027424775,0.038140684,0.15638936,0.010071662,0.43061355,0.00045195283,0.022219779,0.015083001,-0.060683526
0.28845155,0.043923955,0.06607472,0.13526295,0.01685316,0.4150591,0.0016063445,0.016987212,0.015780963,0.046216466
0.27983654,0.020106738,0.054879498,0.19451672,0.013081085,0.39297068,0.0021368184,0.013111918,0.029359942,0.030706696
0.31130433,0.06927886,0.029342614,0.24290502,0.009037506,0.3097115,0.0018608948,0.0044074683,0.02215176,0.037755348
0.35945025,0.026306445,0.010903794,0.2089333,0.010272965,0.360717,0.0011466782,0.002900037,0.01936954,0.029984258
0.36044118,0.040862374,0.036290523,0.14411037,0.011208065,0.37420237,0.0017732702,0.014983525,0.016128326,0.0048943087
0.2839285,0.0575498,0.065140836,0.18180983,0.0153274555,0.3566182,0.0017669115,0.02235596,0.015502405,-0.048357807
0.34195942,0.041339878,0.01090267,0.19863883,0.0097961575,0.37685376,0.0010508737,0.012786175,0.006672294,0.014739864
0.35018706,0.053272992,0.007009608,0.18146084,0.010369071,0.38109446,0.0010605392,0.0060486174,0.00949677,0.0008591488
0.3308474,0.06841676,0.015960904,0.2652274,0.0072345585,0.30405053,0.0007228788,0.0014481369,0.0060914466,0.012657866
0.27411982,0.022437114,0.03526483,0.20800948,0.011246698,0.42608172,0.00061479455,0.017434547,0.0047909096,0.04914985
0.31186134,0.048512638,0.03680646,0.16324483,0.012929062,0.3845451,0.0019461942,0.01939815,0.020756252,-0.11889157
0.20700333,0.035670977,0.03153288,0.11023304,0.0072740777,0.5671471,0.0012952599,0.017042378,0.02280099,0.033200033
0.21080141,0.023938257,0.06266534,0.20804815,0.012402965,0.45033967,0.0011006594,0.029723274,0.0009802287,0.045732774
0.2480272,0.020828204,0.05185259,0.12973332,0.015866116,0.482159,0.0023228861,0.018400256,0.030810405,-0.16109356
0.2731739,0.048592143,0.018640473,0.09286824,0.0080591,0.5246312,0.001789575,0.0015500925,0.030695286,0.01648672
0.2966988,0.018505882,0.049320325,0.19825248,0.008931141,0.41250303,0.0013842775,0.0012395516,0.013164531,0.049804084
0.2741061,0.02385509,0.039177988,0.19566238,0.011297488,0.43238443,0.001806755,0.010234566,0.011475231,-0.016350016
0.3298865,0.017263284,0.045169793,0.18536144,0.013543896,0.36822715,0.0019017711,0.011294646,0.027351495,0.011397116
0.38957202,0.0544807,0.006254408,0.18721186,0.008824197,0.32577375,0.0011336297,0.0024462289,0.024303356,0.025375538
0.26988727,0.049514063,0.059303537,0.23911472,0.010588858,0.34879088,0.0011382083,0.013537153,0.008125212,-0.042412847
0.35152805,0.048919726,0.042149566,0.14842556,0.011224099,0.36956653,0.0016955677,0.008017406,0.018473558,0.010442123
0.30469206,0.03282799,0.014313646,0.25386763,0.007221883,0.36956918,0.0010451523,0.003664942,0.012797566,0.019231953
0.27609077,0.051209256,0.05357795,0.16877826,0.013478042,0.39490497,0.0022203808,0.025097031,0.014643381,-0.017635383
0.3061095,0.054456536,0.033072412,0.19908643,0.0132389655,0.3586324,0.0015655736,0.009877346,0.023960846,0.021725811
0.32354808,0.021837832,0.012628926,0.1905303,0.008265069,0.4143484,0.0014439806,0.0048372415,0.022560228,0.026338145
0.32097223,0.02110002,0.042419724,0.21397366,0.011894414,0.35812366,0.0024386537,0.014329433,0.014748159,0.01623375
0.30211627,0.047841832,0.011414513,0.1205777,0.0071370057,0.46395484,4.967191e-05,0.0047469125,0.042161286,0.034575008
0.3113696,0.040909536,0.025548758,0.043467887,0.008178925,0.5377055,0.0001445892,0.004970991,0.027704284,0.034995593
0.20299688,0.07466924,0.027728515,0.101367265,0.008107592,0.5497069,0.0004991225,0.017772013,0.017152501,0.05726377
0.2730682,0.08016371,0.0067543862,0.01539722,0.01212499,0.538793,0.00017709778,0.02388603,0.04963538,0.028032161
0.31613848,0.019094838,0.04206094,0.2285736,0.009106761,0.35486168,0.0007640016,0.007714036,0.021685662,0.039021008
0.21521124,0.02043592,0.04181078,0.17535642,0.008415981,0.50663227,0.0013132804,0.028768046,0.0020560739,0.0478383
0.25636107,0.10262228,0.026650038,0.12727672,0.008179474,0.44972166,0.00081951276,0.004717468,0.023651758,0.026756413
0.3371794,0.042373087,0.02305638,0.007924737,0.008251779,0.5391512,0.00019405532,0.005395227,0.036474194,0.039847277
0.1883832,0.033243243,0.08194712,0.24847682,0.0036852353,0.4216792,0.00033731392,0.013652525,0.008595281,0.0483881
0.24960975,0.035473388,0.05376496,0.19127373,0.004843027,0.4277287,0.0014119577,0.013491502,0.022402909,0.047026522
0.22519994,0.043820843,0.05761422,0.26983845,0.0039254953,0.3872384,0.00047961122,0.0016336888,0.010249381,0.03419564
0.20926678,0.024379587,0.07900213,0.27141052,0.006546446,0.38270172,0.0013385604,0.013498705,0.011855589,0.038630404
0.20773676,0.030298883,0.032171894,0.27529562,0.0060979817,0.40700364,0.0005081355,0.02451507,0.016372038,0.041513517
0.19379848,0.038391154,0.047346458,0.2160966,0.0040887427,0.44770947,0.0008007847,0.030728107,0.021040246,0.04928685
0.24794717,0.038978495,0.03911671,0.28693643,0.003374933,0.36939952,0.00064880226,0.008413014,0.0051849233,0.05447916
0.26176256,0.09012975,0.013731774,0.20469846,0.0027314064,0.4164244,0.0006092103,0.0035623824,0.006350104,0.028012134
0.20241976,0.0896944,0.008145057,0.07973838,0.0029830013,0.57259387,0.0006577945,0.031742997,0.012024814,0.03960844
0.254793,0.044974044,0.017404312,0.18892713,0.003369906,0.44983873,0.00063868065,0.023177395,0.016876847,0.044018008
0.27439973,0.033801634,0.04961193,0.20905969,0.00411221,0.4076025,0.0001424997,0.013489185,0.007780595,0.05341863
0.20451082,0.06237222,0.017665382,0.28098536,0.003928535,0.38970897,0.0018583825,0.016483054,0.022487173,0.022000805
0.2054388,0.036549788,0.07425691,0.2539295,0.0064539695,0.39641157,0.0006979883,0.015443626,0.010817862,0.04181818
0.18898417,0.032309856,0.059145473,0.19802831,0.004341473,0.47847337,0.0011886519,0.028772678,0.008755982,0.0493536
0.23073164,0.042650137,0.06669759,0.19822198,0.0038495278,0.4267991,0.00046885325,0.020543272,0.010037895,0.048588134
0.18311757,0.058505666,0.091753796,0.21413073,0.005016303,0.42243147,0.00023356784,0.01715433,0.0076565593,0.050003603
0.21101955,0.030971058,0.078006245,0.18397944,0.0046146284,0.4552672,0.0008061193,0.02413981,0.011195886,0.04756189
0.1748358,0.03083283,0.04933277,0.2783596,0.0057807607,0.42909294,0.0010263022,0.013827926,0.016911004,0.0484953
0.29883578,0.060153324,0.0035455937,0.1852797,0.0037996548,0.41203514,0.0017064804,0.02340914,0.011235181,0.05438856
0.23732425,0.03577096,0.041999903,0.24679203,0.0059075635,0.3960856,0.0013186093,0.021316603,0.013484483,0.026397452
0.17757832,0.06845851,0.044257354,0.23532403,0.005955127,0.43783775,0.0016119641,0.01460753,0.014369438,0.04251097
0.2272608,0.04286478,0.014867189,0.26155612,0.00447928,0.42544758,0.0010350569,0.017812138,0.0046769604,0.042214394
0.29256594,0.036721528,0.04499007,0.2552918,0.0044560106,0.32332218,0.0009140866,0.019666089,0.022072228,0.046491817
0.3438841,0.05178834,0.03557288,0.104309924,0.0038428595,0.41113937,0.0008822399,0.033531323,0.015048936,0.04612758
0.268107,0.055447802,0.054645404,0.11719063,0.009009969,0.45005456,0.0020095056,0.023702638,0.019832553,0.041770123
0.20154242,0.07757849,0.030690128,0.3135781,0.0038876047,0.3484947,0.00013889541,0.012916884,0.011172729,0.042116113
0.16745883,0.032988325,0.025913589,0.2805729,0.0034061293,0.449687,0.00026096677,0.01651322,0.023199076,0.03951188
0.2539608,0.03836529,0.020271756,0.07435282,0.007701482,0.5786669,0.0013156303,0.019836543,0.005528688,0.049849436
0.22394907,0.02415775,0.027452623,0.28646606,0.0042969463,0.4022022,0.0012858869,0.013382807,0.016806662,0.041978426
0.21246538,0.025893543,0.022247953,0.30507514,0.0038555304,0.3882619,0.0012832144,0.0150692025,0.025848119,0.03693507
0.16282348,0.034403726,0.039771076,0.3001586,0.0054980963,0.43252718,0.0011060814,0.012173601,0.011538146,0.041446365
0.26810086,0.016961433,0.036645822,0.26998067,0.0049344907,0.37868458,0.0016366782,0.020431394,0.0026241953,0.045985453
0.20454238,0.02716151,0.03939061,0.19360617,0.0054284018,0.5032639,0.0017982256,0.015702141,0.00910663,0.05026219
0.22189288,0.042486347,0.07067881,0.24539666,0.006403554,0.3910682,0.0015534468,0.011461232,0.009058941,0.058336772
0.19985144,0.03762554,0.004183244,0.16495103,0.00356556,0.54359716,0.0009442778,0.021995801,0.023285894,0.054815166
0.16940248,0.030557789,0.01060063,0.21858756,0.00178669,0.5104245,0.0009284389,0.025420977,0.032291036,0.03794095
0.20188177,0.050398946,0.039756738,0.14940673,0.004506719,0.5054575,0.0008374947,0.026035339,0.021718724,0.04302918
0.3111726,0.04000213,0.011499379,0.026522141,0.005615167,0.5628344,0.0015293085,0.032136686,0.008688254,0.057569735
0.20573002,0.027871318,0.037317872,0.23950979,0.0037492146,0.4385365,0.0010468926,0.017353699,0.028884662,0.038895182
0.16539627,0.03455157,0.032385748,0.2760799,0.0035812317,0.46288595,0.00073062186,0.012183732,0.012205006,0.044829033
0.18165891,0.036025066,0.03621548,0.15493183,0.0072245407,0.5478246,0.0017032475,0.023147892,0.011268402,0.051634654
0.18572497,0.07274116,0.0415304,0.2845032,0.005405725,0.40327457,0.0012157029,0.002847377,0.0027569497,0.03514128
0.23263161,0.053708766,0.029618448,0.22963761,0.0058327,0.41655958,0.002592176,0.020491041,0.008928043,0.0026255548
0.24465834,0.022822006,0.04904474,0.05033177,0.0035810373,0.5838764,0.0001461492,0.03528772,0.010251909,0.073402606
0.21892923,0.049653523,0.012000357,0.34030962,0.0021904747,0.35699183,0.00020369462,0.0034408413,0.016280424,0.034424
0.3188444,0.03483525,0.00044977217,0.20319213,0.0040631765,0.40088785,0.0021878604,0.006216842,0.029322715,0.01340466
0.16552208,0.041591745,0.060395297,0.21424946,0.0054949317,0.47929385,0.00103443,0.0065446016,0.02587359,0.05353906
0.22915101,0.018407054,0.028737761,0.2801745,0.0033058773,0.39194196,0.0013792488,0.024580836,0.022321751,0.049048804
0.2180365,0.03668921,0.043613233,0.13564508,0.0032058575,0.5029631,0.0010743705,0.032297008,0.026475646,0.042474233
0.2057886,0.0728394,0.05974543,0.23740488,0.004626195,0.3814718,0.0014347334,0.016173128,0.020515827,0.055289246
0.18679062,0.081033126,0.038585335,0.2045266,0.0044480776,0.44438952,0.0014274903,0.01711489,0.021684332,0.049962796
0.2255112,0.03129371,0.027045576,0.15195407,0.0035121439,0.5186562,0.00012127302,0.024097865,0.017808,0.061425127
0.2744189,0.04629543,0.0063640885,0.24487253,0.0048326156,0.39103454,0.0019284487,0.0067649283,0.02348843,0.019563809
0.22967513,0.018122653,0.040768165,0.19790848,0.0033282682,0.47437757,0.0002204124,0.025242556,0.01035685,0.05450078
0.22287895,0.032185946,0.031700823,0.09182257,0.0065710642,0.57075477,0.0020040062,0.019857887,0.022223981,0.04937587
0.26838124,0.022022605,0.055323303,0.16839492,0.0032144566,0.42904422,0.00065639446,0.026103634,0.026859138,0.06382031
0.22154325,0.06919568,0.056006074,0.2423083,0.0051699965,0.38157532,0.0019646036,0.011530464,0.0107063865,0.050523542
0.21636875,0.054971293,0.02407821,0.28049713,0.0041388874,0.38475206,0.00018304987,0.023274088,0.0117365355,0.045608297
0.26522914,0.030630564,0.05657956,0.2982684,0.004600062,0.3286727,0.000636212,0.0033227694,0.012060604,0.065311305
0.21344769,0.021761008,0.039877385,0.30648753,0.0049737366,0.38675687,0.0011800819,0.011805163,0.013710472,0.04595568
0.20470154,0.03444615,0.043678764,0.14062294,0.0051122443,0.53589725,0.00035441856,0.023496086,0.011690553,0.069408335
0.2776163,0.036640972,0.037524734,0.08861823,0.005755381,0.5233418,0.0008077786,0.019966083,0.009728823,0.06617627
0.18856382,0.04427348,0.030578857,0.09613122,0.008639058,0.58293605,0.0007693211,0.024754196,0.023353942,0.05030202
0.2644559,0.028639548,0.023084562,0.21009293,0.0047262344,0.4451045,0.00027097663,0.012582674,0.011042607,0.05446195
0.20200074,0.023056604,0.033831347,0.17732976,0.0049426774,0.5036945,0.0010694789,0.030118098,0.023956768,0.039014474
0.15856363,0.02841397,0.055076472,0.2629771,0.0035182817,0.44672576,0.0009686836,0.0209589,0.022797156,0.049599923
0.29137427,0.031420935,0.025254253,0.28736338,0.004343759,0.34666434,0.0014969143,0.004815535,0.0072666537,0.032704763
0.33344492,0.03247349,0.0056795496,0.12419416,0.005623311,0.44744408,0.0020073531,0.018895855,0.030237237,0.028973311
0.20081934,0.026697539,0.028207092,0.19543502,0.0024601503,0.5033716,9.107327e-05,0.027982125,0.014936012,0.055795945
0.16995764,0.03669681,0.078324944,0.1873257,0.004372108,0.48091298,0.0007732988,0.018553585,0.023082875,0.06486935
0.19309804,0.05158149,0.033292565,0.15742047,0.0027832938,0.50893545,6.409531e-05,0.027633347,0.025191283,0.051508896
0.21721312,0.025973037,0.048425026,0.20724188,0.0038026932,0.44302958,0.0008914705,0.03247058,0.020952607,0.0471747
0.22812143,0.037029773,0.041768204,0.121195816,0.0041269185,0.53144574,0.0010616995,0.022149445,0.013100928,0.04016707
0.20118809,0.049738966,0.013090337,0.2285725,0.0042883945,0.45329675,0.0007311638,0.030736241,0.01835757,0.038185604
0.21998076,0.026465995,0.04516807,0.15429261,0.0034740197,0.50139767,0.0011411938,0.03166014,0.01641961,0.050942004
0.26153305,0.04380306,0.07909577,0.17830355,0.0061339857,0.4072908,0.0010207107,0.018606186,0.0042129345,0.054130636
0.25132543,0.04506211,0.10403159,0.17476009,0.0051538614,0.39400405,0.0012192768,0.007576304,0.016867261,0.059229188
0.23490581,0.03609534,0.060794473,0.14870985,0.004573408,0.46562326,0.0005598636,0.026374571,0.022363493,0.049459703
0.28876212,0.022576416,0.042582348,0.20632902,0.0038129617,0.39530826,0.00033799192,0.021221863,0.019069098,0.05051636
0.30410475,0.044616066,0.047106918,0.016880443,0.0042508226,0.53804255,9.36459e-05,0.037447706,0.00745714,0.053709127
0.24652047,0.047122944,0.09322343,0.18945247,0.0039326306,0.39779928,0.0004291215,0.01553813,0.005981567,0.06799475
0.19809626,0.030138616,0.0635426,0.13861586,0.005898483,0.51428574,0.001060435,0.02763814,0.020723904,0.05343069
0.22773857,0.03510205,0.019640954,0.23111156,0.00463069,0.44567683,0.00038685257,0.018433752,0.01727877,0.046187863
0.19436464,0.04671678,0.025405861,0.32573816,0.0039099925,0.38740942,0.0013537632,0.004587656,0.010513756,0.04213854
0.29163912,0.053155478,0.006605897,0.14463459,0.0042830883,0.46543556,0.00013068898,0.012617189,0.021498473,0.0423567
0.2725087,0.029491149,0.01162321,0.06643266,0.003952974,0.57511187,0.00020528147,0.02984871,0.01082533,0.06829608
0.24123576,0.069039844,6.6655834e-06,0.1288793,0.004374105,0.5086332,0.00019759119,0.025425425,0.022208152,0.06775724
0.17902896,0.051796578,0.032736585,0.2879247,0.0046501746,0.42087042,0.00082446786,0.00742905,0.014739056,0.05467938
0.28399774,0.025984503,0.048707213,0.11978459,0.004441289,0.49175712,0.0010509692,0.01986458,0.0044119954,0.04959763
0.2555278,0.038194623,0.07540974,0.19057907,0.0067173643,0.4081507,0.002276648,0.0061237337,0.01702026,0.026252866
0.1799725,0.061440557,0.03495767,0.12602265,0.00794354,0.5510889,0.0027041594,0.01611595,0.019753968,0.0736827
0.19874276,0.0384399,0.06876618,0.23938249,0.0055443505,0.4088904,0.00079272705,0.0035547158,0.03588652,0.044405244
0.26448143,0.045227226,0.010758906,0.032168683,0.006710249,0.6132309,0.0014749077,0.019094622,0.0068531283,0.042102896
0.22713488,0.03160638,0.05294047,0.13553356,0.0047450163,0.5105783,0.002339988,0.02045563,0.014665875,0.07112982
0.19871747,0.028538154,0.026464773,0.115571775,0.0054832078,0.5601331,0.0026356752,0.03149655,0.030959291,0.07501327
0.25016588,0.032927822,0.036113553,0.20563921,0.0054455944,0.44091013,0.0022290468,0.014453473,0.012115301,0.036459886
0.15959363,0.045506693,0.09385898,0.25388902,0.0051294435,0.41961986,0.0014190929,0.010775306,0.010207983,0.054303996
0.19742298,0.04636718,0.048655532,0.20345446,0.0025016118,0.4709202,0.0007048278,0.020847479,0.009125699,0.054016568
0.20014997,0.07833749,0.035776414,0.12754187,0.005276263,0.5145162,0.0016625645,0.023395538,0.013343727,0.051890038
0.16981071,0.080094635,0.06873789,0.21685994,0.0032557545,0.4061672,0.00036758257,0.024983168,0.029723149,0.051093884
0.1822013,0.060959194,0.061030433,0.2290149,0.003327897,0.42149517,0.0008814504,0.023982875,0.017106757,0.07233613
0.20284507,0.037008844,0.023729013,0.18994547,0.0034936827,0.51116514,0.0007534132,0.008227399,0.022831915,0.053647913
0.22341353,0.038181536,0.043132193,0.14897212,0.004405245,0.5082247,0.00059821754,0.022670439,0.010402017,0.051702358
0.31941313,0.032084793,0.009915849,0.073496215,0.0044032405,0.51177055,0.0004549486,0.017109305,0.031351913,0.05790975
0.1904235,0.03238834,0.0276472,0.14723332,0.004151778,0.5588252,0.00048272058,0.02336276,0.015485229,0.05760946
0.3620957,0.037934717,1.1073211e-05,0.040719636,0.002480625,0.514133,0.00049796037,0.030837545,0.011289726,0.0650358
0.19689237,0.033458415,0.057639375,0.22789067,0.0044209952,0.4448301,0.0010397333,0.01720714,0.016621195,0.04620745
0.20989175,0.04140328,0.014091712,0.22600767,0.0020495746,0.4657676,0.00033833086,0.017371781,0.023078384,0.05615803
0.24471998,0.025404137,0.075456746,0.19342712,0.003816286,0.4234235,0.0009460707,0.0269759,0.005830254,0.07373414
0.2408618,0.021962386,0.0038378057,0.07986949,0.0028362395,0.6020075,0.00086089177,0.02503838,0.022725537,0.06447903
0.1885547,0.025789224,0.014332258,0.16413882,0.00237414,0.5788807,0.0005288328,0.018171787,0.0072294557,0.054552235
0.18393672,0.05805786,0.06476464,0.3004798,0.0041193566,0.37262303,0.0010804506,0.010583095,0.0043551065,0.04921267
0.13895935,0.13287953,0.030571308,0.16108963,0.003936533,0.49251696,0.0020876098,0.025133353,0.012825663,0.062402703
0.193062,0.025651775,0.04339726,0.16534843,0.003961531,0.51720315,0.0009598671,0.03049688,0.019919092,0.051475145
0.23739366,0.035214216,0.037019804,0.10099381,0.005565266,0.5507229,0.0005289818,0.020730864,0.011830547,0.061704732
0.21030526,0.06883002,0.04620687,0.21333821,0.005928732,0.42094433,0.0011323553,0.014608396,0.018705804,0.057086475
0.16176566,0.043909762,0.031095412,0.17255512,0.003597041,0.5431709,0.00011807119,0.026550796,0.017237233,0.04986926
0.224395,0.027935548,0.055229217,0.21171127,0.0029733102,0.43771964,0.00042275625,0.015781429,0.02383181,0.06641466
0.24200235,0.024550436,0.023525305,0.25807855,0.0037256957,0.4055934,0.00093280495,0.025684236,0.015907107,0.045310624
0.28821796,0.07509895,0.00085849816,0.03376644,0.007785984,0.55113894,0.0004561563,0.008205272,0.034471765,0.06013239
0.2266729,0.031255692,0.054675676,0.14032559,0.005122709,0.48913267,0.00064020697,0.030988935,0.02118562,0.057661764
0.18380442,0.04885218,0.056361903,0.19186157,0.0045692953,0.47045985,0.0012320811,0.020694636,0.022164097,0.0497638
0.22829285,0.024226235,0.08347265,0.19514586,0.005435687,0.4323348,0.0010139004,0.0058329827,0.024245001,0.047468923
0.20228687,0.033843692,0.030306736,0.104169115,0.0060387803,0.56613445,0.00031181925,0.019741198,0.037167326,0.046406858
0.19613501,0.07780928,0.02227861,0.19296025,0.0031341065,0.46809247,0.00088245276,0.02323885,0.015468879,0.060040183
0.22112386,0.046509143,0.0044146082,0.00026189975,0.0040304954,0.67650515,0.0013213806,0.037455942,0.008377624,0.05781973
0.20813063,0.066360444,0.03854516,0.13289857,0.0039954414,0.51465225,0.0007226917,0.017418187,0.0172766,0.04909668
0.22591099,0.053850316,0.00021081312,0.033094373,0.00613648,0.6344699,0.0021524006,0.034786806,0.009387949,0.06598958
0.3650605,0.07707012,0.011427191,0.025911015,0.0039549614,0.4925188,0.00049049273,0.0041469503,0.019419948,0.059678055
0.20764272,0.06608085,0.011542915,0.201906,0.0048696967,0.4597369,0.00037614722,0.01630151,0.031543266,0.055852495
0.26261833,0.042072006,0.019308478,0.25534213,0.004878759,0.39676562,0.0015418748,0.003532589,0.013940135,0.053821184
0.2220376,0.03610018,0.00751455,0.08088492,0.006169304,0.6087067,0.0005389082,0.022622162,0.015425655,0.06221632
0.22738321,0.033063807,0.03686255,0.19473237,0.005092195,0.4636982,5.668539e-05,0.013812628,0.025298387,0.06496272
0.2477824,0.04070754,0.04409608,0.09502189,0.0058886474,0.5207345,0.0014736183,0.007423035,0.036872298,0.071750544
0.25324717,0.025631629,0.035259046,0.1487524,0.004565495,0.48949474,0.0009066782,0.022588357,0.019554492,0.037905946
0.21157306,0.02653372,0.019777615,0.23328428,0.0065566795,0.4664412,0.003007426,0.010901421,0.02192457,0.0089371875
0.24747902,0.036407467,0.007831432,0.2648841,0.0040164148,0.41688955,0.001201732,0.011724926,0.0095652975,0.033048004
0.2411994,0.016862946,0.028575243,0.29922542,0.0047802413,0.38200754,0.0018983083,0.008330245,0.017120706,0.02785293
0.23608002,0.03533154,0.002646005,0.24984224,0.0033903136,0.43904322,0.0021499072,0.012055285,0.019461501,0.024927638
0.23804602,0.020876806,0.042353,0.16880569,0.006118637,0.4840815,0.0022347982,0.016451323,0.021032277,0.04162009
0.269801,0.031161275,0.014019108,0.21922831,0.004190941,0.43066984,0.0025773477,0.015110133,0.013242056,0.032972716
0.24617124,0.02458737,0.02627535,0.27769828,0.005231137,0.3927644,0.0017249914,0.011552189,0.013995066,0.03269905
0.20973155,0.05747865,0.02579112,0.31360525,0.003346691,0.3624639,0.00076088205,0.015337956,0.011484048,0.03184297
0.21470077,0.06159552,0.025945202,0.33408523,0.004840034,0.3442844,0.0014356287,0.005581481,0.0075316983,0.036414765
0.23571035,0.06565158,0.024325233,0.3349493,0.004648175,0.32641956,0.0011794592,0.0011194536,0.0059968675,0.025490679
0.24107696,0.04994631,0.0040054442,0.31353235,0.002795901,0.35193732,0.00103199,0.020587295,0.015086369,0.035112396
0.1770799,0.02186132,0.048262052,0.24221966,0.006100507,0.45780367,0.0014531217,0.024455987,0.02076375,-0.0035770908
0.2109599,0.03303514,0.008645521,0.25582162,0.0028828692,0.42836556,0.00045145088,0.030679148,0.029158754,0.033587
0.21744663,0.028398702,0.013722931,0.24935083,0.0030911495,0.44220605,0.0005821911,0.028615605,0.01658595,0.03558267
0.18920876,0.05747622,0.041737117,0.2877465,0.006382296,0.40245914,0.0012305465,0.008699077,0.005060299,0.036950275
0.2204949,0.061721906,0.011609735,0.2986995,0.004728365,0.35694635,0.001282785,0.016827693,0.02768885,0.040814884
0.18464752,0.026966184,0.041115567,0.30385026,0.0041748267,0.39866444,0.0015136271,0.020435134,0.018632416,0.037602447
0.19861262,0.045773096,0.040175993,0.23346671,0.006233444,0.4320356,0.0014441712,0.019438988,0.02281931,0.040150024
0.23891713,0.031322293,0.024574682,0.12403102,0.006445653,0.5579834,0.0010875644,0.0089769075,0.006661313,0.038389377
0.18638335,0.07233632,0.0055395835,0.26305845,0.003902531,0.43537205,0.0011164384,0.01310691,0.019184344,0.038352154
0.21474566,0.061350785,0.04902057,0.22113535,0.00572556,0.4171148,0.0021411222,0.018100383,0.010665822,0.010935076
0.1926707,0.045970123,0.020384634,0.2876052,0.00468864,0.42426094,0.0013345317,0.0028841805,0.020200975,0.032188706
0.30669636,0.02196854,0.0064230813,0.23078701,0.0047599687,0.40901795,0.0014087376,0.015833683,0.003104675,0.034383453
0.21776432,0.031601377,0.033519335,0.19625147,0.0032513724,0.467429,0.0009980852,0.02813072,0.0210544,0.035955966
0.27148625,0.032553762,0.008644426,0.24041274,0.0032224422,0.42136338,0.0012554012,0.0141233625,0.006938204,0.043613687
0.25440216,0.018419655,0.024948463,0.28496847,0.004951047,0.38411617,0.0020508992,0.008766502,0.017376602,0.02666562
0.2224729,0.078751154,0.020532582,0.25107148,0.0046914467,0.3998028,0.001217763,0.0015444412,0.01991533,0.022663973
0.2555422,0.043017946,0.0019124507,0.2899734,0.0019782141,0.36677745,0.0019334288,0.0065214755,0.032343443,0.031828605
0.26181918,0.028150458,0.031289883,0.24518357,0.0051070973,0.41142797,0.0013550662,0.0018953484,0.013771439,0.0350051
0.2876831,0.034042843,0.0007910764,0.245528,0.0036045352,0.39021125,0.002317674,0.00872695,0.027094563,0.011625223
0.24738184,0.027869403,0.023876153,0.3021369,0.0050727557,0.37845573,0.0013879811,0.005696721,0.008122519,0.037609763
0.23517944,0.028434204,0.019758714,0.29484326,0.00416758,0.39923358,0.0012445258,0.01025606,0.0068825916,0.04323732
0.26699528,0.015248793,0.0001555077,0.21167412,0.0035802817,0.46693602,0.0018148747,0.016251424,0.017343692,0.03567093
0.20195894,0.026227966,0.030696075,0.29606897,0.0049195983,0.40515196,0.0018692743,0.021244265,0.011862906,0.030117564
0.18357374,0.024302505,0.019314911,0.29045397,0.0039205747,0.44745496,0.0010374493,0.016867995,0.013073863,0.0382369
0.28399983,0.052037768,0.019293308,0.23950744,0.004400334,0.38046232,0.0015184107,0.0018808788,0.016899694,0.03589838
0.26247096,0.022936678,0.02945951,0.2339408,0.004866573,0.41188726,0.0012892903,0.019331452,0.013817499,0.043246873
0.21658336,0.03973408,0.027753752,0.27632746,0.005712402,0.41224888,0.0023423657,0.0075604096,0.011737324,0.031522386
0.20190948,0.053833447,0.05822592,0.041577775,0.0045023942,0.5847268,0.0012295363,0.027454102,0.026540406,0.05613193
0.2900186,0.050607365,0.01925145,0.13355377,0.006059296,0.4671046,0.0010405671,0.013675014,0.018689346,0.060530044
0.35290545,0.040092934,0.07189708,0.18711847,0.0041916533,0.32236958,0.0011397955,0.016731802,0.003553328,0.055933096
0.23714373,0.035891052,0.03388031,0.28601888,0.0026511238,0.37504178,0.0010768984,0.0150278015,0.013268464,0.051324867
0.21667835,0.037084278,0.00076701667,0.27114692,0.002144727,0.44893107,0.0006327847,0.0069515235,0.015663346,0.029009454
0.27556098,0.051704116,0.028021513,0.13834934,0.0024318385,0.46531603,9.863177e-05,0.010602516,0.027914966,0.05823473
0.2759547,0.08469852,0.024508398,0.011264767,0.0060837874,0.5629195,6.56071e-06,0.016450474,0.018113265,0.05768869
0.37791228,0.026302876,0.005744592,0.08640616,0.0047910702,0.4660981,0.0009990473,0.0077413507,0.024004528,0.048314683
0.2196869,0.09231046,0.010784029,0.21912153,0.00404811,0.4140905,4.571576e-05,0.010919873,0.02899289,0.022344016
0.21855216,0.07777485,0.014370902,0.16354339,0.0053984267,0.47864553,0.001382654,0.0021314623,0.03820066,0.017491601
0.304304,0.05353668,0.063958324,0.14323545,0.004251569,0.40069705,0.0012010252,0.0060848156,0.022731127,0.0152435675
0.26070878,0.15797801,0.046444427,0.037417497,0.0074240062,0.44254944,0.0007989043,0.018424107,0.028254796,0.025477685
0.22485915,0.07639313,0.017907,0.08070254,0.009283258,0.5501307,0.00046817414,0.00269596,0.03756009,0.012092799
0.17427598,0.056037284,0.061631892,0.23890522,0.004732958,0.42379004,0.00045046094,0.0038649435,0.0363112,0.020345107
0.2659005,0.10843613,0.063427605,0.18129112,0.004111569,0.3468549,0.000423184,0.008430945,0.021124057,-0.0035253093
0.19383076,0.13159658,0.04329638,0.17740579,0.008248359,0.3959248,0.00037479366,0.0043759737,0.04494656,0.036597095
0.27240738,0.13185552,0.08298888,0.014103242,0.006143077,0.42737904,0.00072467024,0.001988325,0.062409803,0.024625897
0.2369082,0.11951334,0.10493158,0.017556263,0.0044351015,0.46393394,0.0010157448,0.0017794895,0.04992625,0.0050979927
0.19820651,0.11402013,0.019364983,0.23845969,0.0056783115,0.38459966,0.000260566,0.0069472636,0.032462876,0.007905863
0.29671338,0.097957805,0.0704962,0.036175746,0.0075419834,0.4319789,0.00204635,0.01470501,0.04238451,0.025500469
0.25244316,0.08688506,0.062035546,0.105709076,0.0062783863,0.44377154,0.0021476098,0.005367024,0.035362653,0.015680417
0.34250775,0.05789548,0.05726585,0.003736117,0.0071723256,0.47356355,0.0012956479,0.012158224,0.044405013,0.030654483
0.24069133,0.104741864,0.084344015,0.03190556,0.010275633,0.4766475,0.0009062733,0.0072261035,0.043261748,0.019504212
0.23097235,0.120681725,0.12467874,0.028847476,0.009242837,0.44966933,0.00041928445,0.008619939,0.026868286,0.025251962
0.2653495,0.058906436,0.05831251,0.026460288,0.0053218305,0.5472679,0.002073757,0.0015465049,0.03476129,0.029884987
0.2611997,0.14360955,0.05023685,0.045299377,0.005363797,0.45393667,0.0024171106,0.008337699,0.02959922,0.016170375
0.3063859,0.069922514,0.067274295,0.1505459,0.0039538615,0.35294536,0.00024085969,0.00528353,0.04344766,0.020950876
0.23827575,0.08373801,0.045307048,0.12846981,0.004649156,0.45615086,0.00013391755,0.0033645476,0.03991096,0.022006355
0.24797873,0.1143602,0.03445151,0.21258505,0.0052825413,0.35465133,0.00020612933,0.0014845507,0.028999975,0.0011534467
0.3259888,0.09388295,0.076078214,0.061597392,0.0047078105,0.39207762,0.00078626943,0.003988463,0.040892508,0.0009011999
0.26151422,0.093495816,0.10443774,0.05645981,0.005737763,0.41891342,0.0006410859,0.0026585395,0.056141566,0.013564162
0.24847037,0.08915566,0.11109926,0.0494872,0.0062963353,0.43452168,0.0014793443,0.007363777,0.052126415,0.025596581
0.19039582,0.148906,0.13145728,0.034998976,0.004893138,0.43689898,0.0011153695,0.0028231826,0.048511166,0.03904505
0.17881404,0.0968345,0.07361793,0.1650048,0.006064588,0.41165543,0.00064060907,0.0021219004,0.065246224,0.015083544
0.30931208,0.08778542,0.036340844,0.17894985,0.003486287,0.3388281,0.0001624791,0.0041803136,0.040954623,0.01198215
0.3229902,0.05752968,0.05885792,0.2024744,0.005171503,0.3292784,0.00077045476,0.0021787542,0.020748664,0.008519299
0.24771613,0.08956235,0.015268444,0.22631685,0.004502236,0.40605938,0.00035819176,0.004052294,0.006164153,0.019096948
0.29138345,0.0998726,0.03804251,0.19584182,0.0036022884,0.33873224,0.0002719799,0.0018138391,0.030439284,0.014850579
0.285491,0.06828247,0.008282913,0.2909826,0.004983685,0.31826395,0.0002990838,0.0069528027,0.01646154,-0.023050334
0.29332024,0.06857505,0.05705695,0.18108836,0.005040728,0.37032908,0.00063956477,0.0018181902,0.022131747,0.0163972
0.23635457,0.119021334,0.12826778,0.008723467,0.006834849,0.45646665,0.0025763004,0.00379972,0.03795534,0.022886232
0.25978553,0.07428051,0.036118355,0.2572429,0.004551479,0.3462789,2.0040534e-06,0.009110496,0.012629769,-0.02208732
0.25527832,0.064289615,0.063132904,0.15709727,0.005966253,0.43142617,8.926966e-05,0.0033977597,0.019322488,0.027314968
0.21103723,0.09445579,0.03014904,0.019354107,0.007063761,0.5739778,0.0017599885,0.012740299,0.049461942,0.04208214
0.35125977,0.07363707,0.048330337,0.15050972,0.0047078826,0.34552357,9.727896e-06,0.000843984,0.025177972,0.03175386
0.2867112,0.16023855,0.08972599,0.017049773,0.0046098204,0.396742,0.0016988933,0.007945443,0.035278328,0.057155006
0.27756825,0.081130505,0.03128562,0.23852478,0.0040496904,0.34136423,1.0871414e-05,0.0020108358,0.024055265,0.018709742
0.2639439,0.11280807,0.027094726,0.07619539,0.0065458305,0.45500633,0.001236259,0.003897064,0.0532724,0.028718762
0.24139279,0.13933374,0.04983072,0.15719722,0.005818859,0.36423168,9.673545e-05,0.002845413,0.039252788,-0.029390968
0.20069917,0.09647469,0.07571303,0.053597346,0.0071105594,0.51735574,0.0013993678,0.0014858157,0.0461643,0.0177745
0.17713854,0.106987424,0.046077162,0.13435313,0.0071215853,0.4949742,0.0007687516,0.0014362748,0.031142978,0.028442673
0.21697018,0.10389535,0.050818615,0.15996881,0.006084827,0.42112833,0.00078228343,0.0034539485,0.036897656,0.042782865
0.2554808,0.08781414,0.061796617,0.14755978,0.0065071727,0.38369423,0.00018786082,0.0062055183,0.05075384,0.02957265
0.22008239,0.0753536,0.050945282,0.11885572,0.008015176,0.48940277,0.0020306865,0.0016679713,0.033646367,0.047321267
0.30346382,0.06393417,0.027273525,0.12639183,0.008755173,0.4417697,0.0007896887,0.009683686,0.017938426,0.012638189
0.2391478,0.07520702,0.02020169,0.24760288,0.0040670643,0.35585406,0.0010622926,0.012621128,0.04423613,-0.0048551336
0.24035202,0.05443547,0.010204748,0.22541934,0.0052539376,0.42880297,0.0014851427,0.0034207697,0.030625582,0.034317516
0.24703056,0.08249311,0.016795907,0.24679601,0.005988255,0.37307093,0.0007174961,0.0065670586,0.020540675,0.015520386
0.22840573,0.090130664,0.14317039,0.0031153967,0.0077390224,0.48366794,0.000515795,0.0019028893,0.041352175,0.033829607
0.25315616,0.08944718,0.073426284,0.19716908,0.0035283195,0.34650207,0.0005709327,0.014829875,0.021370132,-0.020086296
0.24923207,0.07644429,0.011297759,0.24796398,0.0064737466,0.36193505,7.641075e-05,0.008887095,0.0376896,0.023211181
0.24750815,0.06797344,0.07599256,0.23480089,0.0068255137,0.33840743,0.0005335024,0.0076026637,0.020355804,-0.015776724
0.33586416,0.08456803,0.010215099,0.16754167,0.007931833,0.36316216,6.5163564e-05,0.011706361,0.018945573,-0.08471753
